game_id,bgg_id,name,num_all_matches,num_connected_matches,num_all_players,num_connected_players,num_regular_players,num_max_matches,two_player_only,elo_k,std_dev,p_deterministic
2435,374134,Chandigarh,738,471,967,487,2,29,false,150.2,474.2,0.91
2838,460984,Déjà Vu,365,194,336,107,2,56,true,122.7,461.5,0.91
2417,102881,Trench,2124,1612,1168,495,17,249,true,125.4,443.0,0.9
2015,303734,Golems,165,96,138,37,3,45,true,150.3,416.2,0.89
1059,214910,Tiki,585,234,635,136,2,35,true,119.2,409.2,0.88
2249,322626,Àiyé,872,538,1051,484,2,47,false,144.7,365.1,0.86
2803,362164,Pioneer Rails,616,379,658,297,2,30,false,107.3,353.0,0.86
1359,526,Abalone,10104,7902,5359,2659,70,2208,true,137.7,345.9,0.85
2556,439520,Dragonarium,2855,1480,3444,1161,11,76,false,141.4,332.0,0.84
1731,368733,Roll Into Town,5000,3082,4394,1864,34,343,false,158.4,329.9,0.84
2664,408859,Garden Geckos,359,232,406,181,4,39,false,108.9,321.6,0.83
1960,406518,Quattuor Reges,1994,1519,1012,419,31,101,true,107.5,306.3,0.82
1896,2065,Shogi,14683,7307,8745,2138,107,342,true,132.8,296.5,0.81
1512,318702,Tumbleweed,8591,7294,2856,1475,109,1368,true,98.3,278.3,0.8
1578,30936,Oust,7763,6011,2174,943,79,1405,true,98.6,277.9,0.8
1081,188,Go,107458,78440,55809,24633,1103,1626,true,118.2,277.5,0.8
1150,20782,Siam,2876,1154,1779,498,12,100,true,119.0,272.4,0.79
32,10527,Gygès,1101,754,295,148,19,148,true,109.3,269.2,0.79
1683,67080,Flume,4311,2599,2509,802,39,451,true,104.0,268.8,0.79
1007,4112,Hex,114291,87763,33680,15806,1101,5972,true,103.1,267.7,0.79
1598,311725,Dice Theme Park,6180,3757,7264,3018,42,306,false,148.9,267.5,0.79
1596,74129,Fractal,10075,6442,3841,1542,93,533,true,120.6,267.5,0.79
1504,331666,Zola,4191,2932,2656,999,43,406,true,95.9,267.1,0.78
tennis_wta,,Tennis_Wta,751965,751949,30045,30013,8352,1735,true,65.6,264.9,0.78
1256,252544,Dice Summoners,4126,1354,3518,556,19,96,true,106.8,263.9,0.78
1651,333775,Meridians,8191,6155,3529,1564,92,437,true,83.6,263.7,0.78
1968,19253,Mate,1104,670,846,295,9,89,true,100.6,263.3,0.78
29,18602,Caylus,91004,81624,37492,24030,1169,2061,false,107.1,263.1,0.78
1515,14634,Homeworlds,14958,13360,3728,2102,195,1418,true,89.4,261.3,0.78
2719,447589,Jackpot: Set the Reel,5879,4038,5836,2611,40,239,false,115.3,259.9,0.78
1157,182274,NXS,7921,5253,5732,1797,67,412,true,93.8,258.6,0.77
1814,355467,Envelopes of Cash,3025,2219,2541,1157,35,222,false,117.3,258.4,0.77
1280,250725,Thrive,4151,2396,3099,1060,30,280,true,97.6,256.7,0.77
74,26952,Checkers,469465,371694,185973,84225,2932,11774,true,72.4,256.4,0.77
1846,392492,Stupor Mundi,11829,9720,7651,4827,143,369,false,119.9,254.1,0.77
1600,364343,Strands,5863,4745,1096,545,75,1111,true,69.0,252.8,0.77
1794,7388989,Expeditions: Around the World,34371,30371,12006,6448,377,2090,false,74.0,251.3,0.77
1388,121073,Panic Lab,19555,8478,19471,5036,110,335,false,119.6,251.3,0.77
2327,302385,Natural Chaos,2364,977,2616,659,11,72,true,95.4,250.0,0.76
2274,437821,Sir Ocelot's cave,6238,3945,4662,1885,37,206,true,88.2,249.6,0.76
1973,379706,Quartermaster General: East Front,17400,14714,6336,2948,231,2002,true,96.0,248.6,0.76
1034,12995,Dungeon Twister,47847,41748,13313,5824,443,2686,true,66.9,246.7,0.76
1608,358196,Lifeline,7383,4136,3972,1380,49,461,true,75.6,246.2,0.76
football_international,,Football_International,48849,48846,333,330,254,1097,true,37.7,244.7,0.76
1715,218603,Photosynthesis,60798,47333,36342,19231,663,1087,false,104.9,244.0,0.76
1031,2393,Xiangqi,61846,38991,32283,11624,554,1146,true,103.7,243.8,0.76
2525,452211,Movers & Shakers,5915,4419,4905,2760,59,210,false,131.8,243.3,0.76
2484,336933,Elongo,3089,2075,2469,942,29,156,false,118.0,243.1,0.76
2458,447776,The Game Makers,7300,5201,5829,3039,89,203,false,128.3,242.9,0.76
2173,2955,Mexica,1780,1201,2285,1238,16,132,false,149.7,242.8,0.76
1427,240567,Chocolate Factory,2240,1396,1657,674,26,244,false,105.4,242.4,0.76
1042,95527,Madeira,14012,11872,8140,5140,241,362,false,131.4,241.2,0.75
81,171,Chess,602456,549493,94288,54805,5087,31034,true,60.6,241.1,0.75
1820,304783,Hadrian's Wall,53529,47539,16624,10819,913,1166,false,92.3,240.8,0.75
2440,527,GIPF,1908,1219,1129,527,12,84,true,96.5,240.7,0.75
2555,,2555,986,588,562,231,7,104,true,93.9,240.2,0.75
2444,364012,Wana,1169,471,670,143,7,159,true,84.5,240.1,0.75
1853,298130,Amalfi - Renaissance,12608,10947,6861,4497,184,675,false,114.0,238.7,0.75
1226,5236,Yin Yang,8796,6884,3491,1111,106,372,true,63.9,235.8,0.75
1549,191203,Commander Chess,19675,18164,8298,6393,244,697,true,90.3,235.1,0.74
1736,355433,boop.,291840,219559,102046,47426,2889,5804,true,84.2,234.3,0.74
1482,177736,A Feast for Odin,273207,250643,58454,42018,5042,2897,false,93.2,234.1,0.74
1465,187959,Sensei,12866,7567,5685,2060,104,327,true,81.0,233.6,0.74
1019,43152,Assyria,7178,5460,4635,2007,127,500,false,102.1,233.2,0.74
1121,177678,Signorie,25898,23608,9091,6181,505,905,false,98.8,232.9,0.74
1486,329591,Ultimate Railroads,61886,54549,21817,15578,1245,764,false,112.2,232.3,0.74
2699,397747,Speculaas,542,359,567,272,2,83,false,53.5,230.7,0.74
1822,381429,Dobble Connect,32767,20835,24207,8722,343,1141,false,93.5,229.2,0.74
1171,151224,Veletas,10354,7826,4312,1834,130,671,true,80.2,229.2,0.74
1137,249095,Blooms,25070,20724,9049,4641,282,802,true,83.4,229.2,0.74
2531,408236,APEX,272,144,461,172,2,59,false,124.9,228.4,0.74
2001,244711,Newton,7235,5978,4133,2632,88,324,false,97.2,228.1,0.74
2191,419793,Pyramido: Forgotten Treasures,10788,8393,6944,3667,96,1456,false,90.5,227.9,0.74
2121,157354,Five Tribes,72989,62362,32943,21676,1093,1134,false,97.2,226.3,0.73
2141,399806,Karvi,8536,6530,5725,3374,102,348,false,115.4,225.1,0.73
1811,356485,AOC: Age of Champagne,5077,3627,3607,1755,58,370,false,108.0,224.6,0.73
1522,163642,Chimera Station,4123,3123,3083,1641,43,238,false,118.3,224.2,0.73
2112,23953,Gamme Logic,238877,213527,41056,23092,3908,3842,false,65.7,223.9,0.73
1410,154086,Gold West,10568,8114,6291,3374,119,336,false,90.5,223.9,0.73
1581,22790,Cephalopod,4862,3461,2718,1161,46,243,true,92.6,223.6,0.73
1318,55131,Murus Gallicus,5829,4618,2172,1032,77,555,true,77.8,223.2,0.73
2579,408636,Skara Brae,11859,9114,7452,3971,157,214,false,86.5,222.8,0.73
1135,161226,The Builders: Antiquity,79522,67707,21765,12149,1029,2016,false,69.4,222.7,0.73
80,126163,Tzolk'in,557695,532433,98514,70963,7157,8573,false,61.1,221.1,0.73
1468,63268,Spot it,602462,479988,230128,125056,7520,5112,false,79.7,220.1,0.73
1298,325413,ONE,7723,4383,7013,1858,38,541,false,75.3,219.9,0.72
1134,130390,The Ruhr: A Story of Coal Trade,5771,4472,4293,2171,81,332,false,99.5,219.9,0.72
2213,327082,Garden Rush,13497,9845,8098,4130,102,221,true,90.3,217.1,0.72
35,2389,Reversi,578954,458686,174429,77576,5108,11722,true,63.8,216.9,0.72
2511,450708,Reef Gardens,5628,4012,4874,2493,36,99,false,86.8,215.8,0.72
1547,170624,Crusaders: Thy Will Be Done,25810,21372,14198,8614,392,656,false,93.9,214.6,0.71
1630,,Reflection,159102,128335,35541,17008,2191,5600,false,75.0,214.4,0.71
1287,310873,Carnegie,73357,65305,30928,22151,1299,1228,false,102.4,214.4,0.71
1849,379633,Humanity,3062,2161,3052,1467,20,102,false,126.2,213.7,0.71
tennis_atp,,Tennis_Atp,941642,941631,34062,34040,8777,1603,true,47.6,213.4,0.71
1901,368058,The Wolves,35704,30425,20115,11676,607,1367,false,102.7,212.4,0.71
1086,144733,Russian Railroads,240363,228125,52647,38897,4339,4498,false,83.1,212.1,0.71
1149,184730,Circle of Life,26580,21603,10640,5940,297,944,true,78.0,212.0,0.71
1411,298619,15 Days,357,185,331,104,6,34,false,117.2,211.6,0.71
1904,276025,Maracaibo,63481,56893,20784,15290,1454,638,false,100.7,211.2,0.71
1434,288648,Canosa,4811,3081,3244,1222,39,360,true,83.5,210.3,0.71
1664,102794,Caverna,81772,67319,38596,24573,1572,1342,false,106.4,210.0,0.71
1139,29525,Ponte del Diavolo,27848,23393,8858,3843,258,6228,true,61.1,210.0,0.71
2055,314106,Resolve,4463,2958,2615,1261,34,152,true,69.2,209.8,0.71
1623,8122,Konane,3211,1864,2206,721,30,202,true,71.1,209.4,0.71
1501,,Silo,7097,4128,3934,1216,60,213,true,77.4,209.3,0.71
2330,274841,Cóatl,11330,8678,7139,3856,112,364,false,88.6,208.9,0.71
2125,322289,Darwin's Journey,128219,119887,32296,24741,2940,878,false,87.8,208.2,0.7
2662,350316,Wayfarers of the South Tigris,8145,6908,4926,3216,98,240,false,104.4,207.8,0.7
2629,9216,Goa,3692,2350,5273,2656,17,76,false,132.0,206.8,0.7
2163,372831,Potions of Azerland,4576,2680,5542,2344,18,104,false,84.6,206.3,0.7
1593,269766,Soulaween,18834,9477,10548,2920,122,421,true,71.9,206.3,0.7
2601,426513,Emberleaf,12372,9454,9548,5627,128,272,false,113.7,206.1,0.7
2472,16986,Ubongo,64116,50684,29748,15356,862,1056,false,77.2,206.1,0.7
2449,315766,Call of Katulhu,2117,825,2094,434,9,60,true,81.6,205.6,0.7
1100,140620,Lewis & Clark,72319,65158,25350,16191,1038,2082,false,77.7,205.3,0.7
2376,418388,Stem & Branch,4579,3144,3284,1425,42,249,false,72.7,204.8,0.7
1269,300305,Nanga Parbat,17657,13107,8299,3749,174,1002,true,61.6,204.3,0.7
2120,164928,Orléans,95908,86729,35728,26901,1650,897,false,86.5,204.2,0.7
2363,406231,Kikai - Bricolage Heads,5017,3808,2733,1251,63,208,true,88.9,204.1,0.7
1672,103184,The Gnomes of Zavandor,4174,2859,2987,1283,21,987,false,66.4,204.0,0.7
1389,320505,Mattock,6105,3874,4219,1429,62,370,true,91.0,204.0,0.7
1247,300700,Quetzal,20117,14544,15795,7563,201,691,false,89.1,203.5,0.7
2415,154203,Imperial Settlers,20804,17000,12518,6792,223,831,false,87.1,203.4,0.7
1091,3406,Lines of Action,1674,1381,684,384,31,110,true,76.7,203.2,0.7
2252,424785,Crafting the Cosmos,9454,7295,5627,2897,109,362,false,72.1,203.0,0.7
1867,300877,New York Zoo,69707,59160,28970,16151,1034,1309,false,73.1,202.8,0.7
1488,84419,Space Empires: 4X,16033,13387,6949,3801,267,451,false,101.5,202.6,0.7
1220,22847,Connect6,74181,55302,21787,8863,833,1518,true,59.3,202.6,0.7
2614,400366,Wondrous Creatures,51176,45114,20240,12924,761,524,false,74.7,202.1,0.7
2389,330152,Nature,5525,3162,6663,2616,32,147,false,103.8,201.6,0.69
1702,349408,Lielow,11204,8400,3941,2226,127,433,true,69.5,200.9,0.69
2471,396790,Nucleum,28289,25982,11191,8535,572,593,false,96.0,200.6,0.69
2269,424573,Pergola,42121,37174,13818,8773,687,1495,false,82.9,200.3,0.69
1650,354842,Drones vs Seagulls,6735,3930,4281,1323,45,438,true,73.6,199.7,0.69
1408,313963,Cloud City,30318,21840,18862,8235,323,593,false,67.2,199.6,0.69
1806,307379,Trike,16600,11302,5966,2701,194,338,true,65.0,199.3,0.69
2402,391137,Galactic Cruise,59818,53371,23152,15995,1297,547,false,99.8,199.2,0.69
2110,415938,Inori,1209,885,929,521,11,87,false,132.1,199.0,0.69
2773,379928,Fall of Lumen,375,291,342,186,4,43,false,111.2,198.9,0.69
1080,154809,Nippon,39915,34722,18662,11985,739,967,false,103.2,198.8,0.69
1920,356554,Flip Freighters,12563,9578,5894,2704,145,1045,false,70.1,198.1,0.69
1306,245222,Squadro,83820,44729,40624,11042,588,3121,true,59.3,198.1,0.69
43,624,Quoridor,602434,496508,147515,66600,4997,17429,false,47.9,198.0,0.69
2390,446226,Carpniches,1072,557,533,170,11,130,true,79.6,197.6,0.69
1088,6121,Tablut,13852,8461,6638,2445,121,628,true,71.2,197.5,0.69
1675,279135,Cat Café,32717,24278,19211,8294,387,554,false,71.8,196.5,0.69
1484,341233,Almadi,24176,21624,7650,4496,355,1641,false,59.5,196.3,0.68
5,394,Kahuna,122270,98695,41150,18554,1046,7106,true,54.6,196.3,0.68
1792,369548,After Us,81486,73603,25074,16672,1388,2007,false,75.1,196.0,0.68
2219,325421,Nibble,4987,3190,2041,903,47,247,true,54.5,195.9,0.68
1619,249259,War Chest,68770,64184,10036,6149,906,1438,false,56.8,195.7,0.68
15,29934,Amyitis,9201,7683,4436,2302,126,1695,false,74.7,195.6,0.68
2228,397385,Pirates of Maracaibo,47208,41204,16450,11336,903,1086,false,81.9,195.5,0.68
1103,144553,The Builders: Middle Ages,346132,328435,45968,32394,4041,7712,false,46.7,195.2,0.68
1032,122515,Keyflower,74874,63851,42687,25658,979,1842,false,79.8,195.1,0.68
2100,413260,Botanicus,41910,35671,17058,10504,722,629,false,82.4,194.2,0.68
2427,429580,Skirmish: Battle for Draconia,1241,828,721,258,12,250,true,59.3,193.6,0.68
2164,431305,Great Western Trail: El Paso,27763,23260,15438,9137,333,435,false,85.0,193.6,0.68
1284,97207,Dungeon Petz,22938,16906,17621,8641,308,852,false,90.5,193.6,0.68
2375,124361,Concordia,58990,50139,33585,22031,882,713,false,89.3,193.4,0.68
1548,269595,Copenhagen,336059,315956,47013,30888,4198,6234,false,46.4,192.8,0.68
1866,378001,Moon River,14163,10675,10071,5211,155,413,false,87.6,192.2,0.68
1087,3886,Nine Men's Morris,228410,188843,69292,35421,1940,11983,true,61.4,192.0,0.68
1529,,Icebreaker,4620,2985,2901,865,50,240,true,76.2,191.8,0.68
2477,383117,Cathood,8642,6015,5916,2541,81,275,false,89.7,191.7,0.68
2631,439685,Pacts,1318,576,1089,380,3,43,true,82.9,191.6,0.68
1161,196340,Yokohama,91199,80146,33848,22818,1852,1570,false,85.3,191.2,0.68
1618,17106,Dots and Boxes,28747,14093,18698,5012,159,1072,true,59.4,191.0,0.67
1396,2386,Chinese checkers,177546,156393,55831,23290,1386,7233,false,47.0,190.9,0.67
1252,283948,Marco Polo II: In the Service of the Khan,61990,55782,15566,11002,968,2821,false,63.4,190.9,0.67
1212,236248,Small Islands,20469,10312,23157,7203,95,297,false,89.8,190.9,0.67
1565,335090,Kraken Up,3840,1401,4147,949,14,117,false,96.6,190.6,0.67
63,1419,Pylos,7970,4733,4062,1204,81,258,true,67.1,189.9,0.67
1798,292914,Fika,5693,2733,5901,1684,23,84,true,76.6,189.7,0.67
1915,206509,Bayonets & Tomahawks,2278,1680,1378,630,25,119,true,96.9,189.6,0.67
2654,382549,Biome,848,518,986,445,6,47,false,108.0,189.3,0.67
1612,320819,Dinner In Paris,1472,1117,939,442,22,101,false,85.4,189.2,0.67
2233,408280,Twinkle Twinkle,17692,14408,8158,4880,240,475,false,70.5,188.5,0.67
1151,232219,Dragon Castle,45672,35343,26286,13242,509,1557,false,78.4,188.3,0.67
1020,129948,The Palaces of Carrara,20876,16389,13074,7282,260,449,false,77.3,188.1,0.67
22,106217,Hawaii,51617,48201,11285,6696,645,1780,false,52.3,187.8,0.67
2088,395623,Harvest,13508,9454,10080,4978,141,371,false,85.5,187.4,0.67
1487,8920,BuyWord,15029,7643,5997,2134,130,434,false,65.2,187.3,0.67
2498,429439,Amoriax,1267,1028,496,232,14,560,true,57.4,187.2,0.67
1870,2346,DVONN,32198,27502,9345,5797,429,653,true,60.9,187.0,0.67
1898,148180,Wolf and Sheep,3244,1366,2108,603,16,142,true,56.4,186.8,0.67
snooker,,Snooker,75563,75563,4625,4625,772,1526,true,44.6,186.5,0.67
1184,310888,Bobail,95279,83140,11248,6368,1006,7883,true,44.7,186.4,0.67
1155,146886,La Granja,126618,113261,41378,26087,1985,4718,false,65.1,186.4,0.67
2026,403116,Next Station: Paris,175500,158494,30479,19606,2514,4250,false,51.4,186.3,0.67
2200,387780,Rats of Wistar,32165,28734,13007,8501,500,794,false,78.1,186.2,0.67
1599,363307,Evergreen,41381,35682,16861,9806,533,2400,false,73.7,185.9,0.67
1815,381635,Sahwari,1713,1269,1506,756,16,151,false,95.9,185.3,0.66
1122,112138,Krosmaster Arena,91200,85843,16001,8887,603,8052,true,45.5,185.3,0.66
1075,200785,Legendary Inventors,77878,62535,40685,22485,935,1216,false,72.6,185.1,0.66
2491,441850,Echoes of Time,1582,1100,1705,863,13,80,false,95.0,184.4,0.66
1926,345868,Federation,3700,2869,2714,1736,49,97,false,105.4,184.4,0.66
1517,305723,Pyrga,14550,9742,5677,2298,153,854,true,58.4,184.0,0.66
1016,69779,Polis: Fight for Hegemony,23881,19932,8639,3945,294,706,true,63.8,184.0,0.66
1999,389185,Micro Midgard,632,314,714,184,3,45,true,63.0,183.9,0.66
1931,376740,Undergrove,7203,4406,7623,3199,45,231,false,94.6,183.8,0.66
1159,281429,Mammalath,29573,17385,9447,3094,249,1865,true,57.5,183.2,0.66
1880,341753,Tholos,1113,479,1199,286,7,38,true,93.6,182.8,0.66
1844,364186,Terra Nova,41137,35979,18784,12098,747,888,false,75.8,181.8,0.66
2549,387560,Perch,3823,1903,5816,2164,6,46,false,77.2,181.6,0.66
2005,54,Tikal,16583,12604,14144,7815,213,548,false,104.9,181.4,0.66
79,2655,Hive,597913,535242,113854,72231,6958,5265,true,55.5,181.4,0.66
2183,427084,Superstore 3000,16664,13306,10028,5277,208,403,false,67.2,181.3,0.66
1803,355224,Isle of Trains: All Aboard,6990,4758,6719,3248,58,176,false,87.5,181.3,0.66
1143,216132,Clans of Caledonia,253616,231780,59827,42082,4167,5709,false,60.4,181.2,0.66
1338,255027,Quinque,6317,3420,4400,1461,40,499,true,56.8,180.8,0.66
1432,341169,Great Western Trail,457132,433907,94785,73950,9451,4033,false,69.9,180.6,0.66
1423,235375,Spirits of the Forest,1484,1115,712,297,25,101,false,81.2,180.2,0.66
1033,36985,Logger,26667,14214,17358,3936,225,745,false,59.7,180.1,0.66
2464,426868,Quartermaster General: South Front,2906,2260,1661,717,38,157,true,101.3,180.0,0.66
1437,145976,Talon,2743,1919,1183,491,41,112,true,76.0,180.0,0.66
2154,332772,Revive,88934,83536,19602,14843,1841,2426,false,67.8,179.8,0.65
1464,334644,Nicodemus,25305,19458,10442,4957,294,846,true,61.4,179.8,0.65
1645,329862,Tiny Turbo Cars,4832,2585,5100,1678,36,271,false,70.8,179.7,0.65
1717,185343,Anachrony,39283,33367,20397,13052,575,659,false,85.7,179.4,0.65
2094,332885,Gnome Hollow,21783,17116,11044,5738,268,1710,false,69.2,179.3,0.65
2170,192458,51st State,20247,16708,10223,5541,253,785,false,71.1,179.2,0.65
2326,177352,Carson City,6897,5271,5618,2809,82,466,false,74.1,179.1,0.65
2220,431038,Azul Duel,53213,41164,18250,7972,610,1614,true,55.3,179.0,0.65
57,3319,Neutreeko,83541,64970,16170,8327,1051,2299,true,45.8,178.3,0.65
1807,25462,German Whist,2079,976,1265,417,13,70,true,68.8,177.7,0.65
1729,354201,Tuned,4857,3153,2191,912,45,351,true,69.8,177.4,0.65
1186,2719,Connect 4,602463,461790,90812,34507,6092,18886,true,43.8,177.4,0.65
1173,229853,Teotihuacan: City of Gods,143469,132144,40063,28499,2785,2598,false,67.1,177.4,0.65
1796,180593,The Bloody Inn,7413,5127,6434,3217,75,410,false,74.3,177.2,0.65
1917,368119,Gosu X,24543,22691,4449,2729,312,1123,true,49.8,177.0,0.65
1234,143176,Steam Works,5786,3574,5383,2296,63,223,false,88.7,176.9,0.65
1911,287954,Azul: Summer Pavilion,600320,569860,78655,54469,7426,5710,false,45.9,176.6,0.65
2107,137173,Cairo Corridor,13147,8509,6417,2508,113,424,true,56.6,176.4,0.65
2064,200632,Qango,11089,4805,3320,960,91,214,true,62.7,176.2,0.65
1995,15157,Amazonas,1610,1017,2041,845,13,150,false,81.0,176.0,0.65
26,214000,In The Year of the Dragon,50358,44688,22562,14258,857,2792,false,73.6,175.5,0.65
1859,344258,That Time You Killed Me,36869,18895,23124,6388,249,642,true,67.4,175.4,0.65
1856,389734,Xxung,2062,1383,1003,373,19,531,true,54.9,175.4,0.65
2586,431718,The Isle of Cats Duel,8161,4491,6523,2163,42,132,true,74.7,175.2,0.65
2410,438402,Forest Shuffle : Dartmoor,356514,332236,49461,31947,4958,2176,false,46.8,174.9,0.64
2176,428847,Mango,833,415,928,356,2,29,false,75.6,174.8,0.64
2746,449655,Got What It Bakes?,6875,4587,5498,2138,78,153,false,78.8,174.5,0.64
2206,437478,iye,2326,1445,2109,862,17,88,true,68.3,174.5,0.64
1110,32484,The Battle for Hill 218,70943,61334,12281,5840,862,3024,true,53.0,174.5,0.64
20,73439,Troyes,112324,101398,38730,26690,2179,1878,false,74.3,174.4,0.64
1603,251247,Barrage,47541,43405,14249,10387,858,1404,false,63.4,174.2,0.64
2160,203993,Lorenzo il Magnifico,29475,26143,12092,8277,459,981,false,62.2,174.0,0.64
2305,270443,Misty,1654,1074,1638,799,11,50,false,89.2,173.9,0.64
1851,308765,Praga Caput Regni,50868,47610,11893,8802,1117,1274,false,64.1,173.8,0.64
1535,306300,Little Factory,57986,49896,18634,11600,892,1300,false,61.4,173.8,0.64
1727,369270,Astra,9983,7224,8483,3856,98,586,false,75.5,173.7,0.64
2459,392461,Asteria,2863,1661,2435,760,22,169,true,67.8,173.6,0.64
1957,410991,Looot,82675,73160,25211,17003,1185,1583,false,62.7,173.6,0.64
13,34635,Stone Age,602466,583915,49470,32525,4980,9060,false,32.6,173.1,0.64
1117,25674,Khronos,5573,3920,4615,1592,69,738,false,84.8,172.8,0.64
1343,75358,Paris Connection,14906,9363,17088,8115,145,150,false,126.9,172.5,0.64
1011,25613,Through the Ages,184976,177276,23810,15548,2391,2892,false,43.0,172.3,0.64
2096,366994,Bonsai,124331,106934,36677,20938,1959,1764,false,58.1,172.1,0.64
1671,319592,Micro Dojo,9723,7167,4780,2270,81,795,true,55.7,171.6,0.64
1144,25613,Through the Ages: A new Story of Civilization,602476,586707,41618,31167,5899,9426,false,34.6,171.6,0.64
60,131616,Nautilus,18690,12076,9128,3325,157,419,true,65.8,171.4,0.64
1469,260316,Art Decko,19452,15364,10326,5520,277,506,false,79.0,171.3,0.64
1942,420443,Treos,5746,4791,3390,1703,79,678,false,55.8,171.1,0.64
1492,281259,The Isle of Cats,296248,274113,57608,35050,3124,3671,false,44.1,171.1,0.64
2019,386188,Greasy Spoon,3525,2881,1410,611,30,1030,true,47.4,171.0,0.64
1315,26566,Homesteaders,10925,8921,6337,3682,197,2174,false,83.3,171.0,0.64
2529,37380,Roll Through the Ages: The Bronze Age,4479,2915,2745,1245,48,126,false,77.6,170.7,0.63
1653,279720,Streets,8982,5138,9407,3253,57,208,false,67.8,170.7,0.63
1741,342942,Ark Nova,850587,815229,72216,56765,16352,1325,false,45.3,170.5,0.63
2780,193558,The Oracle of Delphi,2858,2417,1711,1136,45,150,false,86.6,170.1,0.63
1369,160477,Onitama,134213,108412,40086,22174,1325,15222,true,53.2,170.0,0.63
1754,262157,Block Arena,2292,480,3252,326,2,70,true,90.9,169.9,0.63
1339,167270,Medina,13565,10260,10007,4745,158,785,false,78.3,169.6,0.63
1961,143693,Glass Road,12373,8860,10349,5085,117,289,false,79.8,169.5,0.63
1002,137269,Spyrium,16858,12904,11549,5953,240,747,false,78.1,169.5,0.63
2632,453737,Sea Shells,1989,1292,1948,968,8,69,false,83.7,169.4,0.63
2298,13337,Whist,641,327,634,242,3,39,false,78.3,169.4,0.63
2226,381356,Diced Veggies,28960,21812,15876,8472,331,263,false,71.1,169.4,0.63
2453,7688,Memory,6146,2526,4127,1038,31,227,false,59.8,169.3,0.63
2368,355483,Wandering Towers,12951,8127,15226,6156,102,238,false,79.0,169.3,0.63
2032,169786,Scythe,147268,133492,53336,36969,3177,1572,false,73.3,169.3,0.63
1382,312484,Lost Ruins of Arnak,602461,585278,53971,40293,7054,2796,false,37.5,169.3,0.63
1112,127095,Origin,25099,22663,7457,3534,299,7139,false,45.8,169.2,0.63
1953,331398,Mythic Battles: Ragnarök,10147,8696,3168,1466,127,771,true,54.9,169.0,0.63
1744,377943,Reflections in the Looking Glass,1643,917,1441,510,9,147,true,44.3,168.9,0.63
1240,171499,Cacao,162218,142310,50022,32801,2384,2128,false,64.7,168.9,0.63
1605,356414,Space Station Phoenix,14345,11717,7835,4880,192,364,false,66.9,168.8,0.63
1445,17133,Railways of the World,40352,34492,14172,9529,956,564,false,78.3,168.2,0.63
2187,369880,Beer & Bread,24541,15869,17400,6970,170,497,true,58.2,168.0,0.63
2218,419109,Battlegammon,1162,781,708,301,11,91,true,35.5,167.7,0.63
1721,344685,Go Goa,22439,18902,7580,4154,373,1472,false,63.0,167.4,0.63
2181,334537,Altay: Dawn of Civilization,7950,6404,5010,2968,112,368,false,78.3,166.9,0.63
1481,162082,Deus,49092,42237,19432,11353,718,1359,false,59.3,166.7,0.63
2062,261720,Finca,4248,3101,2911,1571,35,172,false,64.9,166.4,0.62
1098,,Alveole,30879,23571,10843,4698,364,1165,true,47.7,166.1,0.62
2575,450288,Stable Times,704,511,684,335,9,99,false,42.9,166.0,0.62
1693,365647,Mech A Dream,11065,8230,6078,2821,134,363,false,63.1,165.5,0.62
2352,400314,Apiary,26126,20892,13332,7140,354,590,false,64.8,165.2,0.62
1571,321277,Tinners' Trail,4343,3093,4829,2550,33,214,false,84.9,165.1,0.62
1270,163640,Eminent Domain: Microcosm,5324,3483,3645,1279,45,364,true,69.5,164.7,0.62
2404,446426,Mystling Academy,3505,1683,3196,816,17,232,true,87.5,164.6,0.62
2084,338376,A Gest of Robin Hood,24141,20135,8261,4370,316,499,true,57.1,164.4,0.62
2416,437384,Bohemians,3945,3146,3239,1832,40,168,false,66.2,164.2,0.62
1495,220308,Gaia Project,313157,296646,57510,44138,6509,4863,false,62.8,164.2,0.62
1292,93,El Grande,34456,27401,32370,19756,684,643,false,106.6,164.2,0.62
1480,,1480,783483,741950,117922,85734,10824,16150,false,42.9,164.1,0.62
1886,193551,Mutant Crops,3416,1783,3628,1297,16,78,false,61.6,163.7,0.62
1398,19803,Martian Chess,3637,2293,2778,1156,22,89,true,108.2,163.6,0.62
1267,281075,Welcome To New Las Vegas,66532,49213,43108,18467,967,1737,false,62.8,163.5,0.62
1029,40214,Bombay,9090,4802,10124,2659,113,273,false,90.7,163.4,0.62
2560,346965,Azul: Queen's Garden,158109,151618,19705,11587,1842,1418,false,37.5,163.2,0.62
1585,219513,Bärenpark,269922,248135,57574,38302,4048,2906,false,52.4,163.0,0.62
1321,218121,Dice Hospital,240496,220853,48527,34498,3569,3217,false,49.2,163.0,0.62
2566,446669,Flockers,873,456,1094,397,6,51,false,106.0,162.7,0.62
2474,430563,Popcorn,40796,35771,14645,8336,569,2030,false,55.6,162.7,0.62
2423,7854,YINSH,35274,28653,11962,7177,473,543,true,52.7,162.7,0.62
1674,267979,Tiwanaku,10289,7544,6139,3446,102,155,false,76.3,162.4,0.62
1233,256940,Krosmaster Blast,8697,6956,3551,1312,70,1844,true,46.2,162.3,0.62
2224,393880,Biomes of Nilgiris,1709,1387,1120,675,24,78,false,87.3,161.9,0.62
1823,357071,GOLDblivion,24393,22500,5284,3514,406,951,false,54.3,161.8,0.62
1981,143515,Coal Baron,10449,7927,7298,4194,132,309,false,74.6,161.2,0.61
2567,429423,Postcards,28342,23875,10280,6282,437,410,false,58.6,160.9,0.61
1493,191862,Imhotep,67958,55524,36498,22184,774,7218,false,71.1,160.6,0.61
2588,445044,Wispwood,9263,7967,4742,3145,139,206,false,77.5,160.5,0.61
2080,315021,Strawberry Sunset,1604,1028,1268,521,19,259,false,74.2,160.5,0.61
1479,266524,Parks,63598,51221,30027,16605,817,891,false,59.8,160.3,0.61
2539,441646,Pyrotechnics,2176,1060,2274,724,4,47,true,40.8,160.2,0.61
1500,1295,Pente,60835,43619,13633,4986,677,2534,false,44.2,160.0,0.61
2242,371942,The White Castle,415496,398438,63391,49002,8111,2657,false,51.5,159.7,0.61
1118,120677,Terra Mystica,67807,62226,16967,11469,1363,1191,false,56.1,159.5,0.61
2202,283393,Aquatica,31627,26867,13423,8089,439,1091,false,60.6,159.2,0.61
2522,371330,Luthier,9211,8070,5185,3601,146,255,false,77.4,159.0,0.61
2122,346812,Crash & Grab,943,578,1412,640,7,165,false,65.9,159.0,0.61
2450,387276,Reforest,14630,11062,9257,4290,166,396,false,58.6,158.9,0.61
1198,108831,Kulami,20467,11348,10102,3342,166,387,true,62.0,158.5,0.61
1837,275916,Caïrn,7914,5151,5094,1880,63,1056,true,61.5,158.1,0.61
1773,155703,Evolution,51732,39607,35968,17003,648,1201,false,70.2,158.1,0.61
1516,174337,Bahama Taxi,4068,2453,3441,1469,40,237,false,58.8,158.0,0.61
1123,24508,Taluva,71926,57934,33923,15103,778,3154,false,50.2,158.0,0.61
1370,293014,Nidavellir,327963,304611,82535,59999,6466,5017,false,59.7,157.8,0.61
1449,,Dodo,888,404,625,167,5,54,true,45.3,157.7,0.61
2521,463296,Forest Shuffle : Smoky Mountains,11134,8854,5219,2767,153,240,false,64.8,157.6,0.61
2360,415507,Kokeshi,11288,9868,4325,2808,169,643,false,70.6,157.4,0.61
1291,269789,Caravan,22559,18410,9694,5214,333,1391,false,56.9,157.4,0.61
1840,246663,Neom,8068,5842,4835,2564,131,392,false,71.4,157.0,0.6
1768,357563,Akropolis,505456,487733,54161,40355,6334,7591,false,39.4,156.9,0.6
1526,341510,Rainbow,37086,22528,21692,8321,225,866,true,47.7,156.7,0.6
2161,94746,Coffee,3298,1699,1895,593,17,208,true,48.2,156.6,0.6
1827,73073,Nap,713,177,510,127,2,40,false,31.3,156.6,0.6
1273,169147,Letter Tycoon,237557,200869,50696,25298,2759,3794,false,41.1,156.3,0.6
2563,161970,Alchemists,9432,8122,4398,2756,138,393,false,67.3,156.1,0.6
2616,457724,Red Notice,12929,7678,8545,3001,97,303,true,63.9,156.0,0.6
2052,385680,Path of Civilization,38445,34018,12343,7663,669,2059,false,52.7,155.8,0.6
1420,163412,Patchwork,604994,547495,67642,39677,7216,4472,true,34.1,155.8,0.6
1308,309000,Blue Skies,11882,8547,9121,3911,179,1157,false,77.9,155.5,0.6
1962,411934,Battle Spirits Saga,39642,30609,13375,5770,421,2557,true,47.6,155.3,0.6
2008,295895,Distilled,170152,156032,37825,25636,2780,4320,false,51.2,155.2,0.6
40,73761,K2,52156,37549,39880,16081,574,1163,false,68.7,155.1,0.6
2353,359402,Ahoy,9439,6433,9976,4587,99,376,false,95.7,155.0,0.6
1216,61487,Unconditional Surrender! World War 2 in Europe,13338,8990,7864,2697,140,748,false,57.1,154.9,0.6
1319,319680,Rest In Peace,21678,11956,13618,4716,138,449,true,50.8,154.6,0.6
2221,401303,Mind Cycling,3768,2726,3760,1598,36,953,false,63.1,154.4,0.6
2071,210296,DinoGenics,24728,19387,9598,4958,383,620,false,52.9,154.3,0.6
1444,311918,Lost Explorers,6541,4236,5902,2344,62,283,false,73.1,154.1,0.6
1249,383179,Age of Innovation: a Terra Mystica game,208972,200790,33147,25370,3942,5344,false,49.0,154.0,0.6
2245,200057,Pioneer Days,7075,5265,4890,2426,83,306,false,63.3,153.7,0.6
1924,167791,Terraforming Mars,460118,441277,58886,43703,9550,1245,false,43.8,153.7,0.6
2473,439306,Limit,3009,1742,4415,1895,20,110,false,98.5,153.6,0.6
2785,462851,Microlonies,660,472,668,374,3,33,false,80.3,153.4,0.6
2319,415808,TacTile,18974,16002,7417,3723,252,671,false,52.6,153.1,0.59
1354,223750,Hardback,15599,9775,4454,1507,145,1424,false,45.1,153.1,0.59
1496,182704,SteamRollers,10598,8092,5155,2645,175,411,false,67.7,153.0,0.59
25,13928,China Gold,15308,12138,4468,1929,200,1457,true,49.6,153.0,0.59
1602,341245,Garden Nation,8247,5961,6836,3336,91,213,false,68.5,152.6,0.59
1809,114912,Starship Merchants,751,359,799,336,4,49,false,152.3,152.5,0.59
1475,262477,Mercado de Lisboa,573,331,574,253,5,69,false,51.3,152.5,0.59
1403,,Gopher,14450,9662,8051,3145,123,611,true,40.8,152.4,0.59
1695,341286,Eriantys,7867,6032,5476,2893,93,162,false,70.3,152.2,0.59
1235,286295,Quantik,83400,50843,26443,10252,716,2271,true,47.8,152.0,0.59
1777,281676,Galactic Era,569,287,1039,415,3,38,false,88.2,151.8,0.59
2595,391497,Tangram City,1057,639,1121,480,3,43,false,62.1,151.7,0.59
1818,286158,D.E.I.: Divide et Impera,3533,2581,3469,1720,47,294,false,131.1,151.6,0.59
19,66643,Uncle Chestnut's Table Gype,12934,9248,7464,2122,180,1086,false,51.0,151.6,0.59
1668,559,Metro,48642,41486,14347,8838,793,819,false,49.0,151.5,0.59
1017,146278,Tash-Kalar,153972,139917,25109,13092,1587,5168,false,37.2,151.5,0.59
1614,345520,EKONOS,2084,1243,3001,1313,10,49,false,97.2,151.4,0.59
2557,423309,Arctica,1526,1135,1222,679,13,160,false,86.7,150.6,0.59
1852,338093,Ancient Knowledge,33506,29362,14341,9368,387,2398,false,49.8,150.6,0.59
28,11929,Gomoku,558731,411127,131524,62565,6052,28266,true,45.0,150.6,0.59
2455,438119,Please Don't Burn My Village,12223,6927,10946,4017,78,165,false,60.9,150.2,0.59
1104,163920,Gaïa,53182,39058,24702,10521,648,1947,false,53.0,150.1,0.59
1595,360266,Draft Cider,5094,3121,4044,1113,35,451,false,40.9,149.8,0.59
1654,241724,Villagers,60135,52739,17788,10971,884,2001,false,48.8,149.7,0.59
2331,418036,SUPER,11620,9643,5820,3023,176,660,false,59.3,149.6,0.59
1430,200680,Agricola,420318,393603,57670,41702,6677,4490,false,41.8,149.6,0.59
1372,245654,Railroad Ink,442421,418780,30538,18273,3475,9037,false,25.3,149.3,0.58
1747,184921,Bunny Kingdom,70677,65197,12642,7964,1301,2473,false,48.3,148.9,0.58
1914,398331,Pond,14787,10505,5368,2236,144,760,true,45.9,148.8,0.58
2314,377061,Coffee Rush,159080,142766,49951,33997,2559,1862,false,53.5,148.7,0.58
2263,319910,Pagan: Fate of Roanoke,18600,13644,8759,3994,212,334,true,58.2,148.6,0.58
2523,454696,Spy World,3531,2023,4113,1469,21,116,false,69.9,148.4,0.58
2419,449437,Medu,4248,2349,2385,926,34,207,true,85.3,148.4,0.58
2097,351515,Capybara'n'Capybara,458,226,343,87,4,51,false,45.7,148.4,0.58
1005,8229,Armadöra,12239,6736,10598,3424,86,322,false,53.6,148.4,0.58
1903,364073,Splendor Duel,70404,56825,19606,10349,1068,499,true,47.3,148.3,0.58
2198,415910,Architects of Amytis,37941,30768,12419,6933,538,514,true,51.9,148.2,0.58
1659,295486,My City,9696,4435,6307,1851,45,662,false,44.9,148.2,0.58
1978,412563,Flowers: A Mandala Game,9848,7836,4902,2672,124,580,false,47.5,147.9,0.58
1454,254088,Gravity Superstar,4515,3055,3851,1818,51,94,false,67.2,147.7,0.58
1418,41149,Linkage,22622,15525,7392,2827,227,3409,true,41.3,147.7,0.58
1758,368465,Qawale,45061,33412,17160,7812,477,927,true,48.9,147.4,0.58
1268,180680,Automobiles,4196,3180,2390,1296,71,421,false,60.3,147.2,0.58
1158,169649,Sapiens,79748,65561,37185,17193,1026,2867,false,47.5,146.9,0.58
1878,331401,Dog Park,15555,10382,14174,6321,150,197,false,60.9,146.8,0.58
1640,231733,Obsession,335511,317988,46125,33373,4878,9067,false,36.9,146.8,0.58
1413,300226,Egocentric World,5371,3491,3770,1271,57,509,false,47.8,146.8,0.58
2369,155426,Castles of Mad King Ludwig,84290,71645,26972,15546,1676,1860,false,49.9,146.7,0.58
1913,327711,It's a Wonderful Kingdom,19163,12512,12057,4972,150,338,true,51.9,146.7,0.58
1812,373383,Pook,3979,1914,4719,1432,13,184,false,43.4,146.7,0.58
2431,448620,Snorkeling,2531,1646,2811,1250,17,119,false,60.5,146.6,0.58
1882,280453,Masters of Renaissance: Lorenzo il Magnifico – The Card Game,6158,4997,3727,2296,62,203,false,64.1,146.6,0.58
1507,246567,Big Monster,8166,6772,3196,1372,102,803,false,42.8,146.3,0.58
2009,398898,High Season,25336,22486,9460,5897,373,1005,false,51.2,146.2,0.58
1638,366752,The Great Split,1258,843,1598,775,19,166,false,83.7,146.2,0.58
1724,42336,Ultimate Tic-Tac-Toe,20601,9249,15154,3708,108,673,true,48.7,146.1,0.58
2680,266810,Paladins of the West Kingdom,5144,4254,3359,2117,55,221,false,97.3,146.0,0.58
1876,380134,Orion Duel,44099,32906,11630,5176,520,973,true,45.2,146.0,0.58
2634,414633,Digging For Dinos,13437,9105,7723,3409,117,384,false,41.3,145.8,0.58
2010,288558,Chu Han,2123,1364,1518,621,14,169,true,67.8,145.8,0.58
1863,246200,Piepmatz: Little Songbirds,1376,1083,665,364,25,181,false,61.2,145.8,0.58
1047,302238,Crazy Farmers,47498,31275,27267,9705,537,1190,false,55.7,145.8,0.58
2771,368017,Point City,5093,4122,3016,1747,54,176,false,55.7,145.5,0.57
1910,308119,Pax Renaissance,78805,76013,9243,6635,1231,4115,false,39.8,145.2,0.57
14,3076,Puerto Rico,254988,244366,39958,27571,3703,3488,false,38.9,145.2,0.57
2091,362020,Cosmoctopus,60320,50995,15974,7761,837,1321,false,39.0,144.8,0.57
1987,355788,Chemical Overload,15875,13174,5742,3058,218,616,false,52.5,144.6,0.57
1276,4390,Carcassonne: Hunters & Gatherers,407067,361695,84536,36305,2993,11945,false,28.8,144.4,0.57
1951,361850,Nimalia,5576,4437,2710,1419,69,363,false,53.3,144.3,0.57
1115,132531,Roll for the Galaxy,602889,577268,47616,31456,4919,14011,false,24.0,144.3,0.57
1193,214880,City of the Big Shoulders,27441,23104,14335,9768,579,766,false,75.7,144.0,0.57
1196,194655,Santorini,602541,485174,149879,70152,6023,9558,false,37.6,143.6,0.57
1026,23908,Metromania,16946,10087,11660,2680,190,781,false,50.8,143.6,0.57
2301,414685,Mesos,13352,10836,8840,5535,133,279,false,56.2,143.5,0.57
1874,367525,3000 Scoundrels,5126,3153,5571,2319,39,392,false,59.1,143.4,0.57
1323,248430,Zener,6143,3361,4412,1238,40,428,true,59.5,143.4,0.57
2604,462464,First Giants,18707,15176,10877,6400,177,516,false,50.9,142.9,0.57
2177,426509,the itty bitty card game,1569,922,1199,485,14,124,false,53.3,142.8,0.57
2115,422368,Lepidoptery,4228,3119,1647,859,53,412,true,40.7,142.8,0.57
2159,396375,Gems of Iridescia,1523,991,1695,807,8,146,false,33.5,142.6,0.57
1546,256839,VektoRace,19574,16777,10136,5560,439,1366,false,67.1,142.5,0.57
1349,151467,Once Upon A Forest,9524,6860,6396,2623,72,503,false,48.5,142.5,0.57
1147,206327,The King's Guild,81495,67105,33752,17243,1061,4100,false,48.6,142.3,0.57
1378,317985,Beyond the Sun,253248,236059,56420,40910,4848,3407,false,46.8,142.2,0.57
2412,446231,7 Wonders Dice,246061,227865,43471,27903,4430,3067,false,43.0,142.1,0.57
1394,148228,Splendor,1022476,970907,119518,85572,15846,3732,false,36.2,142.1,0.57
2260,284936,Café,22862,18938,9254,5346,311,1089,false,50.6,141.8,0.57
2266,427260,Living Forest Duel,28021,22689,9917,4831,355,722,true,45.1,141.6,0.57
1881,398388,Oxono,76908,62349,17110,9573,1010,1427,true,43.7,141.6,0.57
1726,286788,Gift of Tulips,8936,6132,6473,3214,95,196,false,56.8,141.6,0.57
1552,41933,Arctic Scavengers,20924,16306,11662,5948,259,780,false,58.4,141.3,0.56
1395,4607619,Iwari,20993,16487,15911,8003,323,1596,false,77.4,141.1,0.56
2625,449853,Frosted Blooms,21937,18955,9860,6717,271,231,false,57.9,141.0,0.56
1309,262712,Res Arcana,602499,578658,49118,34902,5637,6202,false,28.3,141.0,0.56
1130,68425,Eminent Domain,139037,127754,27071,16099,1760,5271,false,38.0,141.0,0.56
2665,296108,Terraforming Mars: The Dice Game,38381,32458,17386,10096,651,281,false,54.4,140.8,0.56
2207,432716,Leaders,146610,132096,23290,13965,1964,2662,true,39.0,140.6,0.56
1708,350184,Earth,338650,310803,68082,46827,4939,5586,false,38.7,140.5,0.56
2766,461480,Tsukimi,678,368,578,195,4,91,true,85.2,140.3,0.56
1997,384213,Fromage,115954,98922,40117,25002,2253,1227,false,52.8,140.3,0.56
1670,246192,Gizmos,606564,591100,28519,21504,5383,6145,false,25.5,140.3,0.56
1,822,Carcassonne,1022479,987884,79491,52359,11297,5304,false,28.4,140.2,0.56
1686,114562,Hokito,18859,14520,7505,3450,203,970,true,40.6,140.1,0.56
2655,,Quatrix,941,500,642,259,5,114,true,42.0,139.9,0.56
2236,429020,Paper World,20088,16505,9222,4861,249,684,false,41.7,139.9,0.56
1967,296043,Four Gardens,2189,1772,999,552,30,380,false,54.5,139.6,0.56
1716,375553,Diceathlon,21426,16081,13974,6604,257,788,false,59.3,139.5,0.56
2223,140934,Arboretum,25737,19157,15554,8265,264,374,false,51.2,139.3,0.56
1971,411881,Gold’n’Crash,3743,2276,3023,1192,28,151,true,52.5,139.2,0.56
2333,8203,"Hey, That's My Fish!",70500,52724,37642,20042,791,779,false,52.4,138.9,0.56
2123,420214,Arctic,9883,7295,6720,3234,92,389,false,51.5,138.9,0.56
2069,306032,Cookie Addict!,11601,5165,9208,2233,55,255,true,54.9,138.8,0.56
1360,194517,Super Fantasy Brawl,181668,166869,30646,17239,2104,7287,true,38.3,138.7,0.56
1572,353545,Next Station: London,403322,379190,44385,32031,6105,3999,false,33.3,138.5,0.56
1390,84876,The Castles of Burgundy,604958,576647,73399,54256,9615,1922,false,35.2,138.5,0.56
1579,329227,Betta,27325,22274,11439,6106,324,858,false,42.0,138.3,0.56
2067,403209,Belladone Bluff,2892,1763,2835,1258,16,72,false,59.1,138.2,0.56
1440,291859,Riftforce,39647,34153,10195,5701,489,964,true,41.9,138.2,0.56
2256,115370,Cuttle,1574,815,1097,363,10,167,false,50.4,138.1,0.56
2411,441731,Moonlight: The Land of the Wolves,9063,5492,6671,2713,57,119,true,47.7,137.8,0.56
1679,351666,Vidrasso,5130,4671,1193,683,52,2330,true,38.0,137.3,0.55
1106,204504,Outlaws: Last Man Standing,22722,14460,10345,3507,227,1275,true,54.0,137.2,0.55
2077,402106,Power Vacuum,1719,1000,2373,945,14,115,false,60.4,137.1,0.55
1891,258779,Planet Unknown,228058,207228,52642,37358,4587,3388,false,43.8,137.1,0.55
1265,40446,Indian Chief,1639,1224,851,471,23,143,false,38.6,137.1,0.55
2387,433908,Gatsby,22573,17369,9564,4888,240,465,true,43.3,136.7,0.55
1819,366397,Colorado,12644,11348,4135,2659,207,727,false,51.1,136.7,0.55
1615,361084,Yoxii,19677,16039,5651,2938,208,1022,true,33.9,136.6,0.55
1022,143484,Florenza: The Card Game,5595,4250,3373,1584,87,330,false,58.9,136.4,0.55
41,71074,Expedition: Northwest Passage,851,655,555,272,14,92,false,70.6,136.3,0.55
2382,443348,Arigatō,15140,12666,6456,3552,229,942,false,55.6,136.1,0.55
1705,264647,Age of Civilization,54548,49944,12374,8190,779,2627,false,40.7,136.1,0.55
2243,265736,Tiny Towns,48991,37407,30404,15490,461,1059,false,43.0,135.4,0.55
1200,171623,The Voyages of Marco Polo,452285,435032,55563,39665,5023,8846,false,29.6,135.4,0.55
2663,436751,Under the Leaves,74736,69784,12952,8663,1424,978,false,44.7,135.3,0.55
2599,461529,Flipwars,338,234,187,82,4,67,true,40.2,135.2,0.55
1553,128072,VEGEtables,4600,1591,4791,482,17,666,true,56.6,135.0,0.55
2612,461819,Trök,10168,8211,6225,3646,132,191,false,61.9,134.5,0.54
2288,393307,Tower Up,29921,24333,17494,10133,437,650,false,55.5,134.5,0.54
1513,27588,Zooloretto,26034,20382,15867,7913,290,1562,false,44.8,134.4,0.54
1567,288775,Fairy Trails,57852,39401,25077,8392,577,5345,true,42.2,134.2,0.54
1760,230089,Okanagan: Valley of the Lakes,2786,1921,2507,1160,29,137,false,61.3,134.0,0.54
1004,148759,Time Masters,45970,41048,6756,2674,288,5028,false,25.5,133.7,0.54
1009,126239,Twin Tin Bots,10805,7853,8420,2496,147,1027,false,46.9,133.5,0.54
1663,370756,Diablo,4302,2817,1927,510,34,765,true,27.5,133.0,0.54
1636,368118,Hadron,7646,3974,4040,1078,53,552,true,30.8,132.8,0.54
1755,269144,Hadara,109567,102565,23708,16515,1541,7693,false,34.9,132.7,0.54
1847,338467,Zuuli,21627,17642,7358,3762,237,1362,false,39.3,132.3,0.54
1841,391163,Forest Shuffle,602537,587636,41277,30581,8835,1714,false,30.4,132.3,0.54
1385,314503,Codex Naturalis,278744,260243,47898,34010,3994,8927,false,37.0,132.3,0.54
1274,252997,Mapmaker: The Gerrymandering Game,40547,31882,17251,8677,531,1939,false,40.9,132.3,0.54
1929,385999,Forever Home,20970,17054,8974,5227,257,1059,false,40.7,132.2,0.54
1283,72667,Mijnlieff,41682,35004,8446,4545,529,2555,true,41.2,132.2,0.54
1678,334646,Dice Hospital: ER – Emergency Roll,4731,3894,1695,864,74,651,false,46.8,132.1,0.54
1010,2448,Kalah,348567,293116,53303,27995,3565,24766,true,33.4,131.7,0.54
1238,21790,Thurn and Taxis,340863,322104,41626,27462,3584,9685,false,28.2,131.0,0.53
2578,451034,Bordeaux,1648,1016,1864,909,8,106,false,81.0,130.9,0.53
1761,380728,Exit Strategy,18036,7783,18492,3761,114,455,false,48.4,130.5,0.53
2320,433826,Spellcrafter,511,218,605,202,3,55,false,121.1,129.9,0.53
2344,458230,Ghosts Galore,93420,82843,19126,10570,1335,2142,false,37.6,129.7,0.53
2271,408769,Propuh,3208,1469,2643,852,13,103,true,42.7,129.6,0.53
1474,308500,Clash of Decks,243756,223990,30480,15872,2136,10077,true,28.6,129.5,0.53
1384,128621,Viticulture,399910,362744,109580,78337,8351,3701,false,52.9,129.1,0.53
2216,350933,The Guild of Merchant Explorers,162276,147057,29107,19709,2783,2693,false,39.7,128.9,0.53
2536,367517,La Famiglia: The Great Mafia War,2749,2121,3201,1746,35,267,false,86.8,128.8,0.53
2847,436116,Sky Totems,288,141,309,111,2,54,false,116.8,128.7,0.53
1257,245643,Luxor,441625,424634,44511,29640,3584,18782,false,23.1,128.7,0.53
2054,416952,Onda,1609,1099,1510,754,13,180,false,49.5,128.5,0.53
1416,255692,New Frontiers,60150,50132,18271,10981,1092,1626,false,41.4,128.5,0.53
1446,286096,Tapestry,396754,379712,49748,35380,4995,7053,false,29.3,128.3,0.53
1908,402803,Vault: A Den of Thieves,4471,3549,2285,1101,59,486,false,45.7,128.0,0.53
1858,271529,Botanik,33298,28266,7761,4235,422,1455,true,40.4,128.0,0.53
2794,1219,Labyrinth,6107,4405,5224,2730,40,90,false,62.1,127.9,0.53
1783,309105,Sagani,53049,48486,5907,4051,677,2947,false,29.8,127.9,0.53
1358,14186,Bao la Kiswahili,2710,2589,318,182,30,598,true,29.7,127.7,0.53
2137,361186,Giraffe Raffe,8679,5471,4970,1796,92,819,false,39.5,127.6,0.53
1341,274364,Watergate,27394,21449,10954,5248,332,529,true,43.6,127.4,0.52
1222,300442,Trekking the World,65505,48328,39089,18842,753,1098,false,44.6,127.4,0.52
1166,128271,Ginkgopolis,30838,27544,10650,6604,465,1067,false,39.9,127.3,0.52
1113,63888,Innovation,604947,586389,28535,18947,3700,9184,false,18.1,127.3,0.52
31,119316,United Square,910,436,681,236,2,55,false,92.8,127.2,0.52
1467,230802,Azul,1022454,995388,90267,67749,16970,1497,false,30.0,126.7,0.52
1300,233867,Welcome To,532452,501382,58088,40943,7691,6915,false,28.8,126.7,0.52
2462,449974,Space Lab,20325,17105,8134,4666,283,831,false,45.8,126.3,0.52
1996,364277,Stonks,1521,792,2077,838,8,87,false,59.5,126.3,0.52
1649,365453,Look at the Stars,56950,48541,16568,8476,726,2251,false,39.6,126.3,0.52
1179,256589,Rallyman: GT,360096,331953,89375,50599,6333,7047,false,38.2,126.3,0.52
69,118048,Targi,526591,487429,70514,40534,4160,14119,true,26.2,126.2,0.52
2584,441114,Soothsayers,17396,14910,6844,3992,264,555,false,42.0,125.9,0.52
2145,402125,Umbrella,33482,29383,11663,7439,503,697,false,41.8,125.8,0.52
1833,290236,Canvas,12201,6761,11755,4242,84,189,false,51.8,125.8,0.52
1963,391834,SpellBook,72775,60121,25908,13455,1003,1486,false,36.8,124.9,0.52
2030,263918,Cartographers,483902,455753,45318,29424,5813,6031,false,27.5,124.8,0.52
1148,204583,Kingdomino,604286,569110,63754,41579,7161,7080,false,27.7,124.7,0.52
1930,391255,Open Season,5098,3804,3879,1807,49,207,false,74.0,124.6,0.52
1530,296044,Fruit Picking,13834,11012,3983,1847,201,447,false,34.5,124.6,0.52
1956,352454,Trailblazers,44155,34619,19201,8884,488,1743,false,37.3,124.5,0.52
1419,284584,Troyes Dice,124110,117708,17165,10792,1732,4050,false,33.4,124.3,0.51
1317,280041,Rolled West,9049,6344,6053,2565,100,415,false,43.0,124.0,0.51
1076,88594,Eruption,91566,63805,74840,25613,881,4154,false,41.8,124.0,0.51
2239,338920,Hamsters vs Hippos,1276,508,1527,337,6,145,false,24.5,123.6,0.51
2393,441788,TEKKEN – the Board Game,4558,2910,4084,1662,36,172,true,64.9,123.0,0.51
2277,436045,Savanna Ten,1158,616,1112,458,5,53,false,59.9,123.0,0.51
1327,255029,Verona Twist,8986,5662,5674,2411,54,348,true,35.7,123.0,0.51
2640,449018,Gunsen,2692,2280,1654,1014,37,361,false,56.7,122.9,0.51
1245,121297,Fleet,36918,29363,15137,7778,525,1746,false,38.4,122.3,0.51
2428,439742,Dewan,45077,38954,21465,14032,627,1133,false,47.5,121.9,0.51
1909,397393,Altered,602476,596124,18955,13417,4528,6212,true,22.0,121.9,0.51
39,681,Quarto,596947,431809,139012,68822,6520,6385,true,40.5,121.7,0.51
2338,350736,Voyages,1312,888,880,428,18,73,false,69.9,121.5,0.51
2264,399368,Bunny Drops,813,604,419,123,8,386,false,25.9,121.3,0.51
1801,250442,Crypt,4893,2786,6052,2219,23,109,false,51.9,120.9,0.51
38,13308,Niagara,25212,15790,33285,12123,256,2116,false,61.7,120.9,0.51
1345,31730,Chicago Express,8009,6255,6682,3898,152,244,false,71.3,120.8,0.51
1746,236457,Architects of the West Kingdom,91138,79143,43011,29799,1675,4327,false,48.5,120.7,0.5
18,42215,Tobago,49987,37486,27328,12976,530,7376,false,44.0,120.7,0.5
1521,170216,Blood Rage,125243,113399,55866,37051,2386,2340,false,55.5,120.5,0.5
2167,176165,Dale of Merchants,1285,863,1115,547,8,147,false,56.3,120.3,0.5
2138,28738,Kamon,85413,74325,14789,9446,1240,2281,true,30.0,120.2,0.5
1242,225569,Geek Out! Masters,1206,579,1007,325,8,74,false,46.1,120.1,0.5
1861,340816,101: the match,18741,15918,6918,4149,240,580,true,34.0,119.9,0.5
1227,9217,Saint Petersburg,602467,595202,21853,16345,3387,11947,false,16.2,119.9,0.5
2561,321608,Hegemony: Lead Your Class to Victory,28867,25994,16315,11519,742,660,false,62.3,119.5,0.5
2293,435810,Legions,12736,9943,6483,3129,169,374,true,49.5,119.5,0.5
16,37628,Haggis,61426,52714,12977,5426,546,5155,false,29.0,119.1,0.5
1936,400266,Boreal,25924,18426,11287,5015,247,725,true,35.5,118.5,0.5
1656,328565,Caper: Europe,47928,38381,15880,8189,513,1890,true,35.1,118.3,0.5
33,54043,Jaipur,602390,550345,74668,49568,7315,7763,true,28.4,118.1,0.5
2587,452300,Lodge,4979,4028,2765,1693,63,167,false,58.7,118.0,0.5
2294,419669,Panda Rei,3438,2152,3681,1678,28,120,false,42.4,117.7,0.5
1800,251412,On Tour,31358,25784,15861,8554,354,903,false,39.3,117.5,0.49
1738,367662,Applejack,172099,161463,21383,14298,1866,3367,false,26.1,117.5,0.49
2405,447583,Viva Catrina,94101,88596,15770,11394,1634,2638,false,36.6,117.3,0.49
1335,155987,Abyss,222322,201821,59907,38786,3264,4638,false,36.1,117.2,0.49
2646,459295,62 Soleils d'Eté,11147,9637,5046,3360,175,285,false,46.3,116.9,0.49
1756,265118,Legend Raiders,8664,7016,3942,2108,104,448,false,38.0,116.6,0.49
1528,305841,Tiny Farms,9194,6788,5465,2647,101,330,false,40.6,116.5,0.49
1594,271324,It's a Wonderful World,388077,377482,27525,19938,4581,2872,false,23.9,116.3,0.49
2688,452321,TomaToss,1342,789,1153,478,7,59,false,42.5,116.2,0.49
2559,343433,Tír na nÓg,4006,2199,5421,2285,8,66,false,76.8,116.0,0.49
2421,402676,Cities,59185,52737,20500,13809,861,1405,false,37.8,115.8,0.49
2289,339789,Welcome To The Moon,248619,226825,30600,19624,3626,6194,false,29.2,115.8,0.49
1236,21763,Mr. Jack,154412,109806,50580,22166,1452,2384,true,32.3,115.8,0.49
2035,414317,Harmonies,525391,494466,65589,45999,8128,2393,false,28.0,115.5,0.49
2628,458956,Kumata,15130,10855,11868,5918,112,546,false,42.0,115.1,0.49
1932,394306,Le Roy des Ribauds,19866,13682,5018,2451,237,1014,true,35.3,115.0,0.49
2175,416552,Stalk Exchange,15507,11586,9022,4459,200,280,false,39.0,114.3,0.48
2365,429477,The King of the Woods,9495,6089,6927,2869,64,270,false,36.4,114.1,0.48
2339,334065,Verdant,111656,102011,21388,14330,1691,1499,false,31.7,114.0,0.48
1885,399757,Linx,33865,26659,14607,7727,419,1330,false,38.0,114.0,0.48
1757,380178,OASIS New Hope,10823,8840,4896,2598,136,739,false,38.9,113.8,0.48
2565,200853,Habitats,74488,67217,15718,10582,1263,1127,false,31.5,113.4,0.48
1774,380105,Get on Board: Paris & Roma,2421,1985,1158,577,34,422,false,29.2,113.4,0.48
1545,318556,Tucano,66292,56311,21290,12030,865,1809,false,36.4,113.3,0.48
1557,344425,Hydroracers,2946,1461,3884,1388,19,201,false,41.4,113.1,0.48
75,67185,Sobek,24594,22243,5135,2887,284,1239,false,25.8,112.8,0.48
1127,194594,Dice Forge,602476,565564,76889,44769,6007,7160,false,23.7,112.5,0.48
2020,347218,Dickory,787,475,445,190,9,80,true,59.8,112.4,0.48
1687,365211,Cosmos: Empires,13314,10651,5060,2207,181,1712,false,29.3,112.3,0.48
2332,94363,Vizia,883,725,440,202,12,151,false,45.8,111.7,0.48
1601,282475,Gangsta!,16619,14237,4789,2458,201,1461,false,31.3,111.7,0.48
1509,328479,Living Forest,604950,587003,54764,43264,8384,8837,false,30.4,111.6,0.48
2500,14781,Drôles de Zèbres,7076,4374,5766,2590,26,102,true,46.1,111.4,0.48
2512,457476,Spirited,2889,1784,3624,1522,25,115,false,51.6,111.3,0.48
1873,366013,Heat: Pedal to the Metal,46238,40075,27781,18329,1267,577,false,50.5,111.3,0.48
1745,380165,Next Station: Tokyo,141738,118534,39679,21788,2151,1564,false,31.7,111.3,0.48
2146,368173,Let's Go! To Japan,182299,167198,36146,22166,2975,2913,false,31.8,111.2,0.47
37,70919,Takenoko,602467,561341,72971,47181,6923,8517,false,25.3,111.0,0.47
30,108745,Seasons,1022468,998916,42413,26105,5320,8669,false,14.6,110.9,0.47
1940,264241,Mandala,66074,55394,15229,8640,933,1357,true,33.4,110.8,0.47
1243,4583,Pinochle,4403,2882,1421,668,59,325,false,33.8,110.8,0.47
2162,425428,Survive The Island,85513,70075,49740,26473,1274,1877,false,42.2,110.7,0.47
1503,,1503,109394,96804,48030,27103,1518,2288,false,36.1,110.4,0.47
1175,180974,Potion Explosion,602457,564255,56170,34913,7011,8594,false,23.6,110.2,0.47
2028,399941,River of Gold,47079,41228,18476,12655,874,953,false,41.5,110.1,0.47
1030,105265,Battle of LITS,13291,9091,4222,1441,182,616,true,33.8,110.1,0.47
2516,401636,Tacta,111304,97345,41049,24183,1726,1016,false,34.8,109.8,0.47
1473,288254,Simplicity,14062,10509,9467,4576,168,541,false,41.1,109.7,0.47
2340,437301,Ink,89837,82916,15717,9658,1196,1625,false,28.2,109.5,0.47
1821,379290,Timeline Twist,58279,27089,36347,10703,401,1395,false,38.6,109.4,0.47
2594,435330,Pondscape,14423,11382,7961,3967,202,534,false,42.9,109.3,0.47
2240,349082,Kingscraft,9502,7441,4138,2292,145,248,false,51.2,109.1,0.47
1865,351476,My City: Roll & Build,79790,70758,19364,11073,969,5328,false,28.9,109.1,0.47
1035,54321,Evo: The “Game no Name”,203,160,104,37,4,134,false,69.1,109.1,0.47
1541,352818,Twin Palms,5396,3751,4573,2221,48,203,false,55.5,109.0,0.47
1839,340541,Wizards of the Grimoire,66084,50504,16414,6108,640,3155,true,26.0,108.9,0.47
1749,370193,Roll to the Top: Journeys,174280,159079,27639,17446,2410,4934,false,34.3,108.9,0.47
1003,123540,Tokaido,534898,454046,205258,110375,9600,10382,false,39.5,108.8,0.47
1536,309886,Worldwide Tennis,16306,14145,5187,2025,169,778,true,23.8,108.6,0.47
2250,421232,Captain Tsubasa: The card game,35939,32228,7400,3267,369,1351,true,26.7,108.4,0.47
1225,107529,Kingdom Builder,603399,586084,28715,18068,4485,6834,false,17.0,108.2,0.47
2194,379153,Pacifica,2798,2122,1083,557,33,264,true,38.9,107.7,0.46
1012,54321,8 Masters' Revenge,24333,21419,4997,2014,216,3325,true,24.7,107.3,0.46
1404,240835,Bug,21883,15559,6875,2741,274,699,true,31.2,106.8,0.46
1689,361241,Vaalbara,8903,7490,3371,1841,131,427,false,32.6,106.6,0.46
2624,469760,Journey Horizon,1074,858,813,527,6,40,false,40.2,106.4,0.46
47,54137,Battle Sheep,388073,272735,192360,84141,3773,4224,false,35.9,106.4,0.46
1635,266192,Wingspan,845886,810291,69966,48213,11962,1744,false,22.4,106.0,0.46
1628,284435,Nova Luna,602464,586969,40860,32152,6764,17720,false,21.9,106.0,0.46
1560,10630,Memoir '44,604958,575467,45907,29375,5772,6810,true,20.8,106.0,0.46
2031,373636,Takenokolor,147471,136696,28084,18897,2280,5236,false,29.1,105.9,0.46
2438,447254,Azure,9290,6835,3717,1663,115,646,true,32.2,105.7,0.46
1497,275044,Glow,69803,60543,21827,12676,1117,4167,false,32.2,105.6,0.46
2808,466239,Fugu,1105,675,939,436,5,61,false,54.6,105.5,0.46
1163,161417,Red7,316379,257997,159582,86721,3345,4563,false,32.8,105.0,0.45
1228,267378,Chakra,602452,595310,17626,13455,4231,7619,false,16.2,104.6,0.45
2040,387015,Spring Cleaning,2753,2279,1542,944,50,300,false,47.5,104.4,0.45
1845,37904,Formula D,131414,121228,32021,21976,3316,1362,false,38.9,104.4,0.45
1409,303672,Trek 12,412311,392579,44630,31625,5389,26396,false,23.2,104.2,0.45
1023,156566,Lords of Xidit,25297,20562,22252,12246,480,1481,false,49.9,104.1,0.45
2394,161882,Irish Gauge,2816,2014,4617,2567,24,60,false,74.5,103.8,0.45
2013,416832,Khiva,9577,7531,5896,3265,135,238,false,38.2,103.8,0.45
1764,382960,Line It,73910,67884,13648,8991,1023,3009,false,27.8,103.8,0.45
1697,353543,Lost Seas,97469,90393,17955,12377,1289,4946,false,28.1,103.7,0.45
2196,387514,Stonespine Architects,60911,53196,18740,12050,1038,3326,false,32.5,103.6,0.45
1752,344839,Dog Lover,24528,20089,6252,2953,370,696,false,30.1,103.6,0.45
1587,216428,Seikatsu,60400,52816,12122,6507,892,2429,false,29.3,103.3,0.45
2134,402324,Eternitium,39296,34287,11502,6316,586,1365,false,29.4,103.1,0.45
2079,421255,Batalla de Coronas,705,395,584,184,4,62,true,47.2,102.8,0.45
1826,388539,Quibbles,59669,50868,16937,7746,554,6787,false,25.7,102.8,0.45
2505,450337,Rowdy Partners,1194,659,1672,653,5,67,false,85.5,102.5,0.45
2753,468087,Bizarre Manor,20977,17533,8291,4501,347,342,false,33.5,102.3,0.45
64,10,Elfenland,79042,61754,43739,19132,805,5520,false,31.9,102.1,0.45
1531,42,Tigris & Euphrates,50959,44395,21024,13453,1096,1935,false,43.5,101.8,0.44
2045,283482,Zookeepers,3660,2353,3327,1436,29,250,false,40.3,101.7,0.44
1648,366456,My Shelfie,311512,290016,56928,36711,4059,4744,false,26.5,101.6,0.44
2082,424219,Zenith,352645,334759,39598,28923,5608,4630,true,26.5,101.5,0.44
2186,395512,Bunny Boom,3964,1541,5754,1427,9,234,false,36.2,101.0,0.44
1735,365698,Rainforest,88129,83335,12534,9168,1419,1862,false,27.7,101.0,0.44
1928,392197,GrumbleStone,21532,18376,6159,3077,236,4066,false,23.5,100.9,0.44
21,116975,Diam's,11246,7395,6703,1793,116,1118,false,29.4,100.7,0.44
7,6249,Alhambra,604958,571648,80414,54861,9280,8357,false,25.8,100.5,0.44
1380,,Pingimus,35203,16717,39324,11721,519,1235,false,43.8,100.1,0.44
2439,448482,Jokerball,1057,740,660,271,11,144,true,40.1,100.0,0.44
2057,403754,Middle Ages,133706,123942,29429,20327,2289,3046,false,28.6,100.0,0.44
2132,387769,Kiri-ai: The Duel,9239,3216,4827,983,56,353,true,38.8,99.9,0.44
1018,143519,Quantum,73859,62921,26093,13562,1046,2177,false,33.1,99.6,0.44
1704,371922,Rauha,82181,76942,15504,10666,1280,2375,false,27.7,99.4,0.44
1743,161614,Stockpile,12737,8012,12821,6449,101,320,false,45.3,99.3,0.44
2626,383190,Positano,864,448,1124,464,4,44,false,31.4,98.7,0.43
2244,434654,Toy Battle,602469,570213,45926,32817,7383,5388,true,21.5,98.6,0.43
2002,415108,Crisps!,8682,6493,2814,1212,103,368,true,27.4,98.5,0.43
2066,414107,Ratjack,21958,17207,12740,6867,248,981,false,30.8,98.4,0.43
1506,339107,Kmakici Family's greatest teatime,5891,2032,5316,1076,34,155,false,35.6,98.4,0.43
1667,346057,Don't Go In There,13727,7048,15808,4784,82,394,false,34.8,98.3,0.43
1583,353799,Rolling Pins,18525,13998,9536,3462,229,585,false,33.2,98.3,0.43
1848,381278,Dracula vs Van Helsing,132535,102440,35340,17314,1588,2459,true,32.1,98.0,0.43
56,125618,Libertalia,121266,100729,69885,33763,1333,4919,false,26.8,98.0,0.43
2356,419130,HUTAN: Life in the Rainforest,69123,63995,11926,8175,1097,2234,false,26.5,97.9,0.43
1266,173346,7 Wonders Duel,1022124,978639,64450,44943,11816,3943,true,19.4,97.6,0.43
1105,211533,Veggie Garden,18894,9626,17946,4325,121,624,false,37.3,97.6,0.43
2278,436073,Kani Nari Ebi,2167,297,1359,129,5,55,true,80.9,97.4,0.43
1934,404041,Flowers,460295,450893,21827,16382,4108,4773,false,17.7,97.3,0.43
2509,,Carnuta,66194,59755,18517,12741,1083,1037,false,32.0,97.1,0.43
1871,56796,Let's Catch the Lion!,33606,6701,15522,1246,57,1691,true,17.7,96.8,0.43
1574,359061,Rive,169,144,85,45,3,41,true,85.8,96.7,0.43
2232,411872,Bower,6452,4180,4250,1709,53,118,true,33.8,96.5,0.42
2354,2181,Contract Bridge,1816,1238,1207,543,27,269,false,56.3,96.3,0.42
1854,256960,Pax Pamir: Second Edition,49644,45132,19522,13443,1147,2809,false,41.8,96.2,0.42
2448,438417,The Last Droids,11174,7710,8070,3947,83,127,false,35.7,96.0,0.42
2014,417487,Tapas,2526,882,2053,505,5,46,true,42.8,95.8,0.42
1508,364,Samarkand,3526,2165,3002,1295,19,673,false,71.0,95.7,0.42
1933,385529,The Vale of Eternity,329869,312391,52824,39465,4826,3763,false,25.0,95.3,0.42
2329,1597,Streetcar,43657,37764,12327,7019,780,1004,false,31.9,95.2,0.42
2506,446519,Miams,235170,225273,23597,16651,2747,2663,false,19.9,95.0,0.42
2422,255613,Congkak,2151,1424,1137,352,24,193,true,49.2,95.0,0.42
2723,435360,Waddle,1551,915,1862,815,10,45,false,75.8,94.9,0.42
1597,251433,Yokai Septet,11996,8394,6930,3391,166,425,false,39.2,94.9,0.42
1897,341358,Donuts,161581,124567,29197,13780,1678,2928,true,21.3,94.7,0.42
34,85005,The Boss,70562,51045,51207,24700,829,3662,false,36.6,94.2,0.42
2372,413737,Beyond,8510,6498,4158,2190,95,419,false,25.7,93.8,0.41
1893,233078,Twilight Imperium: Fourth Edition,7069,6281,7400,5443,158,414,false,67.4,93.8,0.41
1316,297129,Jekyll vs. Hyde,135606,93119,52297,21460,1342,3689,true,29.3,93.8,0.41
1802,379629,Knarr,314310,301722,39075,30172,5210,7810,false,25.8,93.4,0.41
2229,423667,Monster Hex,1171,506,1289,442,7,53,false,51.7,93.3,0.41
2295,13123,500,1691,989,863,363,23,238,false,32.7,93.1,0.41
2783,472157,Breadcrumbs,901,628,1059,557,22,121,false,42.3,93.0,0.41
2397,814,Aquarius,2658,1632,1866,809,18,184,false,26.6,92.5,0.41
1902,383790,Romi Rami,50998,46517,12420,8901,853,826,false,26.6,92.5,0.41
1680,312959,Rallyman: DIRT,2854,2328,1557,842,59,406,false,42.1,92.5,0.41
1900,14996,Ticket to Ride: Europe,602462,567689,69823,45280,8870,5674,false,21.0,92.4,0.41
1422,300369,Boomerang: USA,15377,12173,8564,5083,240,514,false,35.1,92.4,0.41
1831,358669,12 Chip Trick,8583,5859,8505,4355,67,186,false,37.9,92.2,0.41
1720,25182,24/7: The Game,26910,24575,4523,2831,342,1478,false,21.2,91.7,0.41
2135,420385,The Yellow House,6896,4227,5098,1987,51,163,true,34.2,91.1,0.4
2403,396706,Massive-Verse: Fighting Card Game,15467,11510,7363,3450,189,618,true,26.1,91.0,0.4
1421,300367,Boomerang: Europe,27955,23399,12593,7466,472,989,false,33.4,90.8,0.4
1167,133473,Sushi Go!,50000,44893,17127,10423,909,1589,false,29.5,90.8,0.4
2267,400756,Wizards Cup,12191,7862,7850,3091,118,235,true,31.3,90.6,0.4
1215,131199,Soluna,303510,44319,110643,10155,321,4628,true,13.9,90.4,0.4
2276,284653,Mind MGMT,13618,8352,9214,3317,131,324,false,30.9,90.1,0.4
2073,17104,Canasta,104222,99194,8578,6030,1240,3163,false,19.5,90.1,0.4
1192,121015,Tea Time,51826,37426,22303,10488,781,1391,false,30.7,90.1,0.4
10,28143,Race for the Galaxy,1022463,995199,28521,18051,5368,9572,false,11.3,90.1,0.4
1550,346747,Pier 18,5732,3919,3629,1426,61,493,false,30.2,90.0,0.4
1542,9209,Ticket to Ride,1022478,982541,92970,67710,16496,4692,false,20.1,90.0,0.4
1490,222643,The Lady and the Tiger (Doors),10271,4622,6935,1702,55,413,true,31.3,89.9,0.4
2199,417323,Panda Spin,21802,18582,9886,5843,350,946,false,31.4,89.3,0.4
2016,40692,Small World,151839,134537,50767,30272,2618,3250,false,30.0,89.2,0.4
1984,350185,Draft & Write Records,221554,214687,18948,14956,3748,4126,false,20.7,89.2,0.4
1275,147151,Concept,211254,84933,287477,77879,1313,2493,false,46.4,89.0,0.4
2374,447243,Cardia,164926,151314,29177,20244,2431,1948,true,23.1,88.4,0.39
2117,452404,Naishi,51126,44842,9895,6470,777,1439,true,24.2,88.0,0.39
1429,329641,King of the Pitch,3686,2200,3495,1120,27,370,false,30.6,87.5,0.39
1083,192343,Bubblee Pop,68846,63360,6975,3933,1002,1498,true,19.9,87.4,0.39
1152,251060,Saint Poker,52696,24379,48324,11637,427,1000,false,31.7,87.3,0.39
1767,6941248,Volto,25005,18907,7446,3800,291,1574,true,24.7,87.2,0.39
2709,457283,Bunny Kingdom Town,36848,29412,11107,5855,568,534,true,26.6,87.0,0.39
2325,437334,The Hanging Gardens,24140,20921,8012,4805,380,461,false,26.2,86.9,0.39
1804,356123,Turing Machine,218104,164613,48294,25681,3427,1940,false,28.6,86.8,0.39
1889,353152,Framework,217019,204847,20948,13288,2543,6211,false,18.5,86.5,0.39
2543,459170,Good Fortune,3222,2457,1535,841,40,133,true,28.1,86.4,0.39
1725,20551,Shogun,5929,4857,6400,4013,126,325,false,64.8,86.3,0.39
1684,306182,Bandada,9185,6717,4524,1952,84,485,true,23.4,85.9,0.38
2398,414349,Bebop,881,497,1369,581,3,50,false,121.3,85.8,0.38
1722,221965,The Fox in the Forest,33281,24023,15113,6893,311,1757,true,23.4,85.8,0.38
1586,227466,Break the Code,602495,551824,51401,30510,6508,11940,false,22.4,85.6,0.38
2308,63371,Crash,2446,1928,762,339,30,411,false,23.9,85.4,0.38
1099,150599,Takara Island,19451,12793,10935,4171,225,1282,false,31.7,85.4,0.38
2544,446530,Charuma,8522,6330,7152,3599,81,140,false,36.8,85.3,0.38
1223,210008,Off the Rails,41053,30991,18049,6750,498,2223,false,21.8,85.1,0.38
1310,264055,Draftosaurus,600472,536672,127039,89342,13859,5854,false,30.5,84.9,0.38
1172,6688,99 (trick taking game),12415,10230,7198,3363,118,3275,false,26.4,84.7,0.38
2533,378983,Tipperary,189114,180887,13643,9709,2415,4179,false,17.4,84.5,0.38
1330,118497,Trick of the Rails,3973,2717,4960,2189,32,288,false,31.7,84.4,0.38
1375,29073,Uptown,21724,18209,10080,5902,384,1283,false,31.1,84.2,0.38
2328,172309,Monster Trick,951,555,1308,641,5,60,false,46.0,84.0,0.38
2371,420061,Yaxha,30819,26659,10428,6110,502,1130,false,25.4,83.8,0.38
2109,406854,Odin,69203,64349,13936,9508,1300,745,false,23.8,83.7,0.38
2597,467495,Dragon Overload,11431,8753,5288,2924,128,367,true,30.0,83.4,0.38
2259,434293,Blast Radius,1975,1500,817,343,16,660,true,23.4,83.4,0.38
1229,280107,Kami,70335,47408,27821,10278,969,2098,false,30.5,83.4,0.38
1456,259708,Diced Tomatoes,40827,32294,16309,6093,494,2814,false,20.5,83.3,0.38
2373,440843,Moonshine,77107,69572,14361,8876,1215,2123,false,20.4,83.2,0.37
2456,416005,Time Splicers,156,93,188,79,2,42,false,109.0,82.7,0.37
2542,,Ticket to Ride Maps,467057,423580,58976,34229,6206,2687,false,17.8,82.4,0.37
1470,236905,Castles of Caleira,9159,5485,5161,1857,66,476,false,27.7,82.1,0.37
2212,417334,Choconnect,23403,16801,8912,4160,246,1602,false,23.1,81.8,0.37
1289,247160,Dinosaur Tea Party,30777,17793,31935,10530,406,640,false,37.0,81.8,0.37
1907,190950,Inverted Dice,4359,3526,1838,926,39,816,false,19.0,81.4,0.37
1739,224122,AVES,2025,1277,1792,790,13,97,false,53.2,81.2,0.37
1706,,Mod Ten,6924,4714,3082,846,63,1201,false,21.1,81.0,0.37
2083,63975,Mountain Goats,320330,298416,54405,37500,5468,4429,false,21.1,80.9,0.36
2309,42499,1000,3214,2587,963,536,43,423,false,26.1,80.7,0.36
2607,437939,Double Seven,215985,208388,19771,14620,3657,2157,false,18.5,80.6,0.36
2098,438594,Odicey,620,460,253,86,5,292,false,18.5,80.4,0.36
2391,362366,Junk Drawer,23471,15048,12529,5787,258,539,false,28.1,79.9,0.36
1954,387378,MLEM: Space Agency,45414,33185,34052,18544,501,647,false,27.1,79.9,0.36
1669,341530,Super Mega Lucky Box,37466,34320,10574,6926,703,599,false,22.9,79.8,0.36
1125,234834,Apocalypse at the Zoo of Carson City,429,220,492,149,4,51,false,42.4,79.5,0.36
1959,411050,Goblin Hood,2269,973,3103,824,8,64,false,30.1,79.4,0.36
1272,294235,Crime Zoom: A Dirty Objective,26104,1303,50609,1258,9,899,false,25.7,79.4,0.36
2184,428457,Refuge,38998,34722,10009,5894,579,2872,false,22.8,79.2,0.36
2012,345972,Cat in the Box: Deluxe Edition,77269,63401,44817,25789,1024,3535,false,22.7,79.0,0.36
1561,192291,Sushi Go Party!,400376,318717,151945,78578,7580,9169,false,26.5,78.9,0.36
1477,337784,Number Drop,89626,76508,22979,10881,985,6369,false,18.2,78.9,0.36
51,87288,Cinco,77219,60016,25245,14360,1245,1456,false,27.7,78.6,0.36
2747,389113,RIVALS,596,467,713,413,13,109,false,52.6,78.4,0.36
1563,358790,Farm Club,51029,45624,13874,7998,676,1701,false,22.3,78.4,0.36
1791,379625,Elawa,66385,62536,11329,7535,1024,2297,false,19.7,78.2,0.35
2292,241164,Jurassic Snack,36282,26099,11145,4293,381,1482,true,20.3,77.8,0.35
1759,53330,Ticket Gagnant,9422,7089,6357,3076,115,902,false,27.8,77.7,0.35
1102,193122,Stir Fry Eighteen,138473,108008,48216,24387,2081,1593,false,26.0,77.7,0.35
1921,348447,Hens,7861,6591,2050,1016,97,1262,false,19.3,77.5,0.35
1199,182116,Dingo's Dreams,81323,59103,38169,15103,944,2773,false,23.4,77.2,0.35
1510,115,I'm The Boss,5690,841,10871,1397,6,88,false,88.0,77.1,0.35
1945,411875,Pixies,602468,588318,44944,35420,7743,6770,false,16.4,77.0,0.35
1616,313822,Tic-Tac Match,104486,61279,30855,10519,1058,2658,false,23.0,76.9,0.35
1402,319793,Happy City,30325,24265,9687,4979,471,750,false,23.3,76.8,0.35
1558,202582,Trellis,34576,28900,9971,4874,447,3161,false,22.5,76.6,0.35
1218,284229,Butterfly,373758,339241,55071,35457,5831,7589,false,19.3,76.4,0.35
2535,85250,The Dwarf King,8331,7191,7526,4962,123,458,false,30.0,75.7,0.35
2526,188866,Awkward Guests: The Walton Case,2421,1171,2765,1088,11,108,false,30.3,75.7,0.35
1769,158600,Hanamikoji,220702,197596,37139,21998,2482,7374,true,16.6,75.5,0.34
2465,367584,7th Sea: City of Five Sails,526,407,371,177,6,101,false,100.1,75.4,0.34
2400,438523,Tsukuru Ten Ten,8669,6976,3989,1827,89,643,false,22.3,75.4,0.34
62,463574,P.I.,263045,232393,69619,45057,4466,8867,false,22.7,75.2,0.34
1472,108018,Japanese (Riichi) Mahjong,6406,5484,7231,4476,141,482,false,39.4,75.0,0.34
1835,11582,Schnapsen,14084,12428,1814,1058,148,1771,true,16.7,74.7,0.34
1576,347013,Get on Board: New York & London,95068,85229,25107,15716,1537,1911,false,21.6,74.6,0.34
1406,332944,Sobek: 2 Players,135886,117438,17498,9992,1627,8225,true,17.2,74.6,0.34
1188,258723,ToeShamBo,148243,101459,27319,11818,1914,2451,true,20.8,74.6,0.34
2729,420242,Vivo,521,376,802,451,3,117,false,42.8,74.5,0.34
2174,29355,Knister,59166,51053,12087,7223,776,1870,false,18.7,74.5,0.34
55,152359,Machiavelli,437225,419693,30756,18795,3770,21963,false,12.7,74.5,0.34
1424,146130,Coin Age,2726,1404,2019,555,20,203,true,21.9,74.3,0.34
1393,17240,That's Life!,71259,59894,28590,14052,903,4181,false,20.0,74.3,0.34
1246,308532,Illustori,67883,26320,92990,33165,154,320,false,44.6,74.3,0.34
2388,424198,Jewel Box,1103,677,1090,513,9,48,false,29.9,74.2,0.34
68,94891,Kabaleo,45081,21368,34548,9471,276,490,false,23.2,74.1,0.34
1008,432,6 nimmt!,1017467,936855,235430,148680,22696,5470,false,21.8,73.8,0.34
2347,428058,Up or Down?,86325,79124,23714,15863,1380,1178,false,20.2,73.6,0.34
1734,355739,Tang Hu Lu,19111,15615,6101,2796,238,1112,false,19.3,73.6,0.34
2736,400752,Piles!,111444,106011,17297,12732,2572,1134,false,20.8,73.5,0.34
1573,274960,Point Salad,243461,222051,44992,29036,3809,4130,false,18.5,73.4,0.34
2454,446637,Matchstick Tycoon,14960,8957,10909,4007,145,457,false,20.5,73.3,0.33
1790,370139,DIG UP Adventure,61988,53983,14635,7094,665,5266,false,17.2,73.3,0.33
1131,68448,7 Wonders,1022480,993281,123702,94806,21921,8971,false,18.6,73.1,0.33
1895,362700,Biomos,83274,74826,18712,12218,1301,3862,false,18.8,72.6,0.33
2642,370597,Fugitive,90317,71945,18786,8475,1407,3085,true,21.1,72.4,0.33
2306,18121,Cassino,2766,2085,869,478,47,246,false,23.4,72.4,0.33
1313,172933,Dragonwood,65432,51793,25634,14177,912,1176,false,21.7,72.3,0.33
1592,205597,Jump Drive,301210,281788,20618,12313,2884,11198,false,13.2,72.1,0.33
2647,22950,Play Nine,2900,1990,1608,832,29,331,false,23.1,71.8,0.33
2669,464261,Next Station: Berlin,2328,1238,2252,912,4,105,false,44.0,71.7,0.33
1639,18103,Tiến Lên,3994,1703,1457,485,40,375,false,24.7,71.3,0.32
2407,183006,Qwinto,445543,427531,40625,28889,5409,7371,false,14.4,71.0,0.32
2053,416851,Castle Combo,605005,583845,54424,40394,8118,4651,false,15.0,71.0,0.32
2635,453893,Collect,77496,66325,23136,14412,1403,1257,false,21.9,70.3,0.32
2011,365742,Bacon,2170,1292,3451,1616,20,135,false,51.0,69.1,0.32
1824,15878,Rummy,1978450,1938433,72331,51906,13865,13335,false,10.0,69.0,0.31
1719,,1719,3501,1700,1596,430,30,337,true,21.0,68.9,0.31
2058,413948,Festival,71863,66244,12189,7847,1079,1350,false,16.3,68.9,0.31
2272,432451,Symbiose,213214,201712,28073,21151,3651,4757,false,18.3,68.5,0.31
2342,437781,Digit Code,421911,402876,33491,20110,4745,3865,false,14.4,68.4,0.31
1836,4376,Kings in the Corner,105222,94700,13744,8226,1491,2282,false,14.2,68.4,0.31
2185,359961,Pentaquest,19837,15083,12387,5404,266,597,false,23.2,68.1,0.31
2667,460461,Pyramis,11203,9015,5711,2983,134,866,false,20.9,68.0,0.31
1570,359878,Splito,25879,21376,16588,9825,452,1544,false,23.7,67.5,0.31
1295,212027,Balloon Pop!,19455,9485,22077,5509,107,546,false,19.5,67.5,0.31
1698,32288,Dou Dizhu,12639,4128,5621,1449,64,559,false,19.6,67.3,0.31
2583,402207,YRO,118373,112374,11191,7044,1495,2300,false,14.3,67.2,0.31
1505,13328,Chromino,327775,297708,62461,28087,3288,6126,false,12.6,67.0,0.31
1191,75668,Whist 22,93575,85703,25228,17619,1753,4592,false,21.8,67.0,0.31
2759,466241,Odysseus,1103,850,1047,639,6,44,false,42.7,66.7,0.31
2246,400265,Cake Master,6301,4858,3150,1578,70,992,false,19.3,66.7,0.31
1514,302280,Shifting Stones,507762,473734,58474,35711,6011,8105,false,14.5,66.7,0.31
2119,406852,Bauer,1536,958,1260,549,15,242,false,20.5,66.5,0.31
1998,414816,Road to 300,6199,3830,3676,1218,59,315,false,22.5,66.5,0.31
1712,375440,61 Autumn leaves,101452,96768,14553,10757,1733,1928,false,16.3,65.6,0.3
2192,349131,Splitter,27911,21282,11363,6162,360,1007,false,20.9,65.5,0.3
1025,158899,Colt Express,399878,302661,318391,176467,5438,6178,false,26.8,65.5,0.3
1428,242302,Space Base,604955,583765,40399,28506,7213,3485,false,13.0,65.4,0.3
2691,455344,Drako: Aetherya Pocket,1214,1010,665,372,20,85,false,28.0,65.3,0.3
1255,296167,Boomerang: Australia,61597,51849,23670,14569,1182,1657,false,21.8,64.8,0.3
1772,402126,Pocket Cats,177048,119343,52703,18101,1914,2442,true,16.1,64.6,0.3
1014,54321,Koryŏ,10968,9146,2598,1106,128,829,false,16.1,64.5,0.3
2378,435323,15 Jours en France,3714,3024,1816,1047,51,209,false,21.2,64.3,0.3
1690,355881,Cubosaurs,47809,32094,26885,12305,656,564,false,23.5,64.1,0.3
1555,116858,Noah,54204,45345,20662,11749,862,1054,false,19.3,64.1,0.3
1376,184346,Go Nuts for Donuts,277302,218751,121088,71710,5390,1247,false,23.5,64.1,0.3
1631,367220,Sea Salt & Paper,600033,577042,49285,35695,8238,2987,false,13.4,63.6,0.29
2049,233961,Claim,12184,8404,5538,2718,126,667,false,18.6,63.5,0.29
1386,276042,Conspiracy,465395,450825,31832,21890,4702,14494,false,11.9,63.1,0.29
2613,382958,Les Toits de Paris,2324,1811,1541,855,32,66,false,24.3,62.8,0.29
2401,408727,CATAN New Energies,19647,15141,17578,8099,340,1629,false,27.4,62.7,0.29
2508,453781,Cry Baby,12775,11240,7514,5168,265,461,false,24.9,62.6,0.29
2478,457436,All In: Predictions,23516,19807,10542,6092,439,538,false,19.9,62.6,0.29
1562,299544,Exhibition: 20th Century,203563,197943,12808,8642,1802,4651,false,10.2,62.3,0.29
1024,102148,Noir: Killer versus Inspector,295217,149074,62663,18801,2750,1992,true,17.4,62.3,0.29
1523,317299,Loco Momo,519311,502208,30325,19805,4573,18223,false,10.9,62.2,0.29
2742,464695,Texas Bingo,50643,44956,13679,8270,869,1302,false,18.4,62.1,0.29
1939,172225,Exploding Kittens,491049,417356,134663,75036,6605,11594,false,16.7,61.9,0.29
1742,372559,Spots,436975,383798,83187,48730,6298,4499,false,15.4,61.4,0.28
1949,395846,Mojo,602486,583339,31285,20942,5257,10556,false,10.4,60.5,0.28
2653,231027,Bye-Bye Black Sheep,1206,971,768,448,16,117,false,15.5,60.3,0.28
1611,38984,MOW,15851,11593,12296,7001,168,291,false,23.6,60.0,0.28
1765,13597,Big Two,20528,10367,10190,2982,213,992,false,20.2,59.6,0.28
1221,1403,Turn the tide,41821,28119,40940,21879,581,1163,false,27.2,59.6,0.28
1133,11733,Briscola,201231,176247,49838,28363,2257,6703,false,13.6,59.6,0.28
1782,307450,The Number,18211,13446,17075,8927,261,497,false,23.6,59.5,0.28
2222,420862,LUZ,22547,20316,12227,9000,566,392,false,23.2,59.4,0.28
2046,420793,Dicy Cards,55673,47901,15770,8803,745,1442,false,13.7,59.4,0.28
1357,,Sparts,3717,2376,2524,1429,73,250,false,32.2,59.4,0.28
2799,425335,POP!,627,369,635,317,4,45,false,22.2,59.3,0.28
1126,,Hypnosia,41714,31861,20820,5848,520,2610,false,16.4,59.3,0.28
2303,424152,Orapa Mine,213459,195124,24715,14844,2839,3723,false,14.9,59.2,0.27
1111,2425,Battleships Pencil & Paper,604096,387548,221164,82271,5423,6643,true,15.5,59.2,0.27
1899,8089419,Bloxo,22996,18525,6326,3580,347,715,false,16.6,59.1,0.27
2552,418825,Scream Park,872,471,851,292,6,104,false,92.0,58.9,0.27
1958,407627,Cheez-Tricks,2994,1829,2984,1317,25,118,false,24.2,58.9,0.27
2147,422484,King of Tokyo Duel,68502,55654,10197,4607,833,2904,true,12.8,58.6,0.27
2180,311702,Piratas!,1346,675,1404,579,7,66,false,25.2,58.5,0.27
1452,216497,District Noir,182190,156885,32462,17851,2268,7443,true,13.8,58.4,0.27
1253,138788,Dungeon Roll,260058,228701,49445,21528,2246,11036,false,11.6,58.4,0.27
1153,20528,Palace,76075,62021,13198,5007,603,3072,false,10.4,58.0,0.27
27,125028,Color Pop,601902,531268,95866,46985,5427,18805,false,10.9,58.0,0.27
1539,13,CATAN,1019952,1003594,120911,100414,24809,1848,false,16.2,57.9,0.27
1368,444,Hugo,185319,146828,85396,49813,3536,2001,false,21.9,57.7,0.27
1197,6974,Barbu,22228,16718,9489,5565,513,739,false,19.8,57.7,0.27
2534,432456,dnup,121163,111815,32422,22716,2905,631,false,19.1,57.5,0.27
2618,464056,Spooky Tower,96358,87361,17066,10301,1608,2109,false,14.5,57.4,0.27
1816,218530,Tortuga 1667,3159,1325,6146,1976,25,116,false,25.7,57.4,0.27
1868,385761,Faraway,604944,591452,33344,25274,6024,5723,false,9.7,57.3,0.27
23,66171,Dragonheart,524235,479866,50879,26632,4917,14379,true,10.6,56.3,0.26
2004,311031,Five Three Five,1531,1022,853,461,18,114,false,25.7,56.2,0.26
1776,377515,Mind Up!,49689,45501,19868,14143,1193,1358,false,20.7,56.2,0.26
1204,118247,Lucky Numbers,1019978,985141,62146,45484,11893,7033,false,11.2,56.1,0.26
1397,18399,Sevens,54997,32706,26770,6823,698,1503,false,22.1,56.0,0.26
1906,2394,Dominoes,336183,315696,42414,20136,2048,14332,false,8.8,55.6,0.26
2501,422732,Agent Avenue,346770,307148,46213,32112,5106,3658,true,13.0,55.2,0.26
2384,449185,FlipToons,32242,28848,9128,5999,611,751,false,16.6,55.1,0.26
1872,12131,42,732,488,932,518,8,136,false,36.7,54.5,0.25
1324,1465,Wizard,602454,590616,55363,43414,9650,6510,false,12.3,54.4,0.25
2537,453584,Pili Pili,233476,219594,42528,31410,5101,2065,false,17.6,54.2,0.25
2248,437052,Churn,2119,1283,1310,401,20,328,true,12.9,54.0,0.25
2201,357989,Quartz: The Dice Game,3499,2789,2665,1457,94,224,false,22.7,54.0,0.25
1947,320718,Hidden Leaders,22067,16317,16142,8122,317,791,false,23.0,54.0,0.25
1187,29223,Marrakech,452137,378086,183922,111439,7350,4602,false,18.0,54.0,0.25
1183,308357,Con Sonar!,9072,6491,5283,1517,102,1074,false,12.9,53.9,0.25
53,2397,Backgammon,603934,587205,29414,20868,5108,7180,true,8.4,53.9,0.25
1195,215311,Downforce,508492,477622,109462,80221,10607,7143,false,15.6,53.8,0.25
1262,300936,Via Magica,440970,416337,51390,34723,4937,11037,false,10.6,53.6,0.25
2,5782,Coloretto,547816,504320,143182,103729,10538,8782,false,15.9,53.6,0.25
2300,266722,Rumble Nation,57203,48166,23542,14386,975,1712,false,17.7,53.3,0.25
1979,143882,HUND,1244,675,1609,694,5,36,false,38.7,53.3,0.25
1353,329640,Detective Poker,4101,2283,5114,1703,38,249,false,24.1,53.3,0.25
2157,427063,Ekko,14999,11622,6687,3786,220,510,false,18.3,53.2,0.25
58,45,Perudo,82600,45254,60778,20214,1072,1906,false,20.5,53.2,0.25
1304,189489,Grand Bazaar,4935,3257,5175,1749,31,438,false,16.2,53.1,0.25
1621,110260,Roll'n Bump,272594,258894,29346,19236,3554,6983,false,10.8,52.8,0.25
1905,57536,Hachihachi,1095,778,1372,701,23,233,false,20.6,52.6,0.25
1210,245476,CuBirds,238163,221294,28216,17360,3327,2984,false,11.5,52.6,0.25
1260,7475,Hand and Foot,605002,589130,15449,10708,3144,13703,false,7.8,52.2,0.24
1213,236639,Flaming Pyramids,25838,18071,7989,2881,415,725,false,15.6,52.0,0.24
2270,431304,Mythicals the boardgame,41463,35837,9760,5658,627,950,true,14.8,51.8,0.24
1282,18946,Just Desserts,554545,493294,72756,37222,5622,10781,false,10.3,51.8,0.24
1525,344268,The Mother Road: Route 66,7233,5433,4166,1866,106,758,false,13.8,51.1,0.24
1278,286062,Haiclue,132560,78322,109627,45594,2296,2006,false,19.2,51.1,0.24
1970,407297,River Valley Glassworks,143440,129660,26955,18869,2582,2018,false,13.7,51.0,0.24
1797,360747,Skate Legend,11803,9154,5991,2741,138,827,false,12.9,50.8,0.24
1154,6819,Skat,45148,38836,7922,4307,571,3922,false,11.8,50.7,0.24
2443,449294,Dozito,285415,277017,20473,14663,3752,2439,false,10.4,50.5,0.24
1779,17521,Golf,369962,339036,29710,17324,4252,5125,false,10.2,50.5,0.24
1763,1269,Spite and Malice,439873,429062,11977,8631,2867,7226,false,6.8,50.4,0.24
1178,73365,Papayoo,604993,595642,51445,42631,9403,19244,false,11.8,50.4,0.24
1392,112598,Monster Factory,68478,47313,35704,13473,756,1404,false,13.4,50.3,0.24
1185,212436,Big Time Soccer,16410,11677,10076,2857,161,990,true,13.9,50.2,0.24
1439,70323,King of Tokyo,599970,561325,86215,52442,8740,8873,false,12.1,50.1,0.24
2034,419262,Mega Jackpot,27686,20906,14566,7118,327,842,false,16.7,49.8,0.23
1451,213953,Pyramid Poker,12538,8783,5653,2643,134,476,true,12.9,49.8,0.23
1351,259310,Sheep Boom Bah,19790,9954,9390,2983,205,796,false,13.5,49.6,0.23
2323,441764,Scratch and Catch,138253,129872,13523,8649,2079,4403,false,10.7,49.5,0.23
2047,359499,Pescado Novo,3329,2669,1653,917,42,368,false,14.9,49.5,0.23
2165,434906,Tag Team,172223,157670,28767,18974,2423,3080,true,10.9,49.1,0.23
2714,432085,Palourde,1288,1030,570,247,17,377,false,14.5,48.9,0.23
2476,462402,Citadels Duel,1777,704,2008,500,4,52,true,47.7,48.9,0.23
2763,466025,216,2219,1566,1369,714,24,234,false,15.4,48.4,0.23
1604,313442,Pugs in Mugs,27389,19368,13592,5601,330,1265,false,14.3,48.3,0.23
1925,387248,Unrest,4252,2587,2452,884,33,501,true,14.2,47.9,0.23
2108,382444,Fled,611,370,813,327,3,150,false,145.7,47.8,0.23
1985,366327,Nacho Pile,6289,3303,7054,1983,45,192,false,13.2,47.7,0.22
1714,376574,Splash Down,3566,1882,4054,1295,24,219,false,15.8,47.6,0.22
2068,414944,Park Life,1718,684,2298,628,2,32,false,60.8,47.5,0.22
1299,12942,No Thanks!,439777,284915,277448,112503,8903,6943,false,18.5,47.5,0.22
2894,453689,Petals,751,532,713,383,2,75,false,94.7,47.3,0.22
2364,359970,Challengers! Beach Cup,117439,109472,21736,15586,2689,1657,false,12.7,46.9,0.22
1485,217547,Can't Stop Express,473682,440680,45906,28214,5884,12272,false,9.0,46.9,0.22
2673,180602,Game of Trains,2592,1846,1635,880,26,150,false,20.3,46.4,0.22
1918,393325,Captain Flip,604972,582999,41173,30220,7548,7904,false,8.9,46.4,0.22
1036,40213,Nile,41500,35982,9966,4926,630,1499,false,11.4,46.2,0.22
2254,435652,Easy Peasy,304589,290605,24805,15854,3429,6269,false,8.6,46.0,0.22
36,6887,Hearts,604990,598142,30701,24469,7255,7585,false,8.0,45.9,0.22
2677,374595,Kelp,636,288,665,177,2,65,true,45.5,45.8,0.22
1711,352238,Turncoats,5949,3705,5090,2031,50,285,false,13.8,45.8,0.22
2639,465983,Bluff King,4206,1658,2733,528,45,436,false,16.0,45.3,0.21
1305,15878,Liverpool (Cozy Oaks) Rummy,45999,42389,3432,1809,362,3513,false,7.4,45.3,0.21
1194,20533,President,146817,114953,117114,49999,2996,2898,false,16.7,45.0,0.21
1813,172998,Mighty,3257,1109,1056,252,42,278,false,13.3,44.9,0.21
2043,415780,Lure,35113,25120,17982,9001,424,664,false,14.1,44.7,0.21
1141,194879,Not Alone,8721,5158,7797,2410,130,371,false,20.1,44.7,0.21
2720,456453,5Pairs,2681,2193,1715,1008,27,206,false,14.6,44.3,0.21
1810,19971,Toepen,2802,1320,1656,453,16,424,false,14.9,44.3,0.21
1707,379110,SETUP,35942,32200,4307,2878,558,1672,false,10.5,44.3,0.21
1271,13337,Solo Whist,6142,4914,2392,1668,182,483,false,16.5,44.3,0.21
1373,13350,Nain Jaune,14999,13216,3932,2315,222,869,false,9.3,43.9,0.21
2367,434683,Verso,71322,66457,12166,8384,1261,2326,false,11.3,43.8,0.21
1254,,Oh-Seven,24344,11010,8227,3096,280,799,false,15.9,43.6,0.21
1471,329845,Stella – Dixit Universe,213459,169723,132384,77200,5648,6286,false,16.9,43.5,0.21
9,50,Lost Cities,602465,580309,35810,24828,5637,6974,true,7.3,43.4,0.2
1342,175,Vulture Culture,186013,93184,108505,40410,2076,742,false,17.1,43.2,0.2
2000,149869,Sherlock 13,35620,22947,11971,4652,410,2242,false,12.4,43.1,0.2
2445,349750,Molly House,1651,1238,1894,1020,20,86,false,20.8,42.8,0.2
1990,357991,Dobro,19455,14092,10494,4970,268,409,false,13.3,42.6,0.2
1647,369336,Herd,13359,10041,4448,1368,126,3409,true,9.0,42.3,0.2
2025,403133,Festi’vibes,2070,1177,2378,896,17,114,false,20.7,42.2,0.2
2696,420797,Minefield,451,256,430,147,2,119,true,200.0,42.1,0.2
1426,302260,Abandon All Artichokes,604986,569050,51237,27462,5084,16131,false,7.3,42.1,0.2
2386,150145,Skull King,449144,435396,74667,58449,10695,3449,false,12.1,42.0,0.2
2693,472126,Ūnane,367,189,352,110,2,71,true,105.1,41.8,0.2
2622,394127,Yokai Pagoda,37688,33846,9320,6054,766,663,false,12.4,41.8,0.2
1751,352515,Trio,200178,165816,72531,49725,5317,1383,false,17.9,41.2,0.2
1762,382194,The Great American Fox Hunt,2086,985,1546,526,20,150,false,13.5,41.0,0.19
2689,446026,a_way,577,330,559,250,2,47,false,19.0,40.9,0.19
1119,3347,Solo,50006,43221,15578,7431,1143,904,false,12.4,40.8,0.19
1681,359970,Challengers!,525688,510173,58872,44135,8663,5864,false,8.9,40.4,0.19
1037,22501,Four Color Cards,43872,40274,6447,2640,248,12507,false,6.3,40.4,0.19
1855,25574,Gin Rummy,260923,242008,14206,9134,2611,5220,true,7.0,40.0,0.19
2433,372,Schotten Totten,449580,429782,36167,25317,4713,4596,true,7.2,39.8,0.19
1347,281417,Hoarders,32303,17955,28239,12305,332,469,false,18.6,39.8,0.19
1556,5451,Minhwatu,42636,35048,8398,3185,414,4761,false,7.5,39.4,0.19
2350,436400,Abra Chadabra,93795,86294,16101,10987,1853,2116,false,9.9,39.3,0.19
2036,415836,Slide,101387,92398,27197,19016,1789,1113,false,10.2,39.3,0.19
1070,1116,Oh Hell!,494206,466348,83576,55265,7560,11451,false,8.9,39.3,0.19
2140,425685,Dice Mission,36594,30338,12610,5864,455,1650,false,9.7,39.0,0.18
1775,221053,Hawaiian Hanafuda,9046,6690,2223,875,85,851,false,8.2,38.8,0.18
2379,350468,Hội Phố (Second Edition),775,543,1210,646,6,71,false,24.1,38.5,0.18
2168,428317,Kado,75387,68657,14723,9230,1159,3583,false,9.2,38.4,0.18
2238,336934,Love Links,108,73,82,27,2,48,false,48.4,38.3,0.18
1532,88900,Yaniv,22532,17751,4226,1788,220,3113,false,8.2,38.3,0.18
1438,102104,Star Fluxx,98401,72593,34542,11483,946,2653,false,8.3,38.3,0.18
2585,460372,Tally Up,32795,25308,20826,11751,456,255,false,13.9,38.2,0.18
1336,258,Fluxx,604956,498942,132434,52156,5219,7690,false,7.0,38.0,0.18
1634,320275,Ghost At Home,61777,44786,17911,5670,665,3071,false,8.5,37.3,0.18
1780,41247,Mia,16975,5730,7354,1605,124,321,false,12.9,37.1,0.18
1520,346703,7 Wonders Architects,607084,588364,44973,33624,8336,8794,false,7.0,37.1,0.18
2593,381248,Nemesis: Retaliation,12570,9615,6934,3784,306,658,false,20.2,36.7,0.17
1415,29351,Durak,59729,34306,12959,3653,507,1640,false,8.7,36.6,0.17
2204,425254,Ninjan,43129,34803,15522,7711,648,1481,false,10.1,36.1,0.17
24,9220,Saboteur,602886,442258,626389,302204,11188,8275,false,14.5,35.9,0.17
1237,215,Tichu,356920,352210,35959,29352,5682,10064,false,8.7,35.8,0.17
1146,172,For Sale,602243,556268,158771,109052,12711,24509,false,9.6,35.7,0.17
49,2243,Yahtzee,937657,862184,91198,51034,9762,6753,false,6.1,35.4,0.17
2497,453906,Strategic Reserve,794,461,627,191,7,94,true,10.3,35.3,0.17
2104,387388,Nanatoridori,303660,280407,49199,32931,5634,4027,false,10.4,35.2,0.17
1575,366915,Hoola,12012,6140,3506,980,100,1119,false,8.8,35.1,0.17
2581,463446,Visions,46828,42873,9495,5714,681,1216,false,8.0,35.0,0.17
1795,101425,Cucumber,13043,5589,9518,2226,130,357,false,13.1,35.0,0.17
2358,436257,CATATAↃ,4651,3057,4355,1829,35,143,false,11.4,34.8,0.17
1214,2398,Cribbage,604994,573478,29453,19693,5624,8908,false,5.7,34.7,0.17
1952,411255,Solstis,602452,587383,19957,14483,4768,7274,true,4.9,34.5,0.16
1377,321928,Penalty Challenge,16717,11217,11542,3261,144,738,false,7.8,34.4,0.16
1992,17530,Go-Stop,60904,50539,8984,3982,590,4319,false,6.8,34.3,0.16
2286,33964,Shokoba,5339,4618,2867,1711,72,207,false,10.0,33.9,0.16
1991,371787,Cradle to Grave,4418,1928,3275,1006,39,133,false,12.4,33.8,0.16
2409,434442,13 Leaves,10687,9566,6376,4746,204,605,false,13.9,33.6,0.16
1314,208766,13 Clues,318210,257059,105063,61303,8060,5258,false,15.0,33.6,0.16
1657,,1657,43826,34354,22437,12716,582,1362,false,11.0,33.5,0.16
1489,15889,Scopa,246854,230921,24604,14879,2246,8737,false,5.5,33.4,0.16
1078,175117,Celestia,138870,105088,172819,106792,2271,942,false,15.3,33.1,0.16
1132,181390,Buttons,363243,339140,43971,22396,3802,11636,false,6.4,33.0,0.16
1463,285892,Boss Quest,21494,10798,12974,3604,177,548,false,10.2,32.5,0.16
1662,10816,Blackjack,120272,61362,64915,17176,847,3801,false,8.2,32.4,0.15
11,41,Can't Stop,1022461,951849,107451,71207,15388,5321,false,6.9,32.1,0.15
1778,19957,31,40961,29709,11034,4720,625,770,false,8.0,31.8,0.15
1817,285040,Open Face Chinese Poker,64174,59471,6116,3813,711,2390,false,6.1,31.7,0.15
1241,592,Spades,257667,252924,22239,18134,3220,11129,false,6.8,31.5,0.15
2362,433285,Crazy Corgi,6066,3800,3133,1270,63,377,false,9.3,31.3,0.15
1190,15722,Coinche,410913,406423,18676,16455,4746,8379,false,5.9,31.3,0.15
2679,460955,IPSO,241235,234365,20169,15421,3637,2766,false,6.3,30.9,0.15
2482,8766280,Booty Dice,59883,49491,16241,8574,1133,1336,false,9.6,30.8,0.15
1294,568,Rage,60438,50314,20471,10034,1115,3233,false,7.9,30.8,0.15
2241,306500,Queen of Scots,4220,3872,847,620,63,912,false,7.5,30.6,0.15
1140,32346,Tock,602486,588423,23541,16819,4371,12295,false,4.2,30.4,0.15
2346,411543,My Shelfie: The Dice Game,233219,222344,24614,17545,3649,2215,false,6.6,29.9,0.14
61,11865,Koi-Koi,602445,553860,39739,20268,4525,16680,true,4.4,29.9,0.14
1331,1115,Poker Texas Hold'em,498897,456663,148929,103375,11783,5778,false,7.6,29.2,0.14
1834,20240,Écarté,4017,2631,1671,456,38,397,true,6.5,28.8,0.14
1435,288920,Fai-fo,217,152,259,103,6,98,false,12.0,28.5,0.14
1328,287084,Oriflamme,309897,277668,88730,54926,6833,4726,false,7.9,28.0,0.13
2337,363183,Tokaido Duo,1421,793,1130,438,4,45,true,29.3,27.9,0.13
2603,,Group,474,229,455,124,2,71,true,16.0,27.7,0.13
1128,13337,French Tarot,602474,598967,28151,25475,7685,9864,false,5.0,27.2,0.13
1838,6901,Euchre,84253,78514,11150,6827,1143,9122,false,7.4,26.7,0.13
1633,7682,Go Fish,37118,19104,18323,5497,354,939,false,7.0,25.5,0.12
1296,172235,Schrödinger's Cats,277739,183934,119403,46039,5129,12694,false,8.2,24.9,0.12
1109,131357,Coup,496135,375544,253274,147282,13098,4447,false,11.0,24.6,0.12
2042,419705,Golfie,20382,16632,7291,3726,348,580,false,7.3,24.3,0.12
1499,,1499,7069,2968,6663,1575,43,433,false,7.6,23.5,0.11
2682,435357,Slambo,16149,12398,6906,3868,222,347,false,7.3,23.4,0.11
2348,118215,A.E.R.O.,78912,72756,12364,8732,1411,1282,false,5.5,22.8,0.11
2657,405460,CATsle Builders,1634,1122,2398,1353,3,52,false,11.9,22.4,0.11
1350,241245,Get the MacGuffin,13830,7651,9411,2072,158,2364,false,7.0,22.2,0.11
2399,248072,Don't Let It Die,7522,2262,6410,1138,30,335,false,29.5,22.0,0.11
2841,235922,King of the Dice,3741,3020,2202,1319,43,127,false,7.3,21.7,0.1
1417,,EpiZodiak,4473,3745,2403,1181,69,509,false,7.0,21.5,0.1
1972,2136,Ludo,112689,88284,40423,13044,1183,3624,false,4.2,20.8,0.1
2437,15818,Pickomino,81330,73149,25426,17253,1626,861,false,6.0,20.1,0.1
54,2399,Senet,106391,99947,12114,7575,1163,4051,true,3.6,19.8,0.1
2710,448387,Via Gladiola,834,635,763,439,8,66,false,6.4,19.7,0.09
2452,415054,Piña Coladice,401755,385051,33175,25175,5891,2513,false,3.9,19.6,0.09
2017,404233,Forks: 2nd Edition,5396,2842,3595,1438,34,264,false,6.4,19.6,0.09
2414,23570,Napoleon (Japanese style),305,222,286,143,10,158,false,7.5,19.3,0.09
1730,378010,Color Flush,18541,12527,13132,6041,289,439,false,7.6,19.0,0.09
1728,328211,Vegetable Stock,8214,5019,5726,2736,81,207,false,6.3,18.7,0.09
1371,92415,Skull,66506,16154,59620,11243,411,163,false,9.1,18.2,0.09
2322,6817,Schafkopf,416,194,429,178,2,32,false,74.3,17.9,0.09
2713,430023,Catopomp,128,91,143,68,2,64,false,68.6,17.6,0.09
1189,101723,Hungarian Tarokk,8902,8640,1206,837,149,1739,false,3.8,17.4,0.08
2003,288169,The Fox in the Forest: Duet,9556,2740,6745,1086,35,268,true,32.4,17.1,0.08
1407,11017,Crazy Eights,14942,8621,5933,2140,135,1021,false,3.9,17.0,0.08
1785,238510,Farkle,53744,41477,13171,6089,802,3031,false,3.8,16.8,0.08
1771,225694,Decrypto,70437,48491,49501,22349,1910,3756,false,6.8,16.7,0.08
1559,5451,Roppyakken,64651,59874,4951,2159,419,3867,false,2.0,16.3,0.08
1096,37759,Incan Gold,598830,479175,324223,229850,18656,2538,false,6.3,16.3,0.08
2686,442307,Inkwell,535,288,713,303,2,34,false,67.0,16.1,0.08
2078,152162,Diamonds,1922,1252,2040,954,26,110,false,5.8,16.0,0.08
1258,117663,Piraten kapern,602442,573485,44647,30795,7986,10993,false,2.9,15.9,0.08
1116,154732,Ice Cold Ice Hockey,59252,55507,7960,2934,432,5913,true,2.4,15.9,0.08
1937,400508,Word Traveler,10874,3096,10093,2012,24,129,false,16.3,15.7,0.08
1626,238656,Tiny Epic Defenders (Second Edition),7415,2814,8256,1562,44,496,false,30.8,15.7,0.08
1825,368294,Wastelandia,2281,1327,1750,589,20,202,false,53.0,15.6,0.08
1069,15722,Belote,602471,601106,23896,22685,7100,13068,false,2.8,15.6,0.08
1320,3955,BANG!,74044,71496,19306,14899,3151,902,false,5.5,15.5,0.08
1044,277085,Love Letter,110897,92340,62270,35936,2471,736,false,5.1,15.5,0.08
1203,101420,99 (addition card game),328691,254441,116587,58423,5095,4647,false,4.4,15.3,0.08
2039,375659,Fibonachos,1358,602,1842,583,3,46,false,9.7,14.7,0.07
1682,,Seotda,5768,305,2411,121,7,38,false,15.3,14.2,0.07
1405,266083,LLAMA,602469,542892,125731,86201,13114,6550,false,3.8,14.2,0.07
2297,425009,Monster Smash,946,447,1074,287,3,111,false,2.3,14.1,0.07
1713,,Nylon-ppong,3019,1701,1394,366,26,420,false,3.2,13.6,0.07
1781,10502,Poker Dice,40969,30242,22960,15561,434,6146,false,3.2,13.4,0.07
2087,324914,Inside Job,20249,14344,12856,5818,416,1191,false,5.1,12.5,0.06
2718,463441,Flip 7: With A Vengeance,162918,147229,75990,53251,4790,587,false,4.0,11.9,0.06
2345,304949,Shock! Knights & Poisons,318,175,461,190,3,45,false,25.2,11.9,0.06
1644,354720,Art Thief,16135,4610,13782,1003,51,966,true,17.4,11.9,0.06
2284,436217,The Fate of the Fellowship,17102,6667,17205,3933,99,1193,false,18.9,11.4,0.06
1259,6912,Pedro,208,87,100,51,4,58,false,7.8,11.4,0.06
2092,377470,Sail,22427,9288,17097,4261,103,591,true,17.0,11.3,0.06
1568,332173,Robots Ate Our Pizza,8773,3441,8342,1425,38,1214,false,32.6,11.3,0.06
2258,9851,Shut the Box,43253,35548,9663,4570,570,1600,false,2.4,10.9,0.05
2420,428024,River Rats,1136,723,745,243,11,310,false,200.0,10.5,0.05
2129,273814,Deliverance,2497,1253,1946,427,29,169,false,8.3,10.1,0.05
1607,350604,Regidice,3869,1691,4669,509,7,1005,false,10.9,10.0,0.05
2247,420087,Flip 7,602473,563741,174531,130497,16944,3906,false,2.9,9.8,0.05
1219,26468,Klaverjassen,2526,2331,373,248,51,650,false,2.1,9.3,0.05
1244,274037,Solar Storm,28417,13167,16235,3451,219,619,false,24.1,9.0,0.05
1307,267314,My First Castle Panic,44044,33722,13708,4255,249,14207,false,19.4,8.8,0.05
1239,99875,Martian Dice,1429330,1361718,154568,113029,19339,22144,false,1.6,8.6,0.05
1248,284083,The Crew,589588,465978,262844,136609,8896,10018,false,21.5,8.5,0.04
1224,65244,Forbidden Island,147440,67062,100763,25253,1128,3439,false,16.2,8.3,0.04
2834,371535,Chicken!,1620,1011,1533,693,12,97,false,2.6,7.9,0.04
1850,344114,Bag of Chips,95738,78098,30897,17186,1711,968,false,2.1,7.9,0.04
1830,393352,Perfect Words,68230,44966,30451,12433,904,1226,false,15.0,7.4,0.04
1625,287821,Good Cop Bad Cop,16873,7988,16663,5776,317,823,false,3.0,7.1,0.04
1564,180938,Ice and the Sky,11201,3424,9736,1684,50,142,false,14.7,6.9,0.04
2670,286751,Zombicide 2nd Edition,84712,51831,26969,11087,1437,883,false,14.7,6.8,0.04
1789,16110,Cucco,4671,1750,4464,1101,36,786,false,1.6,6.8,0.04
1544,257836,Narabi,14088,8303,10767,3015,149,1329,false,38.3,6.8,0.04
1590,352375,Baby Dinosaur Rescue,86182,66117,21077,7439,834,10712,false,31.6,6.5,0.04
1692,253759,Paint the Roses,76897,50743,32160,12412,970,1167,false,19.4,6.3,0.04
1085,162660,Secret Moon,41717,26897,48337,18776,1311,3238,false,2.4,6.3,0.04
1285,,Phat,147,118,83,37,7,97,false,2.4,6.2,0.04
1620,316632,La Marche du Crabe,12587,4722,8450,1989,58,203,true,17.0,6.1,0.04
2429,432487,Trickarus,1053,667,1501,803,5,47,false,2.7,6.0,0.04
1533,254640,Just One,302166,228525,201561,112552,8816,2743,false,15.1,5.7,0.03
2623,347157,RabbitZ & Robots,397,162,539,160,2,43,false,25.2,5.6,0.03
1206,127024,Room 25,5787,1700,7247,795,29,765,false,5.3,5.2,0.03
1431,353921,Legends of Hellas,14605,7452,9266,2130,90,1665,false,13.6,5.0,0.03
1879,373106,Sky Team,602481,369597,85992,28568,5852,5082,true,8.8,4.9,0.03
2430,141423,Dead Men Tell No Tales,1134,316,1359,234,5,56,false,14.8,4.8,0.03
1425,337503,Cardiceo,198521,189634,14799,7344,1421,8604,false,0.6,4.7,0.03
1483,324856,The Crew: Mission Deep Sea,63315,46918,27262,8053,898,5304,false,11.9,4.6,0.03
1476,268620,Similo,66562,39235,17872,6259,895,2693,false,23.5,4.2,0.03
1966,311715,Mini Rogue,47883,18141,20632,4067,313,486,false,5.9,4.1,0.03
1340,288513,Tranquility,381757,310308,62269,30718,4940,8486,false,8.8,3.9,0.03
2131,419094,Dungeon Rummy,4310,1903,3757,840,23,458,false,9.0,3.8,0.03
1842,231567,Now Boarding,127776,91446,20197,7071,1143,6412,false,5.8,3.7,0.03
1793,20525,Knockout Whist,6492,4461,2614,1133,79,730,false,0.8,3.5,0.02
1383,30549,Pandemic,18642,6662,8718,1822,175,429,false,5.7,3.3,0.02
1181,269146,Yokai,105340,58365,41288,11281,758,6062,false,10.1,3.1,0.02
1015,98778,Hanabi,1022461,925681,51829,20681,5381,5360,false,2.8,3.1,0.02
1799,334986,Daybreak,127819,87170,26074,9064,1352,4778,false,5.1,2.9,0.02
1412,172081,Burgle Bros.,275852,188934,59157,14503,1813,4836,false,5.0,2.9,0.02
2580,316412,The LOOP,6385,3500,4675,1554,63,186,false,4.9,2.8,0.02
2050,,The Last,2220,864,2542,699,13,54,false,1.5,2.8,0.02
1665,334717,Tranquility: The Ascent,96862,70905,17073,5934,976,2359,false,7.4,2.7,0.02
2550,442655,TEMBO: Survival on the Savanna,4610,1483,3611,841,34,141,false,8.8,2.5,0.02
1145,25821,The Werewolves of Miller's Hollow,167920,152446,143120,98237,5558,12630,false,0.8,2.5,0.02
1207,191925,Bandido,387550,310966,63899,26015,3931,7587,false,4.1,2.4,0.02
2553,411567,The Gang,190710,167182,45467,29731,5275,4071,false,5.2,2.3,0.02
1685,369434,None Shall Pass!,39314,25562,15630,5709,443,3874,false,3.4,2.1,0.02
2273,400297,Sfynx,874,262,868,124,5,138,false,7.0,2.0,0.02
2197,418954,Dédale,23782,7720,10576,2006,142,1018,false,5.5,1.9,0.02
1606,307002,Regicide,270857,206408,41236,16279,2863,8492,false,3.0,1.3,0.01
2302,430345,Cookie Battle,322,215,652,311,3,53,false,1.1,1.1,0.01
1938,220517,The Shipwreck Arcana,35378,26384,9504,2816,305,12514,false,3.1,1.1,0.01
1709,341402,Zefiria,8782,4673,4037,742,48,1014,false,3.1,1.1,0.01
2203,380135,Dead Cells,98400,26711,25363,4319,722,1472,false,2.2,1.0,0.01
1524,325121,Trusis,18182,764,31850,1170,37,112,false,0.5,0.8,0.01
2018,,2018,777,330,521,136,3,80,false,46.2,0.6,0.01
1892,400859,The way to Juliet,18373,7351,7073,978,86,2584,true,1.2,0.4,0.01
2717,442507,“Relative” Space,695,376,876,308,4,63,false,0.0,0.0,0.0
2524,456430,Run Buster,5643,4050,1611,530,58,1527,true,0.0,0.0,0.0
2513,455209,420,8921,6879,2120,912,88,1165,true,0.0,0.0,0.0
2499,448416,Beasts,3220,2059,1329,431,27,990,false,0.0,0.0,0.0
2074,402337,Expressions,4939,2290,3383,799,41,423,false,0.0,0.0,0.0
1582,233395,Coupell,6118,2568,3598,520,33,518,true,0.0,0.0,0.0
71,141019,Thermopyles,1779,366,1651,211,8,102,false,0.0,0.0,0.0
45,105037,Tournay,5,1,9,3,0,,false,76.4,,
65,17691,Djambi,15,11,35,19,0,,false,50.4,,
67,140613,Gear & Piston,50,5,67,6,0,,true,121.3,,
73,88113,Isaac,172,85,171,49,0,,true,119.1,,
1006,142615,The Jelly Monster Lab,25,4,43,8,0,,false,200.0,,
1027,54321,Dark Agent,14,10,15,4,0,,true,200.0,,
1028,54321,Le Dernier Peuple,,,,,,,,,,
1065,54321,Hack Trick,,,,,,,,,,
1068,62809,Jump Gate,194,18,126,22,0,,false,200.0,,
1071,156576,Dragon Line,11,10,11,9,0,,true,119.0,,
1074,54321,KQJ,35,32,67,49,1,28,false,114.3,,
1082,185769,Remember When,44,2,145,8,0,,false,200.0,,
1084,10789,Caribbean All Fours,1,1,4,4,0,,false,76.4,,
1120,185344,Dragon Keeper: The Dungeon,5,3,10,4,0,,true,0.0,,
1129,220276,Guildes,107,31,140,35,0,,false,55.1,,
1136,148205,Penny Press,14,3,36,6,0,,false,200.0,,
1156,121011,GORami,28,7,32,6,0,,true,0.0,,
1160,290506,Finity,12,6,16,6,0,,true,200.0,,
1170,299556,Exploration: Warzone,9,1,15,3,0,,false,76.4,,
1174,287002,Marram,38,29,36,19,0,,false,56.4,,
1232,305980,A Fistful of Gold,8,1,12,2,0,,true,76.4,,
1250,316581,Biyi,8,5,11,5,0,,true,200.0,,
1261,,Medo,229,92,219,47,0,,true,105.3,,
1263,4505,Grosstarock,1,1,3,3,0,,false,76.4,,
1297,127304,Herooj,41,12,48,8,0,,true,200.0,,
1312,296420,Bids,4,2,11,4,0,,false,0.0,,
1325,,The Nine Domains,1,1,2,2,0,,true,76.4,,
1332,,Lineae,2,2,3,3,0,,true,0.0,,
1333,286081,Herrlof,4,1,8,2,0,,true,76.4,,
1352,247143,Senshi,46,30,57,22,0,,true,190.7,,
1363,332317,Blaze,38,18,70,29,0,,false,72.1,,
1364,279769,Queens & Kings... A Checkers Game,47,12,71,12,0,,false,200.0,,
1366,17103,Calypso,26,9,73,22,0,,false,114.5,,
1391,227605,For-Ex,146,65,216,71,0,,false,72.2,,
1436,,Troggu,22,9,60,14,0,,false,0.0,,
1441,138091,Guile,31,3,45,4,0,,true,0.0,,
1443,337178,Factum,299,47,1285,133,0,,false,8.8,,
1448,,Mascarade,1398,76,3215,179,0,,false,106.4,,
1457,154537,Minnesota Whist,5,3,17,9,0,,false,0.0,,
1458,340377,EVL,16,4,19,5,0,,true,200.0,,
1498,152,Mü,59,23,120,60,0,,false,2.6,,
1518,347702,Las Vegan,286,63,326,47,1,27,false,85.8,,
1527,183150,Morocco,10,3,17,4,0,,false,0.0,,
1543,305211,Scriptoria,1,1,2,2,0,,true,76.4,,
1569,340813,Heckin Hounds,9,2,21,5,0,,false,0.0,,
1584,272821,Kingdoms,6,3,16,6,0,,false,0.0,,
1588,120533,Redstone,44,13,59,11,0,,true,200.0,,
1591,286031,Dragon Bridge,31,17,28,8,0,,true,98.9,,
1624,363050,Raubbau,22,3,71,7,0,,false,0.0,,
1637,6493,Impasse,72,13,82,11,0,,true,0.0,,
1642,366707,Quintus,15,3,63,13,0,,false,0.0,,
1646,356231,Megalomania,12,4,23,7,0,,false,0.0,,
1676,21954,Perikles,190,89,574,231,0,,false,97.4,,
1688,344101,Sasaki,14,2,15,4,0,,false,105.0,,
1691,373385,Coins,2,1,6,3,0,,false,76.4,,
1696,357973,Rift Valley Reserve,72,14,120,15,0,,false,0.0,,
1699,377947,Lumen: The Lost World,4,2,6,2,0,,true,200.0,,
1718,373190,Maps of Misterra,29,3,61,7,0,,false,76.4,,
1723,351494,TriATri,72,14,114,20,0,,false,0.0,,
1770,375567,All In,9,1,22,5,0,,false,76.4,,
1786,325735,Empire Plateau,60,11,76,10,0,,true,200.0,,
1787,296960,Divercité,91,6,97,6,0,,true,0.0,,
1808,154252,Sergeant Major,303,178,292,150,1,59,false,38.3,,
1828,,Two-Ten-Jack,164,29,248,29,0,,false,0.0,,
1829,350759,Vault: A Solitaire Dice Game,194,111,198,73,0,,false,36.6,,
1860,396042,Quirky Quarks,16,11,26,18,0,,false,0.0,,
1869,357172,Ynaros Fallin,1,1,2,2,0,,true,76.4,,
1944,376707,Cannonades,4,1,8,2,0,,true,76.4,,
1955,344958,Alakablast,15,1,25,5,0,,false,76.4,,
1969,320097,ECK,,,,,,,,,,
1975,325038,The Brambles,,,,,,,,,,
1976,383459,Aurum,21,10,57,22,0,,false,200.0,,
1980,404798,Auntie Mildred's list of random tasks,74,13,117,10,0,,true,200.0,,
1982,414639,Qu4to,41,12,68,22,0,,false,200.0,,
1983,381860,Stigméria,15,4,25,6,0,,false,0.0,,
1986,287895,Grund,8,2,11,3,0,,false,0.0,,
1988,393869,Maatatahay,81,51,69,27,1,25,true,200.0,,
1989,405530,Seven Knights Bewitched,5,1,25,7,0,,false,76.4,,
2024,360214,Metz,2,1,4,2,0,,true,76.4,,
2029,272595,Dance of Muses,118,70,133,47,0,,false,42.4,,
2033,416557,Circle Of Life: on the Savannah,1,1,2,2,0,,true,76.4,,
2037,391985,Enemy Anemone,819,449,1334,530,0,,false,98.6,,
2041,383452,Lunar,3,1,8,4,0,,false,76.4,,
2075,408753,Aniversus,1,1,2,2,0,,true,76.4,,
2081,402711,Blot,30,18,39,22,0,,false,44.0,,
2090,419643,Norsemen,4,2,9,5,0,,false,200.0,,
2093,315747,Persona Non Grata,95,10,164,15,0,,false,0.0,,
2095,328378,Tulip & Rose,9,8,15,12,0,,false,126.8,,
2102,329873,Grove,,,,,,,,,,
2103,373577,Forage,,,,,,,,,,
2106,245487,Orchard,,,,,,,,,,
2116,334590,For Northwood!,,,,,,,,,,
2148,420794,Safari Witness,9,2,13,3,0,,true,200.0,,
2153,392471,Classified Information,27,2,38,3,0,,true,0.0,,
2171,322685,Rumble Planet,1,1,4,4,0,,false,76.4,,
2172,411545,Sunrise Sunset,32,10,38,6,0,,true,11.7,,
2190,352697,Resist!,,,,,,,,,,
2215,416184,Quadrata Canada,132,110,99,60,0,,false,112.1,,
2227,400943,Sneferu: Builders of the Pyramids,1,1,2,2,0,,true,76.4,,
2237,40444,Livingstone,572,249,845,309,0,,false,48.0,,
2251,119782,Paikō,5,1,8,2,0,,true,76.4,,
2280,381501,Falconry,7,1,14,2,0,,true,76.4,,
2281,384152,Dice Pyramid,,,,,,,,,,
2283,287217,Pirates Under Fire,552,214,558,142,1,49,true,78.5,,
2290,17779,Kaiser,4,3,5,3,0,,true,200.0,,
2304,438649,Deck EXPRESS: Tennessee Central,31,15,47,11,0,,true,164.7,,
2349,442328,The Nine sons of dragon,391,117,480,96,1,26,true,164.4,,
2370,427393,Custodian Dice,428,186,479,134,1,35,true,194.1,,
2380,463717,The Happiest Cat in the World,589,325,763,301,1,33,false,160.7,,
2396,25261,Tannhäuser,95,7,131,8,0,,true,200.0,,
2406,419593,Pisanki,21,1,29,3,0,,false,76.4,,
2434,436794,Malabares,25,8,35,8,0,,false,156.2,,
2460,428540,Skybirds,52,7,113,16,0,,false,199.3,,
2467,450043,Olenon,5,1,8,4,0,,false,76.4,,
2468,218025,The Little Flower Shop,397,174,589,202,0,,false,88.1,,
2469,442146,Fox on the Tree,657,311,969,330,1,35,false,100.0,,
2480,417106,Neon Reign,765,259,648,152,1,77,true,73.6,,
2490,448488,Fight 5,474,193,679,231,0,,false,21.0,,
2507,448096,Suspeição,116,30,311,66,0,,false,49.3,,
2515,447378,Tricky Kids,532,209,821,238,0,,false,27.6,,
2538,392465,Quest Inc.,386,188,670,282,0,,false,53.9,,
2554,368126,Arabella,224,97,386,118,0,,false,117.4,,
2564,373167,20 Strong: Solar Sentinels,,,,,,,,,,
2572,423848,Quiltable,431,173,604,178,1,27,false,33.2,,
2573,424848,20 Strong: Tanglewoods Red,,,,,,,,,,
2611,451982,Road Master,228,165,265,150,1,27,false,105.3,,
2641,436907,Crits & Tricks,566,314,797,391,0,,false,86.7,,
2694,472199,Invector,222,83,262,49,1,62,true,57.7,,
2698,374595,Hacienda,385,134,687,212,0,,false,174.3,,
2702,362503,Bug Off,370,152,618,193,0,,false,9.3,,
2704,422219,Verdant Arizona,697,340,757,263,0,,true,38.8,,
2712,446026,niwashi,605,53,711,41,0,,true,0.0,,
2730,464746,Odéon,239,115,382,152,0,,false,193.2,,
2737,121193,Cover Your Assets,150,69,485,175,0,,false,81.1,,
2739,389814,Nice to Know! Animals,80,55,98,55,0,,false,154.3,,
2756,451298,Ringyo,,,,,,,,,,
2769,472801,Atrah,390,228,544,237,1,25,false,39.0,,
2770,356033,Libertalia: Winds of Galecrest,609,320,1252,532,1,31,false,111.5,,
2777,454399,Circadia,268,164,297,140,0,,false,36.5,,
2797,552,Bus,553,296,1239,551,0,,false,117.8,,
2800,473590,Sunfield Farm,657,459,647,369,1,28,false,94.2,,
2809,412762,Widgets n' Digit$,220,121,271,109,1,31,false,121.7,,
2812,379078,Expeditions,786,422,1113,473,0,,false,89.2,,
2822,148729,Maquis,,,,,,,,,,
2830,475694,Tamago Dorobou,78,9,193,25,0,,false,43.3,,
2849,460769,All You Can Eat Buffet,281,166,614,285,0,,false,38.3,,
2864,414176,Ultimatch,,,,,,,,,,
2865,435687,Trick-n-Chef,34,19,68,23,0,,false,22.9,,
2880,431290,Linkx,214,83,148,47,0,,true,43.8,,
2897,462761,Electrify,393,247,504,242,1,33,false,105.1,,
2902,298371,Wild Space,305,172,332,147,1,42,false,22.1,,
2923,477354,Isle of Bears,109,20,135,13,0,,true,32.7,,
2493,,2493,969,462,1407,528,1,26,false,106.5,,
