phase,commit,commit_date,elo_snapshot_date,n_results_fixed,commit_subject,team_id,team_name,model_p_winner,market_p_winner
pre_tournament,2c8115e1,2026-06-09T01:10:13+03:00,2026-06-08T18:46:05Z,,Add Polymarket-based model-vs-market comparison,ES,Spain,0.349297,0.155005
pre_tournament,2c8115e1,2026-06-09T01:10:13+03:00,2026-06-08T18:46:05Z,,Add Polymarket-based model-vs-market comparison,AR,Argentina,0.228765,0.083090
pre_tournament,2c8115e1,2026-06-09T01:10:13+03:00,2026-06-08T18:46:05Z,,Add Polymarket-based model-vs-market comparison,CO,Colombia,0.033534,0.018950
pre_tournament,2c8115e1,2026-06-09T01:10:13+03:00,2026-06-08T18:46:05Z,,Add Polymarket-based model-vs-market comparison,EC,Ecuador,0.015726,0.008260
pre_tournament,2c8115e1,2026-06-09T01:10:13+03:00,2026-06-08T18:46:05Z,,Add Polymarket-based model-vs-market comparison,PA,Panama,0.000051,0.000486
pre_tournament,2c8115e1,2026-06-09T01:10:13+03:00,2026-06-08T18:46:05Z,,Add Polymarket-based model-vs-market comparison,UZ,Uzbekistan,0.000020,0.000486
pre_tournament,2c8115e1,2026-06-09T01:10:13+03:00,2026-06-08T18:46:05Z,,Add Polymarket-based model-vs-market comparison,JO,Jordan,0.000006,0.000486
pre_tournament,2c8115e1,2026-06-09T01:10:13+03:00,2026-06-08T18:46:05Z,,Add Polymarket-based model-vs-market comparison,TN,Tunisia,0.000001,0.000486
pre_tournament,2c8115e1,2026-06-09T01:10:13+03:00,2026-06-08T18:46:05Z,,Add Polymarket-based model-vs-market comparison,ZA,South Africa,0.000000,0.000486
pre_tournament,2c8115e1,2026-06-09T01:10:13+03:00,2026-06-08T18:46:05Z,,Add Polymarket-based model-vs-market comparison,QA,Qatar,0.000000,0.000486
pre_tournament,2c8115e1,2026-06-09T01:10:13+03:00,2026-06-08T18:46:05Z,,Add Polymarket-based model-vs-market comparison,HT,Haiti,0.000000,0.000486
pre_tournament,2c8115e1,2026-06-09T01:10:13+03:00,2026-06-08T18:46:05Z,,Add Polymarket-based model-vs-market comparison,CW,Curaçao,0.000000,0.000486
pre_tournament,2c8115e1,2026-06-09T01:10:13+03:00,2026-06-08T18:46:05Z,,Add Polymarket-based model-vs-market comparison,NZ,New Zealand,0.000000,0.000486
pre_tournament,2c8115e1,2026-06-09T01:10:13+03:00,2026-06-08T18:46:05Z,,Add Polymarket-based model-vs-market comparison,CV,Cape Verde,0.000000,0.000486
pre_tournament,2c8115e1,2026-06-09T01:10:13+03:00,2026-06-08T18:46:05Z,,Add Polymarket-based model-vs-market comparison,SA,Saudi Arabia,0.000000,0.000486
pre_tournament,2c8115e1,2026-06-09T01:10:13+03:00,2026-06-08T18:46:05Z,,Add Polymarket-based model-vs-market comparison,IQ,Iraq,0.000000,0.000486
pre_tournament,2c8115e1,2026-06-09T01:10:13+03:00,2026-06-08T18:46:05Z,,Add Polymarket-based model-vs-market comparison,PY,Paraguay,0.001511,0.002430
pre_tournament,2c8115e1,2026-06-09T01:10:13+03:00,2026-06-08T18:46:05Z,,Add Polymarket-based model-vs-market comparison,IR,Iran,0.000330,0.001458
pre_tournament,2c8115e1,2026-06-09T01:10:13+03:00,2026-06-08T18:46:05Z,,Add Polymarket-based model-vs-market comparison,AU,Australia,0.000260,0.001458
pre_tournament,2c8115e1,2026-06-09T01:10:13+03:00,2026-06-08T18:46:05Z,,Add Polymarket-based model-vs-market comparison,HR,Croatia,0.007951,0.009232
pre_tournament,2c8115e1,2026-06-09T01:10:13+03:00,2026-06-08T18:46:05Z,,Add Polymarket-based model-vs-market comparison,DZ,Algeria,0.000123,0.001458
pre_tournament,2c8115e1,2026-06-09T01:10:13+03:00,2026-06-08T18:46:05Z,,Add Polymarket-based model-vs-market comparison,CD,DR Congo,0.000002,0.001458
pre_tournament,2c8115e1,2026-06-09T01:10:13+03:00,2026-06-08T18:46:05Z,,Add Polymarket-based model-vs-market comparison,BA,Bosnia and Herzegovina,0.000000,0.001458
pre_tournament,2c8115e1,2026-06-09T01:10:13+03:00,2026-06-08T18:46:05Z,,Add Polymarket-based model-vs-market comparison,GH,Ghana,0.000000,0.001458
pre_tournament,2c8115e1,2026-06-09T01:10:13+03:00,2026-06-08T18:46:05Z,,Add Polymarket-based model-vs-market comparison,TR,Turkey,0.010278,0.012148
pre_tournament,2c8115e1,2026-06-09T01:10:13+03:00,2026-06-08T18:46:05Z,,Add Polymarket-based model-vs-market comparison,SQ,Scotland,0.000325,0.002430
pre_tournament,2c8115e1,2026-06-09T01:10:13+03:00,2026-06-08T18:46:05Z,,Add Polymarket-based model-vs-market comparison,CZ,Czech Republic,0.000131,0.002430
pre_tournament,2c8115e1,2026-06-09T01:10:13+03:00,2026-06-08T18:46:05Z,,Add Polymarket-based model-vs-market comparison,CA,Canada,0.001038,0.003401
pre_tournament,2c8115e1,2026-06-09T01:10:13+03:00,2026-06-08T18:46:05Z,,Add Polymarket-based model-vs-market comparison,EG,Egypt,0.000035,0.002430
pre_tournament,2c8115e1,2026-06-09T01:10:13+03:00,2026-06-08T18:46:05Z,,Add Polymarket-based model-vs-market comparison,CH,Switzerland,0.007564,0.010204
pre_tournament,2c8115e1,2026-06-09T01:10:13+03:00,2026-06-08T18:46:05Z,,Add Polymarket-based model-vs-market comparison,KR,South Korea,0.000265,0.003401
pre_tournament,2c8115e1,2026-06-09T01:10:13+03:00,2026-06-08T18:46:05Z,,Add Polymarket-based model-vs-market comparison,SN,Senegal,0.002924,0.006317
pre_tournament,2c8115e1,2026-06-09T01:10:13+03:00,2026-06-08T18:46:05Z,,Add Polymarket-based model-vs-market comparison,AT,Austria,0.000944,0.004373
pre_tournament,2c8115e1,2026-06-09T01:10:13+03:00,2026-06-08T18:46:05Z,,Add Polymarket-based model-vs-market comparison,UY,Uruguay,0.005899,0.010204
pre_tournament,2c8115e1,2026-06-09T01:10:13+03:00,2026-06-08T18:46:05Z,,Add Polymarket-based model-vs-market comparison,SE,Sweden,0.000022,0.004373
pre_tournament,2c8115e1,2026-06-09T01:10:13+03:00,2026-06-08T18:46:05Z,,Add Polymarket-based model-vs-market comparison,CI,Ivory Coast,0.000009,0.004373
pre_tournament,2c8115e1,2026-06-09T01:10:13+03:00,2026-06-08T18:46:05Z,,Add Polymarket-based model-vs-market comparison,MX,Mexico,0.007981,0.014091
pre_tournament,2c8115e1,2026-06-09T01:10:13+03:00,2026-06-08T18:46:05Z,,Add Polymarket-based model-vs-market comparison,US,United States,0.001166,0.011176
pre_tournament,2c8115e1,2026-06-09T01:10:13+03:00,2026-06-08T18:46:05Z,,Add Polymarket-based model-vs-market comparison,JP,Japan,0.008709,0.020894
pre_tournament,2c8115e1,2026-06-09T01:10:13+03:00,2026-06-08T18:46:05Z,,Add Polymarket-based model-vs-market comparison,BE,Belgium,0.007935,0.021866
pre_tournament,2c8115e1,2026-06-09T01:10:13+03:00,2026-06-08T18:46:05Z,,Add Polymarket-based model-vs-market comparison,NO,Norway,0.009371,0.024781
pre_tournament,2c8115e1,2026-06-09T01:10:13+03:00,2026-06-08T18:46:05Z,,Add Polymarket-based model-vs-market comparison,MA,Morocco,0.001314,0.018950
pre_tournament,2c8115e1,2026-06-09T01:10:13+03:00,2026-06-08T18:46:05Z,,Add Polymarket-based model-vs-market comparison,NL,Netherlands,0.018947,0.038387
pre_tournament,2c8115e1,2026-06-09T01:10:13+03:00,2026-06-08T18:46:05Z,,Add Polymarket-based model-vs-market comparison,FR,France,0.127057,0.156948
pre_tournament,2c8115e1,2026-06-09T01:10:13+03:00,2026-06-08T18:46:05Z,,Add Polymarket-based model-vs-market comparison,DE,Germany,0.013897,0.051992
pre_tournament,2c8115e1,2026-06-09T01:10:13+03:00,2026-06-08T18:46:05Z,,Add Polymarket-based model-vs-market comparison,BR,Brazil,0.039400,0.081147
pre_tournament,2c8115e1,2026-06-09T01:10:13+03:00,2026-06-08T18:46:05Z,,Add Polymarket-based model-vs-market comparison,EN,England,0.061272,0.106414
pre_tournament,2c8115e1,2026-06-09T01:10:13+03:00,2026-06-08T18:46:05Z,,Add Polymarket-based model-vs-market comparison,PT,Portugal,0.035940,0.095724
pre_tournament,1d5a38af,2026-06-09T09:59:39+03:00,2026-06-08T18:46:05Z,,"Fix Poisson saturation: pin underdog floor, renormalise truncated grid",ES,Spain,0.349300,0.155005
pre_tournament,1d5a38af,2026-06-09T09:59:39+03:00,2026-06-08T18:46:05Z,,"Fix Poisson saturation: pin underdog floor, renormalise truncated grid",AR,Argentina,0.229873,0.083090
pre_tournament,1d5a38af,2026-06-09T09:59:39+03:00,2026-06-08T18:46:05Z,,"Fix Poisson saturation: pin underdog floor, renormalise truncated grid",CO,Colombia,0.033514,0.018950
pre_tournament,1d5a38af,2026-06-09T09:59:39+03:00,2026-06-08T18:46:05Z,,"Fix Poisson saturation: pin underdog floor, renormalise truncated grid",EC,Ecuador,0.015539,0.008260
pre_tournament,1d5a38af,2026-06-09T09:59:39+03:00,2026-06-08T18:46:05Z,,"Fix Poisson saturation: pin underdog floor, renormalise truncated grid",PA,Panama,0.000048,0.000486
pre_tournament,1d5a38af,2026-06-09T09:59:39+03:00,2026-06-08T18:46:05Z,,"Fix Poisson saturation: pin underdog floor, renormalise truncated grid",UZ,Uzbekistan,0.000025,0.000486
pre_tournament,1d5a38af,2026-06-09T09:59:39+03:00,2026-06-08T18:46:05Z,,"Fix Poisson saturation: pin underdog floor, renormalise truncated grid",JO,Jordan,0.000006,0.000486
pre_tournament,1d5a38af,2026-06-09T09:59:39+03:00,2026-06-08T18:46:05Z,,"Fix Poisson saturation: pin underdog floor, renormalise truncated grid",TN,Tunisia,0.000001,0.000486
pre_tournament,1d5a38af,2026-06-09T09:59:39+03:00,2026-06-08T18:46:05Z,,"Fix Poisson saturation: pin underdog floor, renormalise truncated grid",ZA,South Africa,0.000000,0.000486
pre_tournament,1d5a38af,2026-06-09T09:59:39+03:00,2026-06-08T18:46:05Z,,"Fix Poisson saturation: pin underdog floor, renormalise truncated grid",QA,Qatar,0.000000,0.000486
pre_tournament,1d5a38af,2026-06-09T09:59:39+03:00,2026-06-08T18:46:05Z,,"Fix Poisson saturation: pin underdog floor, renormalise truncated grid",HT,Haiti,0.000000,0.000486
pre_tournament,1d5a38af,2026-06-09T09:59:39+03:00,2026-06-08T18:46:05Z,,"Fix Poisson saturation: pin underdog floor, renormalise truncated grid",CW,Curaçao,0.000000,0.000486
pre_tournament,1d5a38af,2026-06-09T09:59:39+03:00,2026-06-08T18:46:05Z,,"Fix Poisson saturation: pin underdog floor, renormalise truncated grid",NZ,New Zealand,0.000000,0.000486
pre_tournament,1d5a38af,2026-06-09T09:59:39+03:00,2026-06-08T18:46:05Z,,"Fix Poisson saturation: pin underdog floor, renormalise truncated grid",CV,Cape Verde,0.000000,0.000486
pre_tournament,1d5a38af,2026-06-09T09:59:39+03:00,2026-06-08T18:46:05Z,,"Fix Poisson saturation: pin underdog floor, renormalise truncated grid",SA,Saudi Arabia,0.000000,0.000486
pre_tournament,1d5a38af,2026-06-09T09:59:39+03:00,2026-06-08T18:46:05Z,,"Fix Poisson saturation: pin underdog floor, renormalise truncated grid",IQ,Iraq,0.000000,0.000486
pre_tournament,1d5a38af,2026-06-09T09:59:39+03:00,2026-06-08T18:46:05Z,,"Fix Poisson saturation: pin underdog floor, renormalise truncated grid",PY,Paraguay,0.001463,0.002430
pre_tournament,1d5a38af,2026-06-09T09:59:39+03:00,2026-06-08T18:46:05Z,,"Fix Poisson saturation: pin underdog floor, renormalise truncated grid",IR,Iran,0.000317,0.001458
pre_tournament,1d5a38af,2026-06-09T09:59:39+03:00,2026-06-08T18:46:05Z,,"Fix Poisson saturation: pin underdog floor, renormalise truncated grid",AU,Australia,0.000283,0.001458
pre_tournament,1d5a38af,2026-06-09T09:59:39+03:00,2026-06-08T18:46:05Z,,"Fix Poisson saturation: pin underdog floor, renormalise truncated grid",HR,Croatia,0.007872,0.009232
pre_tournament,1d5a38af,2026-06-09T09:59:39+03:00,2026-06-08T18:46:05Z,,"Fix Poisson saturation: pin underdog floor, renormalise truncated grid",DZ,Algeria,0.000096,0.001458
pre_tournament,1d5a38af,2026-06-09T09:59:39+03:00,2026-06-08T18:46:05Z,,"Fix Poisson saturation: pin underdog floor, renormalise truncated grid",CD,DR Congo,0.000003,0.001458
pre_tournament,1d5a38af,2026-06-09T09:59:39+03:00,2026-06-08T18:46:05Z,,"Fix Poisson saturation: pin underdog floor, renormalise truncated grid",BA,Bosnia and Herzegovina,0.000000,0.001458
pre_tournament,1d5a38af,2026-06-09T09:59:39+03:00,2026-06-08T18:46:05Z,,"Fix Poisson saturation: pin underdog floor, renormalise truncated grid",GH,Ghana,0.000000,0.001458
pre_tournament,1d5a38af,2026-06-09T09:59:39+03:00,2026-06-08T18:46:05Z,,"Fix Poisson saturation: pin underdog floor, renormalise truncated grid",SQ,Scotland,0.000332,0.002430
pre_tournament,1d5a38af,2026-06-09T09:59:39+03:00,2026-06-08T18:46:05Z,,"Fix Poisson saturation: pin underdog floor, renormalise truncated grid",TR,Turkey,0.009960,0.012148
pre_tournament,1d5a38af,2026-06-09T09:59:39+03:00,2026-06-08T18:46:05Z,,"Fix Poisson saturation: pin underdog floor, renormalise truncated grid",CZ,Czech Republic,0.000152,0.002430
pre_tournament,1d5a38af,2026-06-09T09:59:39+03:00,2026-06-08T18:46:05Z,,"Fix Poisson saturation: pin underdog floor, renormalise truncated grid",CA,Canada,0.001087,0.003401
pre_tournament,1d5a38af,2026-06-09T09:59:39+03:00,2026-06-08T18:46:05Z,,"Fix Poisson saturation: pin underdog floor, renormalise truncated grid",EG,Egypt,0.000024,0.002430
pre_tournament,1d5a38af,2026-06-09T09:59:39+03:00,2026-06-08T18:46:05Z,,"Fix Poisson saturation: pin underdog floor, renormalise truncated grid",CH,Switzerland,0.007635,0.010204
pre_tournament,1d5a38af,2026-06-09T09:59:39+03:00,2026-06-08T18:46:05Z,,"Fix Poisson saturation: pin underdog floor, renormalise truncated grid",KR,South Korea,0.000223,0.003401
pre_tournament,1d5a38af,2026-06-09T09:59:39+03:00,2026-06-08T18:46:05Z,,"Fix Poisson saturation: pin underdog floor, renormalise truncated grid",AT,Austria,0.000967,0.004373
pre_tournament,1d5a38af,2026-06-09T09:59:39+03:00,2026-06-08T18:46:05Z,,"Fix Poisson saturation: pin underdog floor, renormalise truncated grid",SN,Senegal,0.002895,0.006317
pre_tournament,1d5a38af,2026-06-09T09:59:39+03:00,2026-06-08T18:46:05Z,,"Fix Poisson saturation: pin underdog floor, renormalise truncated grid",UY,Uruguay,0.005886,0.010204
pre_tournament,1d5a38af,2026-06-09T09:59:39+03:00,2026-06-08T18:46:05Z,,"Fix Poisson saturation: pin underdog floor, renormalise truncated grid",SE,Sweden,0.000026,0.004373
pre_tournament,1d5a38af,2026-06-09T09:59:39+03:00,2026-06-08T18:46:05Z,,"Fix Poisson saturation: pin underdog floor, renormalise truncated grid",CI,Ivory Coast,0.000019,0.004373
pre_tournament,1d5a38af,2026-06-09T09:59:39+03:00,2026-06-08T18:46:05Z,,"Fix Poisson saturation: pin underdog floor, renormalise truncated grid",MX,Mexico,0.007907,0.014091
pre_tournament,1d5a38af,2026-06-09T09:59:39+03:00,2026-06-08T18:46:05Z,,"Fix Poisson saturation: pin underdog floor, renormalise truncated grid",US,United States,0.001232,0.011176
pre_tournament,1d5a38af,2026-06-09T09:59:39+03:00,2026-06-08T18:46:05Z,,"Fix Poisson saturation: pin underdog floor, renormalise truncated grid",JP,Japan,0.008501,0.020894
pre_tournament,1d5a38af,2026-06-09T09:59:39+03:00,2026-06-08T18:46:05Z,,"Fix Poisson saturation: pin underdog floor, renormalise truncated grid",BE,Belgium,0.007725,0.021866
pre_tournament,1d5a38af,2026-06-09T09:59:39+03:00,2026-06-08T18:46:05Z,,"Fix Poisson saturation: pin underdog floor, renormalise truncated grid",NO,Norway,0.009424,0.024781
pre_tournament,1d5a38af,2026-06-09T09:59:39+03:00,2026-06-08T18:46:05Z,,"Fix Poisson saturation: pin underdog floor, renormalise truncated grid",MA,Morocco,0.001261,0.018950
pre_tournament,1d5a38af,2026-06-09T09:59:39+03:00,2026-06-08T18:46:05Z,,"Fix Poisson saturation: pin underdog floor, renormalise truncated grid",NL,Netherlands,0.018797,0.038387
pre_tournament,1d5a38af,2026-06-09T09:59:39+03:00,2026-06-08T18:46:05Z,,"Fix Poisson saturation: pin underdog floor, renormalise truncated grid",FR,France,0.127050,0.156948
pre_tournament,1d5a38af,2026-06-09T09:59:39+03:00,2026-06-08T18:46:05Z,,"Fix Poisson saturation: pin underdog floor, renormalise truncated grid",DE,Germany,0.013845,0.051992
pre_tournament,1d5a38af,2026-06-09T09:59:39+03:00,2026-06-08T18:46:05Z,,"Fix Poisson saturation: pin underdog floor, renormalise truncated grid",BR,Brazil,0.039124,0.081147
pre_tournament,1d5a38af,2026-06-09T09:59:39+03:00,2026-06-08T18:46:05Z,,"Fix Poisson saturation: pin underdog floor, renormalise truncated grid",EN,England,0.061421,0.106414
pre_tournament,1d5a38af,2026-06-09T09:59:39+03:00,2026-06-08T18:46:05Z,,"Fix Poisson saturation: pin underdog floor, renormalise truncated grid",PT,Portugal,0.036167,0.095724
pre_tournament,2d330d24,2026-06-09T21:38:44+03:00,2026-06-09T18:08:31Z,,Updated market comparison,ES,Spain,0.353596,0.154181
pre_tournament,2d330d24,2026-06-09T21:38:44+03:00,2026-06-09T18:08:31Z,,Updated market comparison,AR,Argentina,0.227869,0.084582
pre_tournament,2d330d24,2026-06-09T21:38:44+03:00,2026-06-09T18:08:31Z,,Updated market comparison,CO,Colombia,0.033208,0.018850
pre_tournament,2d330d24,2026-06-09T21:38:44+03:00,2026-06-09T18:08:31Z,,Updated market comparison,EC,Ecuador,0.015304,0.008217
pre_tournament,2d330d24,2026-06-09T21:38:44+03:00,2026-06-09T18:08:31Z,,Updated market comparison,PA,Panama,0.000051,0.000483
pre_tournament,2d330d24,2026-06-09T21:38:44+03:00,2026-06-09T18:08:31Z,,Updated market comparison,UZ,Uzbekistan,0.000022,0.000483
pre_tournament,2d330d24,2026-06-09T21:38:44+03:00,2026-06-09T18:08:31Z,,Updated market comparison,JO,Jordan,0.000006,0.000483
pre_tournament,2d330d24,2026-06-09T21:38:44+03:00,2026-06-09T18:08:31Z,,Updated market comparison,ZA,South Africa,0.000000,0.000483
pre_tournament,2d330d24,2026-06-09T21:38:44+03:00,2026-06-09T18:08:31Z,,Updated market comparison,QA,Qatar,0.000000,0.000483
pre_tournament,2d330d24,2026-06-09T21:38:44+03:00,2026-06-09T18:08:31Z,,Updated market comparison,HT,Haiti,0.000000,0.000483
pre_tournament,2d330d24,2026-06-09T21:38:44+03:00,2026-06-09T18:08:31Z,,Updated market comparison,CW,Curaçao,0.000000,0.000483
pre_tournament,2d330d24,2026-06-09T21:38:44+03:00,2026-06-09T18:08:31Z,,Updated market comparison,TN,Tunisia,0.000000,0.000483
pre_tournament,2d330d24,2026-06-09T21:38:44+03:00,2026-06-09T18:08:31Z,,Updated market comparison,NZ,New Zealand,0.000000,0.000483
pre_tournament,2d330d24,2026-06-09T21:38:44+03:00,2026-06-09T18:08:31Z,,Updated market comparison,CV,Cape Verde,0.000000,0.000483
pre_tournament,2d330d24,2026-06-09T21:38:44+03:00,2026-06-09T18:08:31Z,,Updated market comparison,SA,Saudi Arabia,0.000000,0.000483
pre_tournament,2d330d24,2026-06-09T21:38:44+03:00,2026-06-09T18:08:31Z,,Updated market comparison,IQ,Iraq,0.000000,0.000483
pre_tournament,2d330d24,2026-06-09T21:38:44+03:00,2026-06-09T18:08:31Z,,Updated market comparison,PY,Paraguay,0.001546,0.002417
pre_tournament,2d330d24,2026-06-09T21:38:44+03:00,2026-06-09T18:08:31Z,,Updated market comparison,IR,Iran,0.000331,0.001450
pre_tournament,2d330d24,2026-06-09T21:38:44+03:00,2026-06-09T18:08:31Z,,Updated market comparison,AU,Australia,0.000275,0.001450
pre_tournament,2d330d24,2026-06-09T21:38:44+03:00,2026-06-09T18:08:31Z,,Updated market comparison,DZ,Algeria,0.000099,0.001450
pre_tournament,2d330d24,2026-06-09T21:38:44+03:00,2026-06-09T18:08:31Z,,Updated market comparison,HR,Croatia,0.007776,0.009183
pre_tournament,2d330d24,2026-06-09T21:38:44+03:00,2026-06-09T18:08:31Z,,Updated market comparison,EG,Egypt,0.000026,0.001450
pre_tournament,2d330d24,2026-06-09T21:38:44+03:00,2026-06-09T18:08:31Z,,Updated market comparison,CD,DR Congo,0.000004,0.001450
pre_tournament,2d330d24,2026-06-09T21:38:44+03:00,2026-06-09T18:08:31Z,,Updated market comparison,BA,Bosnia and Herzegovina,0.000003,0.001450
pre_tournament,2d330d24,2026-06-09T21:38:44+03:00,2026-06-09T18:08:31Z,,Updated market comparison,GH,Ghana,0.000000,0.001450
pre_tournament,2d330d24,2026-06-09T21:38:44+03:00,2026-06-09T18:08:31Z,,Updated market comparison,SQ,Scotland,0.000353,0.002417
pre_tournament,2d330d24,2026-06-09T21:38:44+03:00,2026-06-09T18:08:31Z,,Updated market comparison,CZ,Czech Republic,0.000156,0.002417
pre_tournament,2d330d24,2026-06-09T21:38:44+03:00,2026-06-09T18:08:31Z,,Updated market comparison,TR,Turkey,0.009769,0.012083
pre_tournament,2d330d24,2026-06-09T21:38:44+03:00,2026-06-09T18:08:31Z,,Updated market comparison,CA,Canada,0.001002,0.003383
pre_tournament,2d330d24,2026-06-09T21:38:44+03:00,2026-06-09T18:08:31Z,,Updated market comparison,KR,South Korea,0.000236,0.003383
pre_tournament,2d330d24,2026-06-09T21:38:44+03:00,2026-06-09T18:08:31Z,,Updated market comparison,SN,Senegal,0.002996,0.006283
pre_tournament,2d330d24,2026-06-09T21:38:44+03:00,2026-06-09T18:08:31Z,,Updated market comparison,SE,Sweden,0.000022,0.003383
pre_tournament,2d330d24,2026-06-09T21:38:44+03:00,2026-06-09T18:08:31Z,,Updated market comparison,AT,Austria,0.000896,0.004350
pre_tournament,2d330d24,2026-06-09T21:38:44+03:00,2026-06-09T18:08:31Z,,Updated market comparison,CH,Switzerland,0.007281,0.011116
pre_tournament,2d330d24,2026-06-09T21:38:44+03:00,2026-06-09T18:08:31Z,,Updated market comparison,UY,Uruguay,0.005902,0.010150
pre_tournament,2d330d24,2026-06-09T21:38:44+03:00,2026-06-09T18:08:31Z,,Updated market comparison,CI,Ivory Coast,0.000014,0.004350
pre_tournament,2d330d24,2026-06-09T21:38:44+03:00,2026-06-09T18:08:31Z,,Updated market comparison,MX,Mexico,0.007816,0.014500
pre_tournament,2d330d24,2026-06-09T21:38:44+03:00,2026-06-09T18:08:31Z,,Updated market comparison,JP,Japan,0.008340,0.017883
pre_tournament,2d330d24,2026-06-09T21:38:44+03:00,2026-06-09T18:08:31Z,,Updated market comparison,US,United States,0.001197,0.011116
pre_tournament,2d330d24,2026-06-09T21:38:44+03:00,2026-06-09T18:08:31Z,,Updated market comparison,BE,Belgium,0.007766,0.021750
pre_tournament,2d330d24,2026-06-09T21:38:44+03:00,2026-06-09T18:08:31Z,,Updated market comparison,NO,Norway,0.009238,0.024650
pre_tournament,2d330d24,2026-06-09T21:38:44+03:00,2026-06-09T18:08:31Z,,Updated market comparison,MA,Morocco,0.001185,0.016916
pre_tournament,2d330d24,2026-06-09T21:38:44+03:00,2026-06-09T18:08:31Z,,Updated market comparison,NL,Netherlands,0.019967,0.038183
pre_tournament,2d330d24,2026-06-09T21:38:44+03:00,2026-06-09T18:08:31Z,,Updated market comparison,FR,France,0.126830,0.156114
pre_tournament,2d330d24,2026-06-09T21:38:44+03:00,2026-06-09T18:08:31Z,,Updated market comparison,DE,Germany,0.013725,0.051716
pre_tournament,2d330d24,2026-06-09T21:38:44+03:00,2026-06-09T18:08:31Z,,Updated market comparison,BR,Brazil,0.039040,0.081682
pre_tournament,2d330d24,2026-06-09T21:38:44+03:00,2026-06-09T18:08:31Z,,Updated market comparison,EN,England,0.060532,0.105848
pre_tournament,2d330d24,2026-06-09T21:38:44+03:00,2026-06-09T18:08:31Z,,Updated market comparison,PT,Portugal,0.035621,0.102948
pre_tournament,6f9b2599,2026-06-10T23:00:14+03:00,2026-06-10T19:50:31Z,,Updated data and predictions,ES,Spain,0.352890,0.160019
pre_tournament,6f9b2599,2026-06-10T23:00:14+03:00,2026-06-10T19:50:31Z,,Updated data and predictions,AR,Argentina,0.229990,0.083171
pre_tournament,6f9b2599,2026-06-10T23:00:14+03:00,2026-06-10T19:50:31Z,,Updated data and predictions,CO,Colombia,0.032920,0.017996
pre_tournament,6f9b2599,2026-06-10T23:00:14+03:00,2026-06-10T19:50:31Z,,Updated data and predictions,EC,Ecuador,0.015330,0.008268
pre_tournament,6f9b2599,2026-06-10T23:00:14+03:00,2026-06-10T19:50:31Z,,Updated data and predictions,PY,Paraguay,0.001490,0.001459
pre_tournament,6f9b2599,2026-06-10T23:00:14+03:00,2026-06-10T19:50:31Z,,Updated data and predictions,PA,Panama,0.000050,0.000486
pre_tournament,6f9b2599,2026-06-10T23:00:14+03:00,2026-06-10T19:50:31Z,,Updated data and predictions,UZ,Uzbekistan,0.000020,0.000486
pre_tournament,6f9b2599,2026-06-10T23:00:14+03:00,2026-06-10T19:50:31Z,,Updated data and predictions,JO,Jordan,0.000010,0.000486
pre_tournament,6f9b2599,2026-06-10T23:00:14+03:00,2026-06-10T19:50:31Z,,Updated data and predictions,TN,Tunisia,0.000000,0.000486
pre_tournament,6f9b2599,2026-06-10T23:00:14+03:00,2026-06-10T19:50:31Z,,Updated data and predictions,CV,Cape Verde,0.000000,0.000486
pre_tournament,6f9b2599,2026-06-10T23:00:14+03:00,2026-06-10T19:50:31Z,,Updated data and predictions,IQ,Iraq,0.000000,0.000486
pre_tournament,6f9b2599,2026-06-10T23:00:14+03:00,2026-06-10T19:50:31Z,,Updated data and predictions,SA,Saudi Arabia,0.000000,0.000486
pre_tournament,6f9b2599,2026-06-10T23:00:14+03:00,2026-06-10T19:50:31Z,,Updated data and predictions,NZ,New Zealand,0.000000,0.000486
pre_tournament,6f9b2599,2026-06-10T23:00:14+03:00,2026-06-10T19:50:31Z,,Updated data and predictions,HT,Haiti,0.000000,0.000486
pre_tournament,6f9b2599,2026-06-10T23:00:14+03:00,2026-06-10T19:50:31Z,,Updated data and predictions,ZA,South Africa,0.000000,0.000486
pre_tournament,6f9b2599,2026-06-10T23:00:14+03:00,2026-06-10T19:50:31Z,,Updated data and predictions,CW,Curaçao,0.000000,0.000486
pre_tournament,6f9b2599,2026-06-10T23:00:14+03:00,2026-06-10T19:50:31Z,,Updated data and predictions,QA,Qatar,0.000000,0.000486
pre_tournament,6f9b2599,2026-06-10T23:00:14+03:00,2026-06-10T19:50:31Z,,Updated data and predictions,IR,Iran,0.000310,0.001459
pre_tournament,6f9b2599,2026-06-10T23:00:14+03:00,2026-06-10T19:50:31Z,,Updated data and predictions,AU,Australia,0.000250,0.001459
pre_tournament,6f9b2599,2026-06-10T23:00:14+03:00,2026-06-10T19:50:31Z,,Updated data and predictions,HR,Croatia,0.007950,0.009241
pre_tournament,6f9b2599,2026-06-10T23:00:14+03:00,2026-06-10T19:50:31Z,,Updated data and predictions,DZ,Algeria,0.000110,0.001459
pre_tournament,6f9b2599,2026-06-10T23:00:14+03:00,2026-06-10T19:50:31Z,,Updated data and predictions,CD,DR Congo,0.000000,0.001459
pre_tournament,6f9b2599,2026-06-10T23:00:14+03:00,2026-06-10T19:50:31Z,,Updated data and predictions,BA,Bosnia and Herzegovina,0.000000,0.001459
pre_tournament,6f9b2599,2026-06-10T23:00:14+03:00,2026-06-10T19:50:31Z,,Updated data and predictions,GH,Ghana,0.000000,0.001459
pre_tournament,6f9b2599,2026-06-10T23:00:14+03:00,2026-06-10T19:50:31Z,,Updated data and predictions,SQ,Scotland,0.000330,0.002432
pre_tournament,6f9b2599,2026-06-10T23:00:14+03:00,2026-06-10T19:50:31Z,,Updated data and predictions,TR,Turkey,0.010030,0.012160
pre_tournament,6f9b2599,2026-06-10T23:00:14+03:00,2026-06-10T19:50:31Z,,Updated data and predictions,KR,South Korea,0.000230,0.002432
pre_tournament,6f9b2599,2026-06-10T23:00:14+03:00,2026-06-10T19:50:31Z,,Updated data and predictions,CZ,Czech Republic,0.000130,0.002432
pre_tournament,6f9b2599,2026-06-10T23:00:14+03:00,2026-06-10T19:50:31Z,,Updated data and predictions,CA,Canada,0.001030,0.003405
pre_tournament,6f9b2599,2026-06-10T23:00:14+03:00,2026-06-10T19:50:31Z,,Updated data and predictions,EG,Egypt,0.000020,0.002432
pre_tournament,6f9b2599,2026-06-10T23:00:14+03:00,2026-06-10T19:50:31Z,,Updated data and predictions,SE,Sweden,0.000030,0.003405
pre_tournament,6f9b2599,2026-06-10T23:00:14+03:00,2026-06-10T19:50:31Z,,Updated data and predictions,AT,Austria,0.000930,0.004377
pre_tournament,6f9b2599,2026-06-10T23:00:14+03:00,2026-06-10T19:50:31Z,,Updated data and predictions,CH,Switzerland,0.007330,0.011187
pre_tournament,6f9b2599,2026-06-10T23:00:14+03:00,2026-06-10T19:50:31Z,,Updated data and predictions,CI,Ivory Coast,0.000020,0.004377
pre_tournament,6f9b2599,2026-06-10T23:00:14+03:00,2026-06-10T19:50:31Z,,Updated data and predictions,UY,Uruguay,0.005710,0.010214
pre_tournament,6f9b2599,2026-06-10T23:00:14+03:00,2026-06-10T19:50:31Z,,Updated data and predictions,SN,Senegal,0.002480,0.007296
pre_tournament,6f9b2599,2026-06-10T23:00:14+03:00,2026-06-10T19:50:31Z,,Updated data and predictions,MX,Mexico,0.007730,0.013132
pre_tournament,6f9b2599,2026-06-10T23:00:14+03:00,2026-06-10T19:50:31Z,,Updated data and predictions,JP,Japan,0.008290,0.017023
pre_tournament,6f9b2599,2026-06-10T23:00:14+03:00,2026-06-10T19:50:31Z,,Updated data and predictions,US,United States,0.001180,0.011187
pre_tournament,6f9b2599,2026-06-10T23:00:14+03:00,2026-06-10T19:50:31Z,,Updated data and predictions,BE,Belgium,0.007790,0.020914
pre_tournament,6f9b2599,2026-06-10T23:00:14+03:00,2026-06-10T19:50:31Z,,Updated data and predictions,NO,Norway,0.009250,0.023833
pre_tournament,6f9b2599,2026-06-10T23:00:14+03:00,2026-06-10T19:50:31Z,,Updated data and predictions,MA,Morocco,0.001220,0.016051
pre_tournament,6f9b2599,2026-06-10T23:00:14+03:00,2026-06-10T19:50:31Z,,Updated data and predictions,NL,Netherlands,0.019990,0.039397
pre_tournament,6f9b2599,2026-06-10T23:00:14+03:00,2026-06-10T19:50:31Z,,Updated data and predictions,FR,France,0.126750,0.156128
pre_tournament,6f9b2599,2026-06-10T23:00:14+03:00,2026-06-10T19:50:31Z,,Updated data and predictions,DE,Germany,0.013650,0.051070
pre_tournament,6f9b2599,2026-06-10T23:00:14+03:00,2026-06-10T19:50:31Z,,Updated data and predictions,BR,Brazil,0.038680,0.082198
pre_tournament,6f9b2599,2026-06-10T23:00:14+03:00,2026-06-10T19:50:31Z,,Updated data and predictions,EN,England,0.060430,0.105545
pre_tournament,6f9b2599,2026-06-10T23:00:14+03:00,2026-06-10T19:50:31Z,,Updated data and predictions,PT,Portugal,0.035460,0.102626
pre_tournament,71741071,2026-06-10T23:43:19+03:00,2026-06-10T20:33:45Z,,Updated predictions,ES,Spain,0.353140,0.160019
pre_tournament,71741071,2026-06-10T23:43:19+03:00,2026-06-10T20:33:45Z,,Updated predictions,AR,Argentina,0.230690,0.083171
pre_tournament,71741071,2026-06-10T23:43:19+03:00,2026-06-10T20:33:45Z,,Updated predictions,CO,Colombia,0.032950,0.017996
pre_tournament,71741071,2026-06-10T23:43:19+03:00,2026-06-10T20:33:45Z,,Updated predictions,EC,Ecuador,0.015210,0.008268
pre_tournament,71741071,2026-06-10T23:43:19+03:00,2026-06-10T20:33:45Z,,Updated predictions,PY,Paraguay,0.001460,0.001459
pre_tournament,71741071,2026-06-10T23:43:19+03:00,2026-06-10T20:33:45Z,,Updated predictions,PA,Panama,0.000040,0.000486
pre_tournament,71741071,2026-06-10T23:43:19+03:00,2026-06-10T20:33:45Z,,Updated predictions,UZ,Uzbekistan,0.000020,0.000486
pre_tournament,71741071,2026-06-10T23:43:19+03:00,2026-06-10T20:33:45Z,,Updated predictions,JO,Jordan,0.000000,0.000486
pre_tournament,71741071,2026-06-10T23:43:19+03:00,2026-06-10T20:33:45Z,,Updated predictions,TN,Tunisia,0.000000,0.000486
pre_tournament,71741071,2026-06-10T23:43:19+03:00,2026-06-10T20:33:45Z,,Updated predictions,IQ,Iraq,0.000000,0.000486
pre_tournament,71741071,2026-06-10T23:43:19+03:00,2026-06-10T20:33:45Z,,Updated predictions,CV,Cape Verde,0.000000,0.000486
pre_tournament,71741071,2026-06-10T23:43:19+03:00,2026-06-10T20:33:45Z,,Updated predictions,SA,Saudi Arabia,0.000000,0.000486
pre_tournament,71741071,2026-06-10T23:43:19+03:00,2026-06-10T20:33:45Z,,Updated predictions,NZ,New Zealand,0.000000,0.000486
pre_tournament,71741071,2026-06-10T23:43:19+03:00,2026-06-10T20:33:45Z,,Updated predictions,HT,Haiti,0.000000,0.000486
pre_tournament,71741071,2026-06-10T23:43:19+03:00,2026-06-10T20:33:45Z,,Updated predictions,ZA,South Africa,0.000000,0.000486
pre_tournament,71741071,2026-06-10T23:43:19+03:00,2026-06-10T20:33:45Z,,Updated predictions,CW,Curaçao,0.000000,0.000486
pre_tournament,71741071,2026-06-10T23:43:19+03:00,2026-06-10T20:33:45Z,,Updated predictions,QA,Qatar,0.000000,0.000486
pre_tournament,71741071,2026-06-10T23:43:19+03:00,2026-06-10T20:33:45Z,,Updated predictions,IR,Iran,0.000300,0.001459
pre_tournament,71741071,2026-06-10T23:43:19+03:00,2026-06-10T20:33:45Z,,Updated predictions,AU,Australia,0.000240,0.001459
pre_tournament,71741071,2026-06-10T23:43:19+03:00,2026-06-10T20:33:45Z,,Updated predictions,DZ,Algeria,0.000110,0.001459
pre_tournament,71741071,2026-06-10T23:43:19+03:00,2026-06-10T20:33:45Z,,Updated predictions,HR,Croatia,0.007860,0.009241
pre_tournament,71741071,2026-06-10T23:43:19+03:00,2026-06-10T20:33:45Z,,Updated predictions,CD,DR Congo,0.000000,0.001459
pre_tournament,71741071,2026-06-10T23:43:19+03:00,2026-06-10T20:33:45Z,,Updated predictions,BA,Bosnia and Herzegovina,0.000000,0.001459
pre_tournament,71741071,2026-06-10T23:43:19+03:00,2026-06-10T20:33:45Z,,Updated predictions,GH,Ghana,0.000000,0.001459
pre_tournament,71741071,2026-06-10T23:43:19+03:00,2026-06-10T20:33:45Z,,Updated predictions,SQ,Scotland,0.000320,0.002432
pre_tournament,71741071,2026-06-10T23:43:19+03:00,2026-06-10T20:33:45Z,,Updated predictions,TR,Turkey,0.009980,0.012160
pre_tournament,71741071,2026-06-10T23:43:19+03:00,2026-06-10T20:33:45Z,,Updated predictions,KR,South Korea,0.000230,0.002432
pre_tournament,71741071,2026-06-10T23:43:19+03:00,2026-06-10T20:33:45Z,,Updated predictions,CZ,Czech Republic,0.000140,0.002432
pre_tournament,71741071,2026-06-10T23:43:19+03:00,2026-06-10T20:33:45Z,,Updated predictions,CA,Canada,0.001010,0.003405
pre_tournament,71741071,2026-06-10T23:43:19+03:00,2026-06-10T20:33:45Z,,Updated predictions,EG,Egypt,0.000020,0.002432
pre_tournament,71741071,2026-06-10T23:43:19+03:00,2026-06-10T20:33:45Z,,Updated predictions,SE,Sweden,0.000020,0.003405
pre_tournament,71741071,2026-06-10T23:43:19+03:00,2026-06-10T20:33:45Z,,Updated predictions,AT,Austria,0.000910,0.004377
pre_tournament,71741071,2026-06-10T23:43:19+03:00,2026-06-10T20:33:45Z,,Updated predictions,CH,Switzerland,0.007310,0.011187
pre_tournament,71741071,2026-06-10T23:43:19+03:00,2026-06-10T20:33:45Z,,Updated predictions,CI,Ivory Coast,0.000020,0.004377
pre_tournament,71741071,2026-06-10T23:43:19+03:00,2026-06-10T20:33:45Z,,Updated predictions,UY,Uruguay,0.005660,0.010214
pre_tournament,71741071,2026-06-10T23:43:19+03:00,2026-06-10T20:33:45Z,,Updated predictions,SN,Senegal,0.002450,0.007296
pre_tournament,71741071,2026-06-10T23:43:19+03:00,2026-06-10T20:33:45Z,,Updated predictions,MX,Mexico,0.007750,0.013132
pre_tournament,71741071,2026-06-10T23:43:19+03:00,2026-06-10T20:33:45Z,,Updated predictions,JP,Japan,0.008270,0.017023
pre_tournament,71741071,2026-06-10T23:43:19+03:00,2026-06-10T20:33:45Z,,Updated predictions,US,United States,0.001170,0.011187
pre_tournament,71741071,2026-06-10T23:43:19+03:00,2026-06-10T20:33:45Z,,Updated predictions,BE,Belgium,0.007780,0.020914
pre_tournament,71741071,2026-06-10T23:43:19+03:00,2026-06-10T20:33:45Z,,Updated predictions,NO,Norway,0.009170,0.023833
pre_tournament,71741071,2026-06-10T23:43:19+03:00,2026-06-10T20:33:45Z,,Updated predictions,MA,Morocco,0.001200,0.016051
pre_tournament,71741071,2026-06-10T23:43:19+03:00,2026-06-10T20:33:45Z,,Updated predictions,NL,Netherlands,0.019970,0.039397
pre_tournament,71741071,2026-06-10T23:43:19+03:00,2026-06-10T20:33:45Z,,Updated predictions,FR,France,0.126880,0.156128
pre_tournament,71741071,2026-06-10T23:43:19+03:00,2026-06-10T20:33:45Z,,Updated predictions,DE,Germany,0.013590,0.051070
pre_tournament,71741071,2026-06-10T23:43:19+03:00,2026-06-10T20:33:45Z,,Updated predictions,BR,Brazil,0.038460,0.082198
pre_tournament,71741071,2026-06-10T23:43:19+03:00,2026-06-10T20:33:45Z,,Updated predictions,EN,England,0.060270,0.105545
pre_tournament,71741071,2026-06-10T23:43:19+03:00,2026-06-10T20:33:45Z,,Updated predictions,PT,Portugal,0.035410,0.102626
pre_tournament,67a535e0,2026-06-27T00:32:16+03:00,2026-06-10T20:33:45Z,0,wc26: regenerate pre-tournament artefacts on the fixed tie-break + exact 10M,ES,Spain,0.352890,0.160019
pre_tournament,67a535e0,2026-06-27T00:32:16+03:00,2026-06-10T20:33:45Z,0,wc26: regenerate pre-tournament artefacts on the fixed tie-break + exact 10M,AR,Argentina,0.229990,0.083171
pre_tournament,67a535e0,2026-06-27T00:32:16+03:00,2026-06-10T20:33:45Z,0,wc26: regenerate pre-tournament artefacts on the fixed tie-break + exact 10M,CO,Colombia,0.032920,0.017996
pre_tournament,67a535e0,2026-06-27T00:32:16+03:00,2026-06-10T20:33:45Z,0,wc26: regenerate pre-tournament artefacts on the fixed tie-break + exact 10M,EC,Ecuador,0.015330,0.008268
pre_tournament,67a535e0,2026-06-27T00:32:16+03:00,2026-06-10T20:33:45Z,0,wc26: regenerate pre-tournament artefacts on the fixed tie-break + exact 10M,PY,Paraguay,0.001490,0.001459
pre_tournament,67a535e0,2026-06-27T00:32:16+03:00,2026-06-10T20:33:45Z,0,wc26: regenerate pre-tournament artefacts on the fixed tie-break + exact 10M,PA,Panama,0.000050,0.000486
pre_tournament,67a535e0,2026-06-27T00:32:16+03:00,2026-06-10T20:33:45Z,0,wc26: regenerate pre-tournament artefacts on the fixed tie-break + exact 10M,UZ,Uzbekistan,0.000020,0.000486
pre_tournament,67a535e0,2026-06-27T00:32:16+03:00,2026-06-10T20:33:45Z,0,wc26: regenerate pre-tournament artefacts on the fixed tie-break + exact 10M,JO,Jordan,0.000010,0.000486
pre_tournament,67a535e0,2026-06-27T00:32:16+03:00,2026-06-10T20:33:45Z,0,wc26: regenerate pre-tournament artefacts on the fixed tie-break + exact 10M,TN,Tunisia,0.000000,0.000486
pre_tournament,67a535e0,2026-06-27T00:32:16+03:00,2026-06-10T20:33:45Z,0,wc26: regenerate pre-tournament artefacts on the fixed tie-break + exact 10M,CV,Cape Verde,0.000000,0.000486
pre_tournament,67a535e0,2026-06-27T00:32:16+03:00,2026-06-10T20:33:45Z,0,wc26: regenerate pre-tournament artefacts on the fixed tie-break + exact 10M,IQ,Iraq,0.000000,0.000486
pre_tournament,67a535e0,2026-06-27T00:32:16+03:00,2026-06-10T20:33:45Z,0,wc26: regenerate pre-tournament artefacts on the fixed tie-break + exact 10M,SA,Saudi Arabia,0.000000,0.000486
pre_tournament,67a535e0,2026-06-27T00:32:16+03:00,2026-06-10T20:33:45Z,0,wc26: regenerate pre-tournament artefacts on the fixed tie-break + exact 10M,NZ,New Zealand,0.000000,0.000486
pre_tournament,67a535e0,2026-06-27T00:32:16+03:00,2026-06-10T20:33:45Z,0,wc26: regenerate pre-tournament artefacts on the fixed tie-break + exact 10M,HT,Haiti,0.000000,0.000486
pre_tournament,67a535e0,2026-06-27T00:32:16+03:00,2026-06-10T20:33:45Z,0,wc26: regenerate pre-tournament artefacts on the fixed tie-break + exact 10M,ZA,South Africa,0.000000,0.000486
pre_tournament,67a535e0,2026-06-27T00:32:16+03:00,2026-06-10T20:33:45Z,0,wc26: regenerate pre-tournament artefacts on the fixed tie-break + exact 10M,CW,Curaçao,0.000000,0.000486
pre_tournament,67a535e0,2026-06-27T00:32:16+03:00,2026-06-10T20:33:45Z,0,wc26: regenerate pre-tournament artefacts on the fixed tie-break + exact 10M,QA,Qatar,0.000000,0.000486
pre_tournament,67a535e0,2026-06-27T00:32:16+03:00,2026-06-10T20:33:45Z,0,wc26: regenerate pre-tournament artefacts on the fixed tie-break + exact 10M,IR,Iran,0.000310,0.001459
pre_tournament,67a535e0,2026-06-27T00:32:16+03:00,2026-06-10T20:33:45Z,0,wc26: regenerate pre-tournament artefacts on the fixed tie-break + exact 10M,AU,Australia,0.000250,0.001459
pre_tournament,67a535e0,2026-06-27T00:32:16+03:00,2026-06-10T20:33:45Z,0,wc26: regenerate pre-tournament artefacts on the fixed tie-break + exact 10M,HR,Croatia,0.007950,0.009241
pre_tournament,67a535e0,2026-06-27T00:32:16+03:00,2026-06-10T20:33:45Z,0,wc26: regenerate pre-tournament artefacts on the fixed tie-break + exact 10M,DZ,Algeria,0.000110,0.001459
pre_tournament,67a535e0,2026-06-27T00:32:16+03:00,2026-06-10T20:33:45Z,0,wc26: regenerate pre-tournament artefacts on the fixed tie-break + exact 10M,CD,DR Congo,0.000000,0.001459
pre_tournament,67a535e0,2026-06-27T00:32:16+03:00,2026-06-10T20:33:45Z,0,wc26: regenerate pre-tournament artefacts on the fixed tie-break + exact 10M,BA,Bosnia and Herzegovina,0.000000,0.001459
pre_tournament,67a535e0,2026-06-27T00:32:16+03:00,2026-06-10T20:33:45Z,0,wc26: regenerate pre-tournament artefacts on the fixed tie-break + exact 10M,GH,Ghana,0.000000,0.001459
pre_tournament,67a535e0,2026-06-27T00:32:16+03:00,2026-06-10T20:33:45Z,0,wc26: regenerate pre-tournament artefacts on the fixed tie-break + exact 10M,SQ,Scotland,0.000330,0.002432
pre_tournament,67a535e0,2026-06-27T00:32:16+03:00,2026-06-10T20:33:45Z,0,wc26: regenerate pre-tournament artefacts on the fixed tie-break + exact 10M,TR,Turkey,0.010030,0.012160
pre_tournament,67a535e0,2026-06-27T00:32:16+03:00,2026-06-10T20:33:45Z,0,wc26: regenerate pre-tournament artefacts on the fixed tie-break + exact 10M,KR,South Korea,0.000230,0.002432
pre_tournament,67a535e0,2026-06-27T00:32:16+03:00,2026-06-10T20:33:45Z,0,wc26: regenerate pre-tournament artefacts on the fixed tie-break + exact 10M,CZ,Czech Republic,0.000130,0.002432
pre_tournament,67a535e0,2026-06-27T00:32:16+03:00,2026-06-10T20:33:45Z,0,wc26: regenerate pre-tournament artefacts on the fixed tie-break + exact 10M,CA,Canada,0.001030,0.003405
pre_tournament,67a535e0,2026-06-27T00:32:16+03:00,2026-06-10T20:33:45Z,0,wc26: regenerate pre-tournament artefacts on the fixed tie-break + exact 10M,EG,Egypt,0.000020,0.002432
pre_tournament,67a535e0,2026-06-27T00:32:16+03:00,2026-06-10T20:33:45Z,0,wc26: regenerate pre-tournament artefacts on the fixed tie-break + exact 10M,SE,Sweden,0.000030,0.003405
pre_tournament,67a535e0,2026-06-27T00:32:16+03:00,2026-06-10T20:33:45Z,0,wc26: regenerate pre-tournament artefacts on the fixed tie-break + exact 10M,AT,Austria,0.000930,0.004377
pre_tournament,67a535e0,2026-06-27T00:32:16+03:00,2026-06-10T20:33:45Z,0,wc26: regenerate pre-tournament artefacts on the fixed tie-break + exact 10M,CH,Switzerland,0.007330,0.011187
pre_tournament,67a535e0,2026-06-27T00:32:16+03:00,2026-06-10T20:33:45Z,0,wc26: regenerate pre-tournament artefacts on the fixed tie-break + exact 10M,CI,Ivory Coast,0.000020,0.004377
pre_tournament,67a535e0,2026-06-27T00:32:16+03:00,2026-06-10T20:33:45Z,0,wc26: regenerate pre-tournament artefacts on the fixed tie-break + exact 10M,UY,Uruguay,0.005710,0.010214
pre_tournament,67a535e0,2026-06-27T00:32:16+03:00,2026-06-10T20:33:45Z,0,wc26: regenerate pre-tournament artefacts on the fixed tie-break + exact 10M,SN,Senegal,0.002480,0.007296
pre_tournament,67a535e0,2026-06-27T00:32:16+03:00,2026-06-10T20:33:45Z,0,wc26: regenerate pre-tournament artefacts on the fixed tie-break + exact 10M,MX,Mexico,0.007730,0.013132
pre_tournament,67a535e0,2026-06-27T00:32:16+03:00,2026-06-10T20:33:45Z,0,wc26: regenerate pre-tournament artefacts on the fixed tie-break + exact 10M,JP,Japan,0.008290,0.017023
pre_tournament,67a535e0,2026-06-27T00:32:16+03:00,2026-06-10T20:33:45Z,0,wc26: regenerate pre-tournament artefacts on the fixed tie-break + exact 10M,US,United States,0.001180,0.011187
pre_tournament,67a535e0,2026-06-27T00:32:16+03:00,2026-06-10T20:33:45Z,0,wc26: regenerate pre-tournament artefacts on the fixed tie-break + exact 10M,BE,Belgium,0.007790,0.020914
pre_tournament,67a535e0,2026-06-27T00:32:16+03:00,2026-06-10T20:33:45Z,0,wc26: regenerate pre-tournament artefacts on the fixed tie-break + exact 10M,NO,Norway,0.009250,0.023833
pre_tournament,67a535e0,2026-06-27T00:32:16+03:00,2026-06-10T20:33:45Z,0,wc26: regenerate pre-tournament artefacts on the fixed tie-break + exact 10M,MA,Morocco,0.001220,0.016051
pre_tournament,67a535e0,2026-06-27T00:32:16+03:00,2026-06-10T20:33:45Z,0,wc26: regenerate pre-tournament artefacts on the fixed tie-break + exact 10M,NL,Netherlands,0.019990,0.039397
pre_tournament,67a535e0,2026-06-27T00:32:16+03:00,2026-06-10T20:33:45Z,0,wc26: regenerate pre-tournament artefacts on the fixed tie-break + exact 10M,FR,France,0.126750,0.156128
pre_tournament,67a535e0,2026-06-27T00:32:16+03:00,2026-06-10T20:33:45Z,0,wc26: regenerate pre-tournament artefacts on the fixed tie-break + exact 10M,DE,Germany,0.013650,0.051070
pre_tournament,67a535e0,2026-06-27T00:32:16+03:00,2026-06-10T20:33:45Z,0,wc26: regenerate pre-tournament artefacts on the fixed tie-break + exact 10M,BR,Brazil,0.038680,0.082198
pre_tournament,67a535e0,2026-06-27T00:32:16+03:00,2026-06-10T20:33:45Z,0,wc26: regenerate pre-tournament artefacts on the fixed tie-break + exact 10M,EN,England,0.060430,0.105545
pre_tournament,67a535e0,2026-06-27T00:32:16+03:00,2026-06-10T20:33:45Z,0,wc26: regenerate pre-tournament artefacts on the fixed tie-break + exact 10M,PT,Portugal,0.035460,0.102626
group_stage,64a04d71,2026-06-17T22:20:00+03:00,2026-06-17T18:33:36Z,20,wc26: regenerate article charts for the conditional set,AR,Argentina,0.289460,0.110224
group_stage,64a04d71,2026-06-17T22:20:00+03:00,2026-06-17T18:33:36Z,20,wc26: regenerate article charts for the conditional set,ES,Spain,0.255910,0.133167
group_stage,64a04d71,2026-06-17T22:20:00+03:00,2026-06-17T18:33:36Z,20,wc26: regenerate article charts for the conditional set,CO,Colombia,0.034060,0.014464
group_stage,64a04d71,2026-06-17T22:20:00+03:00,2026-06-17T18:33:36Z,20,wc26: regenerate article charts for the conditional set,HR,Croatia,0.008170,0.007481
group_stage,64a04d71,2026-06-17T22:20:00+03:00,2026-06-17T18:33:36Z,20,wc26: regenerate article charts for the conditional set,EC,Ecuador,0.004350,0.004489
group_stage,64a04d71,2026-06-17T22:20:00+03:00,2026-06-17T18:33:36Z,20,wc26: regenerate article charts for the conditional set,IR,Iran,0.000150,0.000499
group_stage,64a04d71,2026-06-17T22:20:00+03:00,2026-06-17T18:33:36Z,20,wc26: regenerate article charts for the conditional set,PA,Panama,0.000050,0.000499
group_stage,64a04d71,2026-06-17T22:20:00+03:00,2026-06-17T18:33:36Z,20,wc26: regenerate article charts for the conditional set,CZ,Czech Republic,0.000050,0.000499
group_stage,64a04d71,2026-06-17T22:20:00+03:00,2026-06-17T18:33:36Z,20,wc26: regenerate article charts for the conditional set,UZ,Uzbekistan,0.000020,0.000499
group_stage,64a04d71,2026-06-17T22:20:00+03:00,2026-06-17T18:33:36Z,20,wc26: regenerate article charts for the conditional set,JO,Jordan,0.000000,0.000499
group_stage,64a04d71,2026-06-17T22:20:00+03:00,2026-06-17T18:33:36Z,20,wc26: regenerate article charts for the conditional set,NZ,New Zealand,0.000000,0.000499
group_stage,64a04d71,2026-06-17T22:20:00+03:00,2026-06-17T18:33:36Z,20,wc26: regenerate article charts for the conditional set,CV,Cape Verde,0.000000,0.000499
group_stage,64a04d71,2026-06-17T22:20:00+03:00,2026-06-17T18:33:36Z,20,wc26: regenerate article charts for the conditional set,SA,Saudi Arabia,0.000000,0.000499
group_stage,64a04d71,2026-06-17T22:20:00+03:00,2026-06-17T18:33:36Z,20,wc26: regenerate article charts for the conditional set,IQ,Iraq,0.000000,0.000499
group_stage,64a04d71,2026-06-17T22:20:00+03:00,2026-06-17T18:33:36Z,20,wc26: regenerate article charts for the conditional set,TN,Tunisia,0.000000,0.000499
group_stage,64a04d71,2026-06-17T22:20:00+03:00,2026-06-17T18:33:36Z,20,wc26: regenerate article charts for the conditional set,HT,Haiti,0.000000,0.000499
group_stage,64a04d71,2026-06-17T22:20:00+03:00,2026-06-17T18:33:36Z,20,wc26: regenerate article charts for the conditional set,ZA,South Africa,0.000000,0.000499
group_stage,64a04d71,2026-06-17T22:20:00+03:00,2026-06-17T18:33:36Z,20,wc26: regenerate article charts for the conditional set,QA,Qatar,0.000000,0.000499
group_stage,64a04d71,2026-06-17T22:20:00+03:00,2026-06-17T18:33:36Z,20,wc26: regenerate article charts for the conditional set,CW,Curaçao,0.000000,0.000499
group_stage,64a04d71,2026-06-17T22:20:00+03:00,2026-06-17T18:33:36Z,20,wc26: regenerate article charts for the conditional set,PY,Paraguay,0.000130,0.001496
group_stage,64a04d71,2026-06-17T22:20:00+03:00,2026-06-17T18:33:36Z,20,wc26: regenerate article charts for the conditional set,DZ,Algeria,0.000100,0.001496
group_stage,64a04d71,2026-06-17T22:20:00+03:00,2026-06-17T18:33:36Z,20,wc26: regenerate article charts for the conditional set,CD,DR Congo,0.000000,0.001496
group_stage,64a04d71,2026-06-17T22:20:00+03:00,2026-06-17T18:33:36Z,20,wc26: regenerate article charts for the conditional set,BA,Bosnia and Herzegovina,0.000000,0.001496
group_stage,64a04d71,2026-06-17T22:20:00+03:00,2026-06-17T18:33:36Z,20,wc26: regenerate article charts for the conditional set,GH,Ghana,0.000000,0.001496
group_stage,64a04d71,2026-06-17T22:20:00+03:00,2026-06-17T18:33:36Z,20,wc26: regenerate article charts for the conditional set,CA,Canada,0.000550,0.002494
group_stage,64a04d71,2026-06-17T22:20:00+03:00,2026-06-17T18:33:36Z,20,wc26: regenerate article charts for the conditional set,AU,Australia,0.002520,0.004489
group_stage,64a04d71,2026-06-17T22:20:00+03:00,2026-06-17T18:33:36Z,20,wc26: regenerate article charts for the conditional set,SQ,Scotland,0.000490,0.002494
group_stage,64a04d71,2026-06-17T22:20:00+03:00,2026-06-17T18:33:36Z,20,wc26: regenerate article charts for the conditional set,AT,Austria,0.002440,0.004489
group_stage,64a04d71,2026-06-17T22:20:00+03:00,2026-06-17T18:33:36Z,20,wc26: regenerate article charts for the conditional set,EG,Egypt,0.000050,0.002494
group_stage,64a04d71,2026-06-17T22:20:00+03:00,2026-06-17T18:33:36Z,20,wc26: regenerate article charts for the conditional set,KR,South Korea,0.000660,0.003491
group_stage,64a04d71,2026-06-17T22:20:00+03:00,2026-06-17T18:33:36Z,20,wc26: regenerate article charts for the conditional set,TR,Turkey,0.001200,0.004489
group_stage,64a04d71,2026-06-17T22:20:00+03:00,2026-06-17T18:33:36Z,20,wc26: regenerate article charts for the conditional set,UY,Uruguay,0.002780,0.006484
group_stage,64a04d71,2026-06-17T22:20:00+03:00,2026-06-17T18:33:36Z,20,wc26: regenerate article charts for the conditional set,CH,Switzerland,0.003520,0.008479
group_stage,64a04d71,2026-06-17T22:20:00+03:00,2026-06-17T18:33:36Z,20,wc26: regenerate article charts for the conditional set,SE,Sweden,0.000190,0.005486
group_stage,64a04d71,2026-06-17T22:20:00+03:00,2026-06-17T18:33:36Z,20,wc26: regenerate article charts for the conditional set,SN,Senegal,0.001160,0.006484
group_stage,64a04d71,2026-06-17T22:20:00+03:00,2026-06-17T18:33:36Z,20,wc26: regenerate article charts for the conditional set,CI,Ivory Coast,0.000120,0.005486
group_stage,64a04d71,2026-06-17T22:20:00+03:00,2026-06-17T18:33:36Z,20,wc26: regenerate article charts for the conditional set,MX,Mexico,0.008620,0.014464
group_stage,64a04d71,2026-06-17T22:20:00+03:00,2026-06-17T18:33:36Z,20,wc26: regenerate article charts for the conditional set,FR,France,0.177620,0.184040
group_stage,64a04d71,2026-06-17T22:20:00+03:00,2026-06-17T18:33:36Z,20,wc26: regenerate article charts for the conditional set,JP,Japan,0.009090,0.016459
group_stage,64a04d71,2026-06-17T22:20:00+03:00,2026-06-17T18:33:36Z,20,wc26: regenerate article charts for the conditional set,NO,Norway,0.015830,0.025436
group_stage,64a04d71,2026-06-17T22:20:00+03:00,2026-06-17T18:33:36Z,20,wc26: regenerate article charts for the conditional set,BE,Belgium,0.005550,0.016459
group_stage,64a04d71,2026-06-17T22:20:00+03:00,2026-06-17T18:33:36Z,20,wc26: regenerate article charts for the conditional set,US,United States,0.006760,0.022444
group_stage,64a04d71,2026-06-17T22:20:00+03:00,2026-06-17T18:33:36Z,20,wc26: regenerate article charts for the conditional set,MA,Morocco,0.001830,0.023441
group_stage,64a04d71,2026-06-17T22:20:00+03:00,2026-06-17T18:33:36Z,20,wc26: regenerate article charts for the conditional set,NL,Netherlands,0.017790,0.043392
group_stage,64a04d71,2026-06-17T22:20:00+03:00,2026-06-17T18:33:36Z,20,wc26: regenerate article charts for the conditional set,BR,Brazil,0.031390,0.066334
group_stage,64a04d71,2026-06-17T22:20:00+03:00,2026-06-17T18:33:36Z,20,wc26: regenerate article charts for the conditional set,DE,Germany,0.015930,0.056359
group_stage,64a04d71,2026-06-17T22:20:00+03:00,2026-06-17T18:33:36Z,20,wc26: regenerate article charts for the conditional set,EN,England,0.063290,0.104239
group_stage,64a04d71,2026-06-17T22:20:00+03:00,2026-06-17T18:33:36Z,20,wc26: regenerate article charts for the conditional set,PT,Portugal,0.038140,0.085786
group_stage,897bd53a,2026-06-17T23:16:49+03:00,2026-06-17T18:33:36Z,20,"wc26: default to 10M simulations, regenerate conditional set",AR,Argentina,0.288920,0.110224
group_stage,897bd53a,2026-06-17T23:16:49+03:00,2026-06-17T18:33:36Z,20,"wc26: default to 10M simulations, regenerate conditional set",ES,Spain,0.255990,0.133167
group_stage,897bd53a,2026-06-17T23:16:49+03:00,2026-06-17T18:33:36Z,20,"wc26: default to 10M simulations, regenerate conditional set",CO,Colombia,0.034020,0.014464
group_stage,897bd53a,2026-06-17T23:16:49+03:00,2026-06-17T18:33:36Z,20,"wc26: default to 10M simulations, regenerate conditional set",HR,Croatia,0.008180,0.007481
group_stage,897bd53a,2026-06-17T23:16:49+03:00,2026-06-17T18:33:36Z,20,"wc26: default to 10M simulations, regenerate conditional set",EC,Ecuador,0.004390,0.004489
group_stage,897bd53a,2026-06-17T23:16:49+03:00,2026-06-17T18:33:36Z,20,"wc26: default to 10M simulations, regenerate conditional set",IR,Iran,0.000160,0.000499
group_stage,897bd53a,2026-06-17T23:16:49+03:00,2026-06-17T18:33:36Z,20,"wc26: default to 10M simulations, regenerate conditional set",PA,Panama,0.000050,0.000499
group_stage,897bd53a,2026-06-17T23:16:49+03:00,2026-06-17T18:33:36Z,20,"wc26: default to 10M simulations, regenerate conditional set",CZ,Czech Republic,0.000050,0.000499
group_stage,897bd53a,2026-06-17T23:16:49+03:00,2026-06-17T18:33:36Z,20,"wc26: default to 10M simulations, regenerate conditional set",UZ,Uzbekistan,0.000020,0.000499
group_stage,897bd53a,2026-06-17T23:16:49+03:00,2026-06-17T18:33:36Z,20,"wc26: default to 10M simulations, regenerate conditional set",JO,Jordan,0.000000,0.000499
group_stage,897bd53a,2026-06-17T23:16:49+03:00,2026-06-17T18:33:36Z,20,"wc26: default to 10M simulations, regenerate conditional set",CV,Cape Verde,0.000000,0.000499
group_stage,897bd53a,2026-06-17T23:16:49+03:00,2026-06-17T18:33:36Z,20,"wc26: default to 10M simulations, regenerate conditional set",SA,Saudi Arabia,0.000000,0.000499
group_stage,897bd53a,2026-06-17T23:16:49+03:00,2026-06-17T18:33:36Z,20,"wc26: default to 10M simulations, regenerate conditional set",NZ,New Zealand,0.000000,0.000499
group_stage,897bd53a,2026-06-17T23:16:49+03:00,2026-06-17T18:33:36Z,20,"wc26: default to 10M simulations, regenerate conditional set",IQ,Iraq,0.000000,0.000499
group_stage,897bd53a,2026-06-17T23:16:49+03:00,2026-06-17T18:33:36Z,20,"wc26: default to 10M simulations, regenerate conditional set",TN,Tunisia,0.000000,0.000499
group_stage,897bd53a,2026-06-17T23:16:49+03:00,2026-06-17T18:33:36Z,20,"wc26: default to 10M simulations, regenerate conditional set",HT,Haiti,0.000000,0.000499
group_stage,897bd53a,2026-06-17T23:16:49+03:00,2026-06-17T18:33:36Z,20,"wc26: default to 10M simulations, regenerate conditional set",ZA,South Africa,0.000000,0.000499
group_stage,897bd53a,2026-06-17T23:16:49+03:00,2026-06-17T18:33:36Z,20,"wc26: default to 10M simulations, regenerate conditional set",QA,Qatar,0.000000,0.000499
group_stage,897bd53a,2026-06-17T23:16:49+03:00,2026-06-17T18:33:36Z,20,"wc26: default to 10M simulations, regenerate conditional set",CW,Curaçao,0.000000,0.000499
group_stage,897bd53a,2026-06-17T23:16:49+03:00,2026-06-17T18:33:36Z,20,"wc26: default to 10M simulations, regenerate conditional set",PY,Paraguay,0.000120,0.001496
group_stage,897bd53a,2026-06-17T23:16:49+03:00,2026-06-17T18:33:36Z,20,"wc26: default to 10M simulations, regenerate conditional set",DZ,Algeria,0.000090,0.001496
group_stage,897bd53a,2026-06-17T23:16:49+03:00,2026-06-17T18:33:36Z,20,"wc26: default to 10M simulations, regenerate conditional set",BA,Bosnia and Herzegovina,0.000000,0.001496
group_stage,897bd53a,2026-06-17T23:16:49+03:00,2026-06-17T18:33:36Z,20,"wc26: default to 10M simulations, regenerate conditional set",CD,DR Congo,0.000000,0.001496
group_stage,897bd53a,2026-06-17T23:16:49+03:00,2026-06-17T18:33:36Z,20,"wc26: default to 10M simulations, regenerate conditional set",GH,Ghana,0.000000,0.001496
group_stage,897bd53a,2026-06-17T23:16:49+03:00,2026-06-17T18:33:36Z,20,"wc26: default to 10M simulations, regenerate conditional set",CA,Canada,0.000550,0.002494
group_stage,897bd53a,2026-06-17T23:16:49+03:00,2026-06-17T18:33:36Z,20,"wc26: default to 10M simulations, regenerate conditional set",AU,Australia,0.002510,0.004489
group_stage,897bd53a,2026-06-17T23:16:49+03:00,2026-06-17T18:33:36Z,20,"wc26: default to 10M simulations, regenerate conditional set",SQ,Scotland,0.000500,0.002494
group_stage,897bd53a,2026-06-17T23:16:49+03:00,2026-06-17T18:33:36Z,20,"wc26: default to 10M simulations, regenerate conditional set",AT,Austria,0.002470,0.004489
group_stage,897bd53a,2026-06-17T23:16:49+03:00,2026-06-17T18:33:36Z,20,"wc26: default to 10M simulations, regenerate conditional set",EG,Egypt,0.000050,0.002494
group_stage,897bd53a,2026-06-17T23:16:49+03:00,2026-06-17T18:33:36Z,20,"wc26: default to 10M simulations, regenerate conditional set",KR,South Korea,0.000700,0.003491
group_stage,897bd53a,2026-06-17T23:16:49+03:00,2026-06-17T18:33:36Z,20,"wc26: default to 10M simulations, regenerate conditional set",TR,Turkey,0.001170,0.004489
group_stage,897bd53a,2026-06-17T23:16:49+03:00,2026-06-17T18:33:36Z,20,"wc26: default to 10M simulations, regenerate conditional set",UY,Uruguay,0.002830,0.006484
group_stage,897bd53a,2026-06-17T23:16:49+03:00,2026-06-17T18:33:36Z,20,"wc26: default to 10M simulations, regenerate conditional set",CH,Switzerland,0.003500,0.008479
group_stage,897bd53a,2026-06-17T23:16:49+03:00,2026-06-17T18:33:36Z,20,"wc26: default to 10M simulations, regenerate conditional set",SN,Senegal,0.001190,0.006484
group_stage,897bd53a,2026-06-17T23:16:49+03:00,2026-06-17T18:33:36Z,20,"wc26: default to 10M simulations, regenerate conditional set",SE,Sweden,0.000170,0.005486
group_stage,897bd53a,2026-06-17T23:16:49+03:00,2026-06-17T18:33:36Z,20,"wc26: default to 10M simulations, regenerate conditional set",CI,Ivory Coast,0.000110,0.005486
group_stage,897bd53a,2026-06-17T23:16:49+03:00,2026-06-17T18:33:36Z,20,"wc26: default to 10M simulations, regenerate conditional set",FR,France,0.178140,0.184040
group_stage,897bd53a,2026-06-17T23:16:49+03:00,2026-06-17T18:33:36Z,20,"wc26: default to 10M simulations, regenerate conditional set",MX,Mexico,0.008550,0.014464
group_stage,897bd53a,2026-06-17T23:16:49+03:00,2026-06-17T18:33:36Z,20,"wc26: default to 10M simulations, regenerate conditional set",JP,Japan,0.009130,0.016459
group_stage,897bd53a,2026-06-17T23:16:49+03:00,2026-06-17T18:33:36Z,20,"wc26: default to 10M simulations, regenerate conditional set",NO,Norway,0.015750,0.025436
group_stage,897bd53a,2026-06-17T23:16:49+03:00,2026-06-17T18:33:36Z,20,"wc26: default to 10M simulations, regenerate conditional set",BE,Belgium,0.005550,0.016459
group_stage,897bd53a,2026-06-17T23:16:49+03:00,2026-06-17T18:33:36Z,20,"wc26: default to 10M simulations, regenerate conditional set",US,United States,0.006670,0.022444
group_stage,897bd53a,2026-06-17T23:16:49+03:00,2026-06-17T18:33:36Z,20,"wc26: default to 10M simulations, regenerate conditional set",MA,Morocco,0.001870,0.023441
group_stage,897bd53a,2026-06-17T23:16:49+03:00,2026-06-17T18:33:36Z,20,"wc26: default to 10M simulations, regenerate conditional set",NL,Netherlands,0.017960,0.043392
group_stage,897bd53a,2026-06-17T23:16:49+03:00,2026-06-17T18:33:36Z,20,"wc26: default to 10M simulations, regenerate conditional set",BR,Brazil,0.031280,0.066334
group_stage,897bd53a,2026-06-17T23:16:49+03:00,2026-06-17T18:33:36Z,20,"wc26: default to 10M simulations, regenerate conditional set",DE,Germany,0.015680,0.056359
group_stage,897bd53a,2026-06-17T23:16:49+03:00,2026-06-17T18:33:36Z,20,"wc26: default to 10M simulations, regenerate conditional set",EN,England,0.063390,0.104239
group_stage,897bd53a,2026-06-17T23:16:49+03:00,2026-06-17T18:33:36Z,20,"wc26: default to 10M simulations, regenerate conditional set",PT,Portugal,0.038280,0.085786
group_stage,9d7fce3e,2026-06-18T12:20:23+03:00,2026-06-18T07:06:06Z,24,wc26: conditional refresh after matchday 1 (24 results),AR,Argentina,0.276330,0.113967
group_stage,9d7fce3e,2026-06-18T12:20:23+03:00,2026-06-18T07:06:06Z,24,wc26: conditional refresh after matchday 1 (24 results),ES,Spain,0.263350,0.133366
group_stage,9d7fce3e,2026-06-18T12:20:23+03:00,2026-06-18T07:06:06Z,24,wc26: conditional refresh after matchday 1 (24 results),CO,Colombia,0.036780,0.016004
group_stage,9d7fce3e,2026-06-18T12:20:23+03:00,2026-06-18T07:06:06Z,24,wc26: conditional refresh after matchday 1 (24 results),IR,Iran,0.000150,0.000485
group_stage,9d7fce3e,2026-06-18T12:20:23+03:00,2026-06-18T07:06:06Z,24,wc26: conditional refresh after matchday 1 (24 results),CZ,Czech Republic,0.000050,0.000485
group_stage,9d7fce3e,2026-06-18T12:20:23+03:00,2026-06-18T07:06:06Z,24,wc26: conditional refresh after matchday 1 (24 results),EC,Ecuador,0.003910,0.004365
group_stage,9d7fce3e,2026-06-18T12:20:23+03:00,2026-06-18T07:06:06Z,24,wc26: conditional refresh after matchday 1 (24 results),UZ,Uzbekistan,0.000010,0.000485
group_stage,9d7fce3e,2026-06-18T12:20:23+03:00,2026-06-18T07:06:06Z,24,wc26: conditional refresh after matchday 1 (24 results),PA,Panama,0.000010,0.000485
group_stage,9d7fce3e,2026-06-18T12:20:23+03:00,2026-06-18T07:06:06Z,24,wc26: conditional refresh after matchday 1 (24 results),JO,Jordan,0.000000,0.000485
group_stage,9d7fce3e,2026-06-18T12:20:23+03:00,2026-06-18T07:06:06Z,24,wc26: conditional refresh after matchday 1 (24 results),CV,Cape Verde,0.000000,0.000485
group_stage,9d7fce3e,2026-06-18T12:20:23+03:00,2026-06-18T07:06:06Z,24,wc26: conditional refresh after matchday 1 (24 results),SA,Saudi Arabia,0.000000,0.000485
group_stage,9d7fce3e,2026-06-18T12:20:23+03:00,2026-06-18T07:06:06Z,24,wc26: conditional refresh after matchday 1 (24 results),NZ,New Zealand,0.000000,0.000485
group_stage,9d7fce3e,2026-06-18T12:20:23+03:00,2026-06-18T07:06:06Z,24,wc26: conditional refresh after matchday 1 (24 results),TN,Tunisia,0.000000,0.000485
group_stage,9d7fce3e,2026-06-18T12:20:23+03:00,2026-06-18T07:06:06Z,24,wc26: conditional refresh after matchday 1 (24 results),QA,Qatar,0.000000,0.000485
group_stage,9d7fce3e,2026-06-18T12:20:23+03:00,2026-06-18T07:06:06Z,24,wc26: conditional refresh after matchday 1 (24 results),IQ,Iraq,0.000000,0.000485
group_stage,9d7fce3e,2026-06-18T12:20:23+03:00,2026-06-18T07:06:06Z,24,wc26: conditional refresh after matchday 1 (24 results),HT,Haiti,0.000000,0.000485
group_stage,9d7fce3e,2026-06-18T12:20:23+03:00,2026-06-18T07:06:06Z,24,wc26: conditional refresh after matchday 1 (24 results),ZA,South Africa,0.000000,0.000485
group_stage,9d7fce3e,2026-06-18T12:20:23+03:00,2026-06-18T07:06:06Z,24,wc26: conditional refresh after matchday 1 (24 results),CW,Curaçao,0.000000,0.000485
group_stage,9d7fce3e,2026-06-18T12:20:23+03:00,2026-06-18T07:06:06Z,24,wc26: conditional refresh after matchday 1 (24 results),PY,Paraguay,0.000110,0.001455
group_stage,9d7fce3e,2026-06-18T12:20:23+03:00,2026-06-18T07:06:06Z,24,wc26: conditional refresh after matchday 1 (24 results),DZ,Algeria,0.000090,0.001455
group_stage,9d7fce3e,2026-06-18T12:20:23+03:00,2026-06-18T07:06:06Z,24,wc26: conditional refresh after matchday 1 (24 results),CD,DR Congo,0.000000,0.001455
group_stage,9d7fce3e,2026-06-18T12:20:23+03:00,2026-06-18T07:06:06Z,24,wc26: conditional refresh after matchday 1 (24 results),BA,Bosnia and Herzegovina,0.000000,0.001455
group_stage,9d7fce3e,2026-06-18T12:20:23+03:00,2026-06-18T07:06:06Z,24,wc26: conditional refresh after matchday 1 (24 results),GH,Ghana,0.000000,0.001455
group_stage,9d7fce3e,2026-06-18T12:20:23+03:00,2026-06-18T07:06:06Z,24,wc26: conditional refresh after matchday 1 (24 results),AT,Austria,0.002560,0.004365
group_stage,9d7fce3e,2026-06-18T12:20:23+03:00,2026-06-18T07:06:06Z,24,wc26: conditional refresh after matchday 1 (24 results),CA,Canada,0.000480,0.002425
group_stage,9d7fce3e,2026-06-18T12:20:23+03:00,2026-06-18T07:06:06Z,24,wc26: conditional refresh after matchday 1 (24 results),SQ,Scotland,0.000470,0.002425
group_stage,9d7fce3e,2026-06-18T12:20:23+03:00,2026-06-18T07:06:06Z,24,wc26: conditional refresh after matchday 1 (24 results),AU,Australia,0.002400,0.004365
group_stage,9d7fce3e,2026-06-18T12:20:23+03:00,2026-06-18T07:06:06Z,24,wc26: conditional refresh after matchday 1 (24 results),EG,Egypt,0.000050,0.002425
group_stage,9d7fce3e,2026-06-18T12:20:23+03:00,2026-06-18T07:06:06Z,24,wc26: conditional refresh after matchday 1 (24 results),HR,Croatia,0.003910,0.006305
group_stage,9d7fce3e,2026-06-18T12:20:23+03:00,2026-06-18T07:06:06Z,24,wc26: conditional refresh after matchday 1 (24 results),KR,South Korea,0.000640,0.003395
group_stage,9d7fce3e,2026-06-18T12:20:23+03:00,2026-06-18T07:06:06Z,24,wc26: conditional refresh after matchday 1 (24 results),TR,Turkey,0.001120,0.004365
group_stage,9d7fce3e,2026-06-18T12:20:23+03:00,2026-06-18T07:06:06Z,24,wc26: conditional refresh after matchday 1 (24 results),UY,Uruguay,0.002680,0.006305
group_stage,9d7fce3e,2026-06-18T12:20:23+03:00,2026-06-18T07:06:06Z,24,wc26: conditional refresh after matchday 1 (24 results),CH,Switzerland,0.003270,0.008244
group_stage,9d7fce3e,2026-06-18T12:20:23+03:00,2026-06-18T07:06:06Z,24,wc26: conditional refresh after matchday 1 (24 results),SE,Sweden,0.000170,0.005335
group_stage,9d7fce3e,2026-06-18T12:20:23+03:00,2026-06-18T07:06:06Z,24,wc26: conditional refresh after matchday 1 (24 results),CI,Ivory Coast,0.000110,0.005335
group_stage,9d7fce3e,2026-06-18T12:20:23+03:00,2026-06-18T07:06:06Z,24,wc26: conditional refresh after matchday 1 (24 results),SN,Senegal,0.000990,0.006305
group_stage,9d7fce3e,2026-06-18T12:20:23+03:00,2026-06-18T07:06:06Z,24,wc26: conditional refresh after matchday 1 (24 results),MX,Mexico,0.007220,0.014064
group_stage,9d7fce3e,2026-06-18T12:20:23+03:00,2026-06-18T07:06:06Z,24,wc26: conditional refresh after matchday 1 (24 results),JP,Japan,0.008340,0.016004
group_stage,9d7fce3e,2026-06-18T12:20:23+03:00,2026-06-18T07:06:06Z,24,wc26: conditional refresh after matchday 1 (24 results),FR,France,0.171200,0.178952
group_stage,9d7fce3e,2026-06-18T12:20:23+03:00,2026-06-18T07:06:06Z,24,wc26: conditional refresh after matchday 1 (24 results),BE,Belgium,0.005470,0.016004
group_stage,9d7fce3e,2026-06-18T12:20:23+03:00,2026-06-18T07:06:06Z,24,wc26: conditional refresh after matchday 1 (24 results),NO,Norway,0.013920,0.025703
group_stage,9d7fce3e,2026-06-18T12:20:23+03:00,2026-06-18T07:06:06Z,24,wc26: conditional refresh after matchday 1 (24 results),US,United States,0.006530,0.021823
group_stage,9d7fce3e,2026-06-18T12:20:23+03:00,2026-06-18T07:06:06Z,24,wc26: conditional refresh after matchday 1 (24 results),MA,Morocco,0.001680,0.022793
group_stage,9d7fce3e,2026-06-18T12:20:23+03:00,2026-06-18T07:06:06Z,24,wc26: conditional refresh after matchday 1 (24 results),NL,Netherlands,0.016830,0.038312
group_stage,9d7fce3e,2026-06-18T12:20:23+03:00,2026-06-18T07:06:06Z,24,wc26: conditional refresh after matchday 1 (24 results),EN,England,0.102570,0.124636
group_stage,9d7fce3e,2026-06-18T12:20:23+03:00,2026-06-18T07:06:06Z,24,wc26: conditional refresh after matchday 1 (24 results),BR,Brazil,0.028330,0.064500
group_stage,9d7fce3e,2026-06-18T12:20:23+03:00,2026-06-18T07:06:06Z,24,wc26: conditional refresh after matchday 1 (24 results),DE,Germany,0.015000,0.054801
group_stage,9d7fce3e,2026-06-18T12:20:23+03:00,2026-06-18T07:06:06Z,24,wc26: conditional refresh after matchday 1 (24 results),PT,Portugal,0.023260,0.079049
group_stage,4b7e29a2,2026-06-21T23:43:55+03:00,2026-06-21T19:58:18Z,37,wc26: conditional refresh after matchday 2 (37 results),AR,Argentina,0.275140,0.114802
group_stage,4b7e29a2,2026-06-21T23:43:55+03:00,2026-06-21T19:58:18Z,37,wc26: conditional refresh after matchday 2 (37 results),ES,Spain,0.255220,0.139228
group_stage,4b7e29a2,2026-06-21T23:43:55+03:00,2026-06-21T19:58:18Z,37,wc26: conditional refresh after matchday 2 (37 results),CO,Colombia,0.046200,0.014167
group_stage,4b7e29a2,2026-06-21T23:43:55+03:00,2026-06-21T19:58:18Z,37,wc26: conditional refresh after matchday 2 (37 results),TR,Turkey,0.000000,0.000000
group_stage,4b7e29a2,2026-06-21T23:43:55+03:00,2026-06-21T19:58:18Z,37,wc26: conditional refresh after matchday 2 (37 results),TN,Tunisia,0.000000,0.000000
group_stage,4b7e29a2,2026-06-21T23:43:55+03:00,2026-06-21T19:58:18Z,37,wc26: conditional refresh after matchday 2 (37 results),HT,Haiti,0.000000,0.000000
group_stage,4b7e29a2,2026-06-21T23:43:55+03:00,2026-06-21T19:58:18Z,37,wc26: conditional refresh after matchday 2 (37 results),IR,Iran,0.000120,0.000489
group_stage,4b7e29a2,2026-06-21T23:43:55+03:00,2026-06-21T19:58:18Z,37,wc26: conditional refresh after matchday 2 (37 results),DZ,Algeria,0.000070,0.000489
group_stage,4b7e29a2,2026-06-21T23:43:55+03:00,2026-06-21T19:58:18Z,37,wc26: conditional refresh after matchday 2 (37 results),UZ,Uzbekistan,0.000010,0.000489
group_stage,4b7e29a2,2026-06-21T23:43:55+03:00,2026-06-21T19:58:18Z,37,wc26: conditional refresh after matchday 2 (37 results),CZ,Czech Republic,0.000000,0.000489
group_stage,4b7e29a2,2026-06-21T23:43:55+03:00,2026-06-21T19:58:18Z,37,wc26: conditional refresh after matchday 2 (37 results),PA,Panama,0.000000,0.000489
group_stage,4b7e29a2,2026-06-21T23:43:55+03:00,2026-06-21T19:58:18Z,37,wc26: conditional refresh after matchday 2 (37 results),JO,Jordan,0.000000,0.000489
group_stage,4b7e29a2,2026-06-21T23:43:55+03:00,2026-06-21T19:58:18Z,37,wc26: conditional refresh after matchday 2 (37 results),BA,Bosnia and Herzegovina,0.000000,0.000489
group_stage,4b7e29a2,2026-06-21T23:43:55+03:00,2026-06-21T19:58:18Z,37,wc26: conditional refresh after matchday 2 (37 results),CV,Cape Verde,0.000000,0.000489
group_stage,4b7e29a2,2026-06-21T23:43:55+03:00,2026-06-21T19:58:18Z,37,wc26: conditional refresh after matchday 2 (37 results),SA,Saudi Arabia,0.000000,0.000489
group_stage,4b7e29a2,2026-06-21T23:43:55+03:00,2026-06-21T19:58:18Z,37,wc26: conditional refresh after matchday 2 (37 results),NZ,New Zealand,0.000000,0.000489
group_stage,4b7e29a2,2026-06-21T23:43:55+03:00,2026-06-21T19:58:18Z,37,wc26: conditional refresh after matchday 2 (37 results),IQ,Iraq,0.000000,0.000489
group_stage,4b7e29a2,2026-06-21T23:43:55+03:00,2026-06-21T19:58:18Z,37,wc26: conditional refresh after matchday 2 (37 results),GH,Ghana,0.000000,0.000489
group_stage,4b7e29a2,2026-06-21T23:43:55+03:00,2026-06-21T19:58:18Z,37,wc26: conditional refresh after matchday 2 (37 results),ZA,South Africa,0.000000,0.000489
group_stage,4b7e29a2,2026-06-21T23:43:55+03:00,2026-06-21T19:58:18Z,37,wc26: conditional refresh after matchday 2 (37 results),CW,Curaçao,0.000000,0.000489
group_stage,4b7e29a2,2026-06-21T23:43:55+03:00,2026-06-21T19:58:18Z,37,wc26: conditional refresh after matchday 2 (37 results),QA,Qatar,0.000000,0.000489
group_stage,4b7e29a2,2026-06-21T23:43:55+03:00,2026-06-21T19:58:18Z,37,wc26: conditional refresh after matchday 2 (37 results),PY,Paraguay,0.000670,0.001466
group_stage,4b7e29a2,2026-06-21T23:43:55+03:00,2026-06-21T19:58:18Z,37,wc26: conditional refresh after matchday 2 (37 results),EC,Ecuador,0.000520,0.001466
group_stage,4b7e29a2,2026-06-21T23:43:55+03:00,2026-06-21T19:58:18Z,37,wc26: conditional refresh after matchday 2 (37 results),AT,Austria,0.002080,0.003420
group_stage,4b7e29a2,2026-06-21T23:43:55+03:00,2026-06-21T19:58:18Z,37,wc26: conditional refresh after matchday 2 (37 results),SQ,Scotland,0.000090,0.001466
group_stage,4b7e29a2,2026-06-21T23:43:55+03:00,2026-06-21T19:58:18Z,37,wc26: conditional refresh after matchday 2 (37 results),HR,Croatia,0.002970,0.004397
group_stage,4b7e29a2,2026-06-21T23:43:55+03:00,2026-06-21T19:58:18Z,37,wc26: conditional refresh after matchday 2 (37 results),CD,DR Congo,0.000000,0.001466
group_stage,4b7e29a2,2026-06-21T23:43:55+03:00,2026-06-21T19:58:18Z,37,wc26: conditional refresh after matchday 2 (37 results),AU,Australia,0.000520,0.002443
group_stage,4b7e29a2,2026-06-21T23:43:55+03:00,2026-06-21T19:58:18Z,37,wc26: conditional refresh after matchday 2 (37 results),CH,Switzerland,0.005270,0.007328
group_stage,4b7e29a2,2026-06-21T23:43:55+03:00,2026-06-21T19:58:18Z,37,wc26: conditional refresh after matchday 2 (37 results),KR,South Korea,0.000230,0.002443
group_stage,4b7e29a2,2026-06-21T23:43:55+03:00,2026-06-21T19:58:18Z,37,wc26: conditional refresh after matchday 2 (37 results),EG,Egypt,0.000040,0.002443
group_stage,4b7e29a2,2026-06-21T23:43:55+03:00,2026-06-21T19:58:18Z,37,wc26: conditional refresh after matchday 2 (37 results),SE,Sweden,0.000040,0.002443
group_stage,4b7e29a2,2026-06-21T23:43:55+03:00,2026-06-21T19:58:18Z,37,wc26: conditional refresh after matchday 2 (37 results),CA,Canada,0.000650,0.003420
group_stage,4b7e29a2,2026-06-21T23:43:55+03:00,2026-06-21T19:58:18Z,37,wc26: conditional refresh after matchday 2 (37 results),UY,Uruguay,0.002520,0.005374
group_stage,4b7e29a2,2026-06-21T23:43:55+03:00,2026-06-21T19:58:18Z,37,wc26: conditional refresh after matchday 2 (37 results),MX,Mexico,0.009740,0.013190
group_stage,4b7e29a2,2026-06-21T23:43:55+03:00,2026-06-21T19:58:18Z,37,wc26: conditional refresh after matchday 2 (37 results),SN,Senegal,0.001070,0.005374
group_stage,4b7e29a2,2026-06-21T23:43:55+03:00,2026-06-21T19:58:18Z,37,wc26: conditional refresh after matchday 2 (37 results),CI,Ivory Coast,0.000040,0.004397
group_stage,4b7e29a2,2026-06-21T23:43:55+03:00,2026-06-21T19:58:18Z,37,wc26: conditional refresh after matchday 2 (37 results),BE,Belgium,0.004380,0.013190
group_stage,4b7e29a2,2026-06-21T23:43:55+03:00,2026-06-21T19:58:18Z,37,wc26: conditional refresh after matchday 2 (37 results),NO,Norway,0.013780,0.022960
group_stage,4b7e29a2,2026-06-21T23:43:55+03:00,2026-06-21T19:58:18Z,37,wc26: conditional refresh after matchday 2 (37 results),JP,Japan,0.009430,0.021006
group_stage,4b7e29a2,2026-06-21T23:43:55+03:00,2026-06-21T19:58:18Z,37,wc26: conditional refresh after matchday 2 (37 results),MA,Morocco,0.002720,0.021983
group_stage,4b7e29a2,2026-06-21T23:43:55+03:00,2026-06-21T19:58:18Z,37,wc26: conditional refresh after matchday 2 (37 results),US,United States,0.017350,0.037616
group_stage,4b7e29a2,2026-06-21T23:43:55+03:00,2026-06-21T19:58:18Z,37,wc26: conditional refresh after matchday 2 (37 results),NL,Netherlands,0.026770,0.054226
group_stage,4b7e29a2,2026-06-21T23:43:55+03:00,2026-06-21T19:58:18Z,37,wc26: conditional refresh after matchday 2 (37 results),FR,France,0.163160,0.192965
group_stage,4b7e29a2,2026-06-21T23:43:55+03:00,2026-06-21T19:58:18Z,37,wc26: conditional refresh after matchday 2 (37 results),BR,Brazil,0.028020,0.058134
group_stage,4b7e29a2,2026-06-21T23:43:55+03:00,2026-06-21T19:58:18Z,37,wc26: conditional refresh after matchday 2 (37 results),EN,England,0.090680,0.122618
group_stage,4b7e29a2,2026-06-21T23:43:55+03:00,2026-06-21T19:58:18Z,37,wc26: conditional refresh after matchday 2 (37 results),DE,Germany,0.019510,0.052272
group_stage,4b7e29a2,2026-06-21T23:43:55+03:00,2026-06-21T19:58:18Z,37,wc26: conditional refresh after matchday 2 (37 results),PT,Portugal,0.020980,0.064973
group_stage,852349a8,2026-06-22T20:51:38+03:00,2026-06-22T07:26:30Z,40,wc26: conditional refresh after more group matches (40 results),AR,Argentina,0.292260,0.118728
group_stage,852349a8,2026-06-22T20:51:38+03:00,2026-06-22T07:26:30Z,40,wc26: conditional refresh after more group matches (40 results),ES,Spain,0.266130,0.137606
group_stage,852349a8,2026-06-22T20:51:38+03:00,2026-06-22T07:26:30Z,40,wc26: conditional refresh after more group matches (40 results),CO,Colombia,0.043530,0.014406
group_stage,852349a8,2026-06-22T20:51:38+03:00,2026-06-22T07:26:30Z,40,wc26: conditional refresh after more group matches (40 results),TR,Turkey,0.000000,0.000000
group_stage,852349a8,2026-06-22T20:51:38+03:00,2026-06-22T07:26:30Z,40,wc26: conditional refresh after more group matches (40 results),TN,Tunisia,0.000000,0.000000
group_stage,852349a8,2026-06-22T20:51:38+03:00,2026-06-22T07:26:30Z,40,wc26: conditional refresh after more group matches (40 results),HT,Haiti,0.000000,0.000000
group_stage,852349a8,2026-06-22T20:51:38+03:00,2026-06-22T07:26:30Z,40,wc26: conditional refresh after more group matches (40 results),IR,Iran,0.000160,0.000497
group_stage,852349a8,2026-06-22T20:51:38+03:00,2026-06-22T07:26:30Z,40,wc26: conditional refresh after more group matches (40 results),DZ,Algeria,0.000080,0.000497
group_stage,852349a8,2026-06-22T20:51:38+03:00,2026-06-22T07:26:30Z,40,wc26: conditional refresh after more group matches (40 results),UZ,Uzbekistan,0.000000,0.000497
group_stage,852349a8,2026-06-22T20:51:38+03:00,2026-06-22T07:26:30Z,40,wc26: conditional refresh after more group matches (40 results),CZ,Czech Republic,0.000000,0.000497
group_stage,852349a8,2026-06-22T20:51:38+03:00,2026-06-22T07:26:30Z,40,wc26: conditional refresh after more group matches (40 results),PA,Panama,0.000000,0.000497
group_stage,852349a8,2026-06-22T20:51:38+03:00,2026-06-22T07:26:30Z,40,wc26: conditional refresh after more group matches (40 results),JO,Jordan,0.000000,0.000497
group_stage,852349a8,2026-06-22T20:51:38+03:00,2026-06-22T07:26:30Z,40,wc26: conditional refresh after more group matches (40 results),BA,Bosnia and Herzegovina,0.000000,0.000497
group_stage,852349a8,2026-06-22T20:51:38+03:00,2026-06-22T07:26:30Z,40,wc26: conditional refresh after more group matches (40 results),SA,Saudi Arabia,0.000000,0.000497
group_stage,852349a8,2026-06-22T20:51:38+03:00,2026-06-22T07:26:30Z,40,wc26: conditional refresh after more group matches (40 results),IQ,Iraq,0.000000,0.000497
group_stage,852349a8,2026-06-22T20:51:38+03:00,2026-06-22T07:26:30Z,40,wc26: conditional refresh after more group matches (40 results),NZ,New Zealand,0.000000,0.000497
group_stage,852349a8,2026-06-22T20:51:38+03:00,2026-06-22T07:26:30Z,40,wc26: conditional refresh after more group matches (40 results),ZA,South Africa,0.000000,0.000497
group_stage,852349a8,2026-06-22T20:51:38+03:00,2026-06-22T07:26:30Z,40,wc26: conditional refresh after more group matches (40 results),CW,Curaçao,0.000000,0.000497
group_stage,852349a8,2026-06-22T20:51:38+03:00,2026-06-22T07:26:30Z,40,wc26: conditional refresh after more group matches (40 results),QA,Qatar,0.000000,0.000497
group_stage,852349a8,2026-06-22T20:51:38+03:00,2026-06-22T07:26:30Z,40,wc26: conditional refresh after more group matches (40 results),UY,Uruguay,0.000700,0.001490
group_stage,852349a8,2026-06-22T20:51:38+03:00,2026-06-22T07:26:30Z,40,wc26: conditional refresh after more group matches (40 results),PY,Paraguay,0.000550,0.001490
group_stage,852349a8,2026-06-22T20:51:38+03:00,2026-06-22T07:26:30Z,40,wc26: conditional refresh after more group matches (40 results),EC,Ecuador,0.000520,0.001490
group_stage,852349a8,2026-06-22T20:51:38+03:00,2026-06-22T07:26:30Z,40,wc26: conditional refresh after more group matches (40 results),AT,Austria,0.002170,0.003477
group_stage,852349a8,2026-06-22T20:51:38+03:00,2026-06-22T07:26:30Z,40,wc26: conditional refresh after more group matches (40 results),SQ,Scotland,0.000080,0.001490
group_stage,852349a8,2026-06-22T20:51:38+03:00,2026-06-22T07:26:30Z,40,wc26: conditional refresh after more group matches (40 results),CD,DR Congo,0.000000,0.001490
group_stage,852349a8,2026-06-22T20:51:38+03:00,2026-06-22T07:26:30Z,40,wc26: conditional refresh after more group matches (40 results),CV,Cape Verde,0.000000,0.001490
group_stage,852349a8,2026-06-22T20:51:38+03:00,2026-06-22T07:26:30Z,40,wc26: conditional refresh after more group matches (40 results),GH,Ghana,0.000000,0.001490
group_stage,852349a8,2026-06-22T20:51:38+03:00,2026-06-22T07:26:30Z,40,wc26: conditional refresh after more group matches (40 results),CH,Switzerland,0.004810,0.006458
group_stage,852349a8,2026-06-22T20:51:38+03:00,2026-06-22T07:26:30Z,40,wc26: conditional refresh after more group matches (40 results),HR,Croatia,0.002720,0.004471
group_stage,852349a8,2026-06-22T20:51:38+03:00,2026-06-22T07:26:30Z,40,wc26: conditional refresh after more group matches (40 results),AU,Australia,0.000420,0.002484
group_stage,852349a8,2026-06-22T20:51:38+03:00,2026-06-22T07:26:30Z,40,wc26: conditional refresh after more group matches (40 results),KR,South Korea,0.000210,0.002484
group_stage,852349a8,2026-06-22T20:51:38+03:00,2026-06-22T07:26:30Z,40,wc26: conditional refresh after more group matches (40 results),EG,Egypt,0.000050,0.002484
group_stage,852349a8,2026-06-22T20:51:38+03:00,2026-06-22T07:26:30Z,40,wc26: conditional refresh after more group matches (40 results),SE,Sweden,0.000040,0.002484
group_stage,852349a8,2026-06-22T20:51:38+03:00,2026-06-22T07:26:30Z,40,wc26: conditional refresh after more group matches (40 results),CA,Canada,0.000570,0.003477
group_stage,852349a8,2026-06-22T20:51:38+03:00,2026-06-22T07:26:30Z,40,wc26: conditional refresh after more group matches (40 results),MX,Mexico,0.008610,0.012419
group_stage,852349a8,2026-06-22T20:51:38+03:00,2026-06-22T07:26:30Z,40,wc26: conditional refresh after more group matches (40 results),SN,Senegal,0.001040,0.005464
group_stage,852349a8,2026-06-22T20:51:38+03:00,2026-06-22T07:26:30Z,40,wc26: conditional refresh after more group matches (40 results),CI,Ivory Coast,0.000040,0.004471
group_stage,852349a8,2026-06-22T20:51:38+03:00,2026-06-22T07:26:30Z,40,wc26: conditional refresh after more group matches (40 results),NO,Norway,0.012870,0.019374
group_stage,852349a8,2026-06-22T20:51:38+03:00,2026-06-22T07:26:30Z,40,wc26: conditional refresh after more group matches (40 results),BE,Belgium,0.002750,0.010432
group_stage,852349a8,2026-06-22T20:51:38+03:00,2026-06-22T07:26:30Z,40,wc26: conditional refresh after more group matches (40 results),JP,Japan,0.008790,0.023348
group_stage,852349a8,2026-06-22T20:51:38+03:00,2026-06-22T07:26:30Z,40,wc26: conditional refresh after more group matches (40 results),MA,Morocco,0.002490,0.021361
group_stage,852349a8,2026-06-22T20:51:38+03:00,2026-06-22T07:26:30Z,40,wc26: conditional refresh after more group matches (40 results),US,United States,0.016350,0.035271
group_stage,852349a8,2026-06-22T20:51:38+03:00,2026-06-22T07:26:30Z,40,wc26: conditional refresh after more group matches (40 results),NL,Netherlands,0.025110,0.054148
group_stage,852349a8,2026-06-22T20:51:38+03:00,2026-06-22T07:26:30Z,40,wc26: conditional refresh after more group matches (40 results),BR,Brazil,0.026310,0.057129
group_stage,852349a8,2026-06-22T20:51:38+03:00,2026-06-22T07:26:30Z,40,wc26: conditional refresh after more group matches (40 results),DE,Germany,0.018210,0.054148
group_stage,852349a8,2026-06-22T20:51:38+03:00,2026-06-22T07:26:30Z,40,wc26: conditional refresh after more group matches (40 results),EN,England,0.086920,0.124690
group_stage,852349a8,2026-06-22T20:51:38+03:00,2026-06-22T07:26:30Z,40,wc26: conditional refresh after more group matches (40 results),FR,France,0.155930,0.196225
group_stage,852349a8,2026-06-22T20:51:38+03:00,2026-06-22T07:26:30Z,40,wc26: conditional refresh after more group matches (40 results),PT,Portugal,0.019570,0.066071
group_stage,5449e4b5,2026-06-22T21:14:10+03:00,2026-06-22T17:52:22Z,40,"wc26: conditional refresh on fresh Elo (40 results, plots excluded)",AR,Argentina,0.291760,0.132131
group_stage,5449e4b5,2026-06-22T21:14:10+03:00,2026-06-22T17:52:22Z,40,"wc26: conditional refresh on fresh Elo (40 results, plots excluded)",ES,Spain,0.266130,0.135056
group_stage,5449e4b5,2026-06-22T21:14:10+03:00,2026-06-22T17:52:22Z,40,"wc26: conditional refresh on fresh Elo (40 results, plots excluded)",CO,Colombia,0.043650,0.015115
group_stage,5449e4b5,2026-06-22T21:14:10+03:00,2026-06-22T17:52:22Z,40,"wc26: conditional refresh on fresh Elo (40 results, plots excluded)",TR,Turkey,0.000000,0.000000
group_stage,5449e4b5,2026-06-22T21:14:10+03:00,2026-06-22T17:52:22Z,40,"wc26: conditional refresh on fresh Elo (40 results, plots excluded)",TN,Tunisia,0.000000,0.000000
group_stage,5449e4b5,2026-06-22T21:14:10+03:00,2026-06-22T17:52:22Z,40,"wc26: conditional refresh on fresh Elo (40 results, plots excluded)",HT,Haiti,0.000000,0.000000
group_stage,5449e4b5,2026-06-22T21:14:10+03:00,2026-06-22T17:52:22Z,40,"wc26: conditional refresh on fresh Elo (40 results, plots excluded)",IR,Iran,0.000150,0.000488
group_stage,5449e4b5,2026-06-22T21:14:10+03:00,2026-06-22T17:52:22Z,40,"wc26: conditional refresh on fresh Elo (40 results, plots excluded)",DZ,Algeria,0.000080,0.000488
group_stage,5449e4b5,2026-06-22T21:14:10+03:00,2026-06-22T17:52:22Z,40,"wc26: conditional refresh on fresh Elo (40 results, plots excluded)",UZ,Uzbekistan,0.000010,0.000488
group_stage,5449e4b5,2026-06-22T21:14:10+03:00,2026-06-22T17:52:22Z,40,"wc26: conditional refresh on fresh Elo (40 results, plots excluded)",CZ,Czech Republic,0.000000,0.000488
group_stage,5449e4b5,2026-06-22T21:14:10+03:00,2026-06-22T17:52:22Z,40,"wc26: conditional refresh on fresh Elo (40 results, plots excluded)",PA,Panama,0.000000,0.000488
group_stage,5449e4b5,2026-06-22T21:14:10+03:00,2026-06-22T17:52:22Z,40,"wc26: conditional refresh on fresh Elo (40 results, plots excluded)",JO,Jordan,0.000000,0.000488
group_stage,5449e4b5,2026-06-22T21:14:10+03:00,2026-06-22T17:52:22Z,40,"wc26: conditional refresh on fresh Elo (40 results, plots excluded)",SA,Saudi Arabia,0.000000,0.000488
group_stage,5449e4b5,2026-06-22T21:14:10+03:00,2026-06-22T17:52:22Z,40,"wc26: conditional refresh on fresh Elo (40 results, plots excluded)",BA,Bosnia and Herzegovina,0.000000,0.000488
group_stage,5449e4b5,2026-06-22T21:14:10+03:00,2026-06-22T17:52:22Z,40,"wc26: conditional refresh on fresh Elo (40 results, plots excluded)",IQ,Iraq,0.000000,0.000488
group_stage,5449e4b5,2026-06-22T21:14:10+03:00,2026-06-22T17:52:22Z,40,"wc26: conditional refresh on fresh Elo (40 results, plots excluded)",NZ,New Zealand,0.000000,0.000488
group_stage,5449e4b5,2026-06-22T21:14:10+03:00,2026-06-22T17:52:22Z,40,"wc26: conditional refresh on fresh Elo (40 results, plots excluded)",ZA,South Africa,0.000000,0.000488
group_stage,5449e4b5,2026-06-22T21:14:10+03:00,2026-06-22T17:52:22Z,40,"wc26: conditional refresh on fresh Elo (40 results, plots excluded)",CW,Curaçao,0.000000,0.000488
group_stage,5449e4b5,2026-06-22T21:14:10+03:00,2026-06-22T17:52:22Z,40,"wc26: conditional refresh on fresh Elo (40 results, plots excluded)",QA,Qatar,0.000000,0.000488
group_stage,5449e4b5,2026-06-22T21:14:10+03:00,2026-06-22T17:52:22Z,40,"wc26: conditional refresh on fresh Elo (40 results, plots excluded)",UY,Uruguay,0.000700,0.001463
group_stage,5449e4b5,2026-06-22T21:14:10+03:00,2026-06-22T17:52:22Z,40,"wc26: conditional refresh on fresh Elo (40 results, plots excluded)",PY,Paraguay,0.000560,0.001463
group_stage,5449e4b5,2026-06-22T21:14:10+03:00,2026-06-22T17:52:22Z,40,"wc26: conditional refresh on fresh Elo (40 results, plots excluded)",EC,Ecuador,0.000520,0.001463
group_stage,5449e4b5,2026-06-22T21:14:10+03:00,2026-06-22T17:52:22Z,40,"wc26: conditional refresh on fresh Elo (40 results, plots excluded)",AT,Austria,0.002170,0.003413
group_stage,5449e4b5,2026-06-22T21:14:10+03:00,2026-06-22T17:52:22Z,40,"wc26: conditional refresh on fresh Elo (40 results, plots excluded)",SQ,Scotland,0.000080,0.001463
group_stage,5449e4b5,2026-06-22T21:14:10+03:00,2026-06-22T17:52:22Z,40,"wc26: conditional refresh on fresh Elo (40 results, plots excluded)",CD,DR Congo,0.000000,0.001463
group_stage,5449e4b5,2026-06-22T21:14:10+03:00,2026-06-22T17:52:22Z,40,"wc26: conditional refresh on fresh Elo (40 results, plots excluded)",CV,Cape Verde,0.000000,0.001463
group_stage,5449e4b5,2026-06-22T21:14:10+03:00,2026-06-22T17:52:22Z,40,"wc26: conditional refresh on fresh Elo (40 results, plots excluded)",GH,Ghana,0.000000,0.001463
group_stage,5449e4b5,2026-06-22T21:14:10+03:00,2026-06-22T17:52:22Z,40,"wc26: conditional refresh on fresh Elo (40 results, plots excluded)",CH,Switzerland,0.004810,0.006338
group_stage,5449e4b5,2026-06-22T21:14:10+03:00,2026-06-22T17:52:22Z,40,"wc26: conditional refresh on fresh Elo (40 results, plots excluded)",AU,Australia,0.000410,0.002438
group_stage,5449e4b5,2026-06-22T21:14:10+03:00,2026-06-22T17:52:22Z,40,"wc26: conditional refresh on fresh Elo (40 results, plots excluded)",KR,South Korea,0.000220,0.002438
group_stage,5449e4b5,2026-06-22T21:14:10+03:00,2026-06-22T17:52:22Z,40,"wc26: conditional refresh on fresh Elo (40 results, plots excluded)",EG,Egypt,0.000100,0.002438
group_stage,5449e4b5,2026-06-22T21:14:10+03:00,2026-06-22T17:52:22Z,40,"wc26: conditional refresh on fresh Elo (40 results, plots excluded)",SE,Sweden,0.000030,0.002438
group_stage,5449e4b5,2026-06-22T21:14:10+03:00,2026-06-22T17:52:22Z,40,"wc26: conditional refresh on fresh Elo (40 results, plots excluded)",HR,Croatia,0.002720,0.005363
group_stage,5449e4b5,2026-06-22T21:14:10+03:00,2026-06-22T17:52:22Z,40,"wc26: conditional refresh on fresh Elo (40 results, plots excluded)",CA,Canada,0.000570,0.003413
group_stage,5449e4b5,2026-06-22T21:14:10+03:00,2026-06-22T17:52:22Z,40,"wc26: conditional refresh on fresh Elo (40 results, plots excluded)",MX,Mexico,0.008640,0.012189
group_stage,5449e4b5,2026-06-22T21:14:10+03:00,2026-06-22T17:52:22Z,40,"wc26: conditional refresh on fresh Elo (40 results, plots excluded)",SN,Senegal,0.001040,0.005363
group_stage,5449e4b5,2026-06-22T21:14:10+03:00,2026-06-22T17:52:22Z,40,"wc26: conditional refresh on fresh Elo (40 results, plots excluded)",CI,Ivory Coast,0.000030,0.004388
group_stage,5449e4b5,2026-06-22T21:14:10+03:00,2026-06-22T17:52:22Z,40,"wc26: conditional refresh on fresh Elo (40 results, plots excluded)",BE,Belgium,0.002790,0.010239
group_stage,5449e4b5,2026-06-22T21:14:10+03:00,2026-06-22T17:52:22Z,40,"wc26: conditional refresh on fresh Elo (40 results, plots excluded)",NO,Norway,0.012890,0.021941
group_stage,5449e4b5,2026-06-22T21:14:10+03:00,2026-06-22T17:52:22Z,40,"wc26: conditional refresh on fresh Elo (40 results, plots excluded)",JP,Japan,0.008770,0.020965
group_stage,5449e4b5,2026-06-22T21:14:10+03:00,2026-06-22T17:52:22Z,40,"wc26: conditional refresh on fresh Elo (40 results, plots excluded)",MA,Morocco,0.002490,0.019990
group_stage,5449e4b5,2026-06-22T21:14:10+03:00,2026-06-22T17:52:22Z,40,"wc26: conditional refresh on fresh Elo (40 results, plots excluded)",US,United States,0.016340,0.034617
group_stage,5449e4b5,2026-06-22T21:14:10+03:00,2026-06-22T17:52:22Z,40,"wc26: conditional refresh on fresh Elo (40 results, plots excluded)",BR,Brazil,0.026370,0.054120
group_stage,5449e4b5,2026-06-22T21:14:10+03:00,2026-06-22T17:52:22Z,40,"wc26: conditional refresh on fresh Elo (40 results, plots excluded)",NL,Netherlands,0.025040,0.053145
group_stage,5449e4b5,2026-06-22T21:14:10+03:00,2026-06-22T17:52:22Z,40,"wc26: conditional refresh on fresh Elo (40 results, plots excluded)",EN,England,0.087110,0.122379
group_stage,5449e4b5,2026-06-22T21:14:10+03:00,2026-06-22T17:52:22Z,40,"wc26: conditional refresh on fresh Elo (40 results, plots excluded)",FR,France,0.156050,0.192589
group_stage,5449e4b5,2026-06-22T21:14:10+03:00,2026-06-22T17:52:22Z,40,"wc26: conditional refresh on fresh Elo (40 results, plots excluded)",DE,Germany,0.018160,0.055095
group_stage,5449e4b5,2026-06-22T21:14:10+03:00,2026-06-22T17:52:22Z,40,"wc26: conditional refresh on fresh Elo (40 results, plots excluded)",PT,Portugal,0.019600,0.065822
group_stage,458da3c7,2026-06-23T11:30:25+03:00,2026-06-23T07:30:44Z,44,wc26: conditional refresh after more group matches (44 results),AR,Argentina,0.339150,0.139822
group_stage,458da3c7,2026-06-23T11:30:25+03:00,2026-06-23T07:30:44Z,44,wc26: conditional refresh after more group matches (44 results),ES,Spain,0.265240,0.136858
group_stage,458da3c7,2026-06-23T11:30:25+03:00,2026-06-23T07:30:44Z,44,wc26: conditional refresh after more group matches (44 results),CO,Colombia,0.036950,0.014328
group_stage,458da3c7,2026-06-23T11:30:25+03:00,2026-06-23T07:30:44Z,44,wc26: conditional refresh after more group matches (44 results),TR,Turkey,0.000000,0.000000
group_stage,458da3c7,2026-06-23T11:30:25+03:00,2026-06-23T07:30:44Z,44,wc26: conditional refresh after more group matches (44 results),JO,Jordan,0.000000,0.000000
group_stage,458da3c7,2026-06-23T11:30:25+03:00,2026-06-23T07:30:44Z,44,wc26: conditional refresh after more group matches (44 results),TN,Tunisia,0.000000,0.000000
group_stage,458da3c7,2026-06-23T11:30:25+03:00,2026-06-23T07:30:44Z,44,wc26: conditional refresh after more group matches (44 results),HT,Haiti,0.000000,0.000000
group_stage,458da3c7,2026-06-23T11:30:25+03:00,2026-06-23T07:30:44Z,44,wc26: conditional refresh after more group matches (44 results),DZ,Algeria,0.000110,0.000494
group_stage,458da3c7,2026-06-23T11:30:25+03:00,2026-06-23T07:30:44Z,44,wc26: conditional refresh after more group matches (44 results),IR,Iran,0.000110,0.000494
group_stage,458da3c7,2026-06-23T11:30:25+03:00,2026-06-23T07:30:44Z,44,wc26: conditional refresh after more group matches (44 results),UZ,Uzbekistan,0.000000,0.000494
group_stage,458da3c7,2026-06-23T11:30:25+03:00,2026-06-23T07:30:44Z,44,wc26: conditional refresh after more group matches (44 results),CZ,Czech Republic,0.000000,0.000494
group_stage,458da3c7,2026-06-23T11:30:25+03:00,2026-06-23T07:30:44Z,44,wc26: conditional refresh after more group matches (44 results),PA,Panama,0.000000,0.000494
group_stage,458da3c7,2026-06-23T11:30:25+03:00,2026-06-23T07:30:44Z,44,wc26: conditional refresh after more group matches (44 results),CV,Cape Verde,0.000000,0.000494
group_stage,458da3c7,2026-06-23T11:30:25+03:00,2026-06-23T07:30:44Z,44,wc26: conditional refresh after more group matches (44 results),BA,Bosnia and Herzegovina,0.000000,0.000494
group_stage,458da3c7,2026-06-23T11:30:25+03:00,2026-06-23T07:30:44Z,44,wc26: conditional refresh after more group matches (44 results),SA,Saudi Arabia,0.000000,0.000494
group_stage,458da3c7,2026-06-23T11:30:25+03:00,2026-06-23T07:30:44Z,44,wc26: conditional refresh after more group matches (44 results),IQ,Iraq,0.000000,0.000494
group_stage,458da3c7,2026-06-23T11:30:25+03:00,2026-06-23T07:30:44Z,44,wc26: conditional refresh after more group matches (44 results),NZ,New Zealand,0.000000,0.000494
group_stage,458da3c7,2026-06-23T11:30:25+03:00,2026-06-23T07:30:44Z,44,wc26: conditional refresh after more group matches (44 results),ZA,South Africa,0.000000,0.000494
group_stage,458da3c7,2026-06-23T11:30:25+03:00,2026-06-23T07:30:44Z,44,wc26: conditional refresh after more group matches (44 results),CW,Curaçao,0.000000,0.000494
group_stage,458da3c7,2026-06-23T11:30:25+03:00,2026-06-23T07:30:44Z,44,wc26: conditional refresh after more group matches (44 results),QA,Qatar,0.000000,0.000494
group_stage,458da3c7,2026-06-23T11:30:25+03:00,2026-06-23T07:30:44Z,44,wc26: conditional refresh after more group matches (44 results),UY,Uruguay,0.000600,0.001482
group_stage,458da3c7,2026-06-23T11:30:25+03:00,2026-06-23T07:30:44Z,44,wc26: conditional refresh after more group matches (44 results),EC,Ecuador,0.000420,0.001482
group_stage,458da3c7,2026-06-23T11:30:25+03:00,2026-06-23T07:30:44Z,44,wc26: conditional refresh after more group matches (44 results),PY,Paraguay,0.000390,0.001482
group_stage,458da3c7,2026-06-23T11:30:25+03:00,2026-06-23T07:30:44Z,44,wc26: conditional refresh after more group matches (44 results),SQ,Scotland,0.000060,0.001482
group_stage,458da3c7,2026-06-23T11:30:25+03:00,2026-06-23T07:30:44Z,44,wc26: conditional refresh after more group matches (44 results),CD,DR Congo,0.000000,0.001482
group_stage,458da3c7,2026-06-23T11:30:25+03:00,2026-06-23T07:30:44Z,44,wc26: conditional refresh after more group matches (44 results),GH,Ghana,0.000000,0.001482
group_stage,458da3c7,2026-06-23T11:30:25+03:00,2026-06-23T07:30:44Z,44,wc26: conditional refresh after more group matches (44 results),AT,Austria,0.000910,0.002470
group_stage,458da3c7,2026-06-23T11:30:25+03:00,2026-06-23T07:30:44Z,44,wc26: conditional refresh after more group matches (44 results),SN,Senegal,0.000600,0.002470
group_stage,458da3c7,2026-06-23T11:30:25+03:00,2026-06-23T07:30:44Z,44,wc26: conditional refresh after more group matches (44 results),HR,Croatia,0.002460,0.004447
group_stage,458da3c7,2026-06-23T11:30:25+03:00,2026-06-23T07:30:44Z,44,wc26: conditional refresh after more group matches (44 results),AU,Australia,0.000270,0.002470
group_stage,458da3c7,2026-06-23T11:30:25+03:00,2026-06-23T07:30:44Z,44,wc26: conditional refresh after more group matches (44 results),KR,South Korea,0.000190,0.002470
group_stage,458da3c7,2026-06-23T11:30:25+03:00,2026-06-23T07:30:44Z,44,wc26: conditional refresh after more group matches (44 results),EG,Egypt,0.000080,0.002470
group_stage,458da3c7,2026-06-23T11:30:25+03:00,2026-06-23T07:30:44Z,44,wc26: conditional refresh after more group matches (44 results),CH,Switzerland,0.004000,0.006423
group_stage,458da3c7,2026-06-23T11:30:25+03:00,2026-06-23T07:30:44Z,44,wc26: conditional refresh after more group matches (44 results),SE,Sweden,0.000030,0.002470
group_stage,458da3c7,2026-06-23T11:30:25+03:00,2026-06-23T07:30:44Z,44,wc26: conditional refresh after more group matches (44 results),CA,Canada,0.000420,0.003458
group_stage,458da3c7,2026-06-23T11:30:25+03:00,2026-06-23T07:30:44Z,44,wc26: conditional refresh after more group matches (44 results),CI,Ivory Coast,0.000030,0.003458
group_stage,458da3c7,2026-06-23T11:30:25+03:00,2026-06-23T07:30:44Z,44,wc26: conditional refresh after more group matches (44 results),MX,Mexico,0.007150,0.012352
group_stage,458da3c7,2026-06-23T11:30:25+03:00,2026-06-23T07:30:44Z,44,wc26: conditional refresh after more group matches (44 results),BE,Belgium,0.002110,0.011364
group_stage,458da3c7,2026-06-23T11:30:25+03:00,2026-06-23T07:30:44Z,44,wc26: conditional refresh after more group matches (44 results),JP,Japan,0.007380,0.018281
group_stage,458da3c7,2026-06-23T11:30:25+03:00,2026-06-23T07:30:44Z,44,wc26: conditional refresh after more group matches (44 results),NO,Norway,0.011950,0.028162
group_stage,458da3c7,2026-06-23T11:30:25+03:00,2026-06-23T07:30:44Z,44,wc26: conditional refresh after more group matches (44 results),MA,Morocco,0.002140,0.019269
group_stage,458da3c7,2026-06-23T11:30:25+03:00,2026-06-23T07:30:44Z,44,wc26: conditional refresh after more group matches (44 results),US,United States,0.014970,0.035079
group_stage,458da3c7,2026-06-23T11:30:25+03:00,2026-06-23T07:30:44Z,44,wc26: conditional refresh after more group matches (44 results),NL,Netherlands,0.022210,0.046937
group_stage,458da3c7,2026-06-23T11:30:25+03:00,2026-06-23T07:30:44Z,44,wc26: conditional refresh after more group matches (44 results),BR,Brazil,0.022490,0.049901
group_stage,458da3c7,2026-06-23T11:30:25+03:00,2026-06-23T07:30:44Z,44,wc26: conditional refresh after more group matches (44 results),DE,Germany,0.015990,0.055830
group_stage,458da3c7,2026-06-23T11:30:25+03:00,2026-06-23T07:30:44Z,44,wc26: conditional refresh after more group matches (44 results),EN,England,0.078380,0.122036
group_stage,458da3c7,2026-06-23T11:30:25+03:00,2026-06-23T07:30:44Z,44,wc26: conditional refresh after more group matches (44 results),FR,France,0.146060,0.195158
group_stage,458da3c7,2026-06-23T11:30:25+03:00,2026-06-23T07:30:44Z,44,wc26: conditional refresh after more group matches (44 results),PT,Portugal,0.017150,0.066700
group_stage,55133dea,2026-06-24T09:16:18+03:00,2026-06-24T05:46:39Z,48,wc26: conditional refresh after matchday 2 (48 results),AR,Argentina,0.344240,0.141006
group_stage,55133dea,2026-06-24T09:16:18+03:00,2026-06-24T05:46:39Z,48,wc26: conditional refresh after matchday 2 (48 results),ES,Spain,0.248390,0.138017
group_stage,55133dea,2026-06-24T09:16:18+03:00,2026-06-24T05:46:39Z,48,wc26: conditional refresh after matchday 2 (48 results),CO,Colombia,0.038700,0.015446
group_stage,55133dea,2026-06-24T09:16:18+03:00,2026-06-24T05:46:39Z,48,wc26: conditional refresh after matchday 2 (48 results),TR,Turkey,0.000000,0.000000
group_stage,55133dea,2026-06-24T09:16:18+03:00,2026-06-24T05:46:39Z,48,wc26: conditional refresh after matchday 2 (48 results),PA,Panama,0.000000,0.000000
group_stage,55133dea,2026-06-24T09:16:18+03:00,2026-06-24T05:46:39Z,48,wc26: conditional refresh after matchday 2 (48 results),JO,Jordan,0.000000,0.000000
group_stage,55133dea,2026-06-24T09:16:18+03:00,2026-06-24T05:46:39Z,48,wc26: conditional refresh after matchday 2 (48 results),TN,Tunisia,0.000000,0.000000
group_stage,55133dea,2026-06-24T09:16:18+03:00,2026-06-24T05:46:39Z,48,wc26: conditional refresh after matchday 2 (48 results),HT,Haiti,0.000000,0.000000
group_stage,55133dea,2026-06-24T09:16:18+03:00,2026-06-24T05:46:39Z,48,wc26: conditional refresh after matchday 2 (48 results),DZ,Algeria,0.000170,0.000498
group_stage,55133dea,2026-06-24T09:16:18+03:00,2026-06-24T05:46:39Z,48,wc26: conditional refresh after matchday 2 (48 results),IR,Iran,0.000100,0.000498
group_stage,55133dea,2026-06-24T09:16:18+03:00,2026-06-24T05:46:39Z,48,wc26: conditional refresh after matchday 2 (48 results),CZ,Czech Republic,0.000000,0.000498
group_stage,55133dea,2026-06-24T09:16:18+03:00,2026-06-24T05:46:39Z,48,wc26: conditional refresh after matchday 2 (48 results),UZ,Uzbekistan,0.000000,0.000498
group_stage,55133dea,2026-06-24T09:16:18+03:00,2026-06-24T05:46:39Z,48,wc26: conditional refresh after matchday 2 (48 results),BA,Bosnia and Herzegovina,0.000000,0.000498
group_stage,55133dea,2026-06-24T09:16:18+03:00,2026-06-24T05:46:39Z,48,wc26: conditional refresh after matchday 2 (48 results),SA,Saudi Arabia,0.000000,0.000498
group_stage,55133dea,2026-06-24T09:16:18+03:00,2026-06-24T05:46:39Z,48,wc26: conditional refresh after matchday 2 (48 results),IQ,Iraq,0.000000,0.000498
group_stage,55133dea,2026-06-24T09:16:18+03:00,2026-06-24T05:46:39Z,48,wc26: conditional refresh after matchday 2 (48 results),NZ,New Zealand,0.000000,0.000498
group_stage,55133dea,2026-06-24T09:16:18+03:00,2026-06-24T05:46:39Z,48,wc26: conditional refresh after matchday 2 (48 results),ZA,South Africa,0.000000,0.000498
group_stage,55133dea,2026-06-24T09:16:18+03:00,2026-06-24T05:46:39Z,48,wc26: conditional refresh after matchday 2 (48 results),CW,Curaçao,0.000000,0.000498
group_stage,55133dea,2026-06-24T09:16:18+03:00,2026-06-24T05:46:39Z,48,wc26: conditional refresh after matchday 2 (48 results),QA,Qatar,0.000000,0.000498
group_stage,55133dea,2026-06-24T09:16:18+03:00,2026-06-24T05:46:39Z,48,wc26: conditional refresh after matchday 2 (48 results),EC,Ecuador,0.000410,0.001495
group_stage,55133dea,2026-06-24T09:16:18+03:00,2026-06-24T05:46:39Z,48,wc26: conditional refresh after matchday 2 (48 results),PY,Paraguay,0.000400,0.001495
group_stage,55133dea,2026-06-24T09:16:18+03:00,2026-06-24T05:46:39Z,48,wc26: conditional refresh after matchday 2 (48 results),HR,Croatia,0.003140,0.004484
group_stage,55133dea,2026-06-24T09:16:18+03:00,2026-06-24T05:46:39Z,48,wc26: conditional refresh after matchday 2 (48 results),SQ,Scotland,0.000070,0.001495
group_stage,55133dea,2026-06-24T09:16:18+03:00,2026-06-24T05:46:39Z,48,wc26: conditional refresh after matchday 2 (48 results),CD,DR Congo,0.000000,0.001495
group_stage,55133dea,2026-06-24T09:16:18+03:00,2026-06-24T05:46:39Z,48,wc26: conditional refresh after matchday 2 (48 results),CV,Cape Verde,0.000000,0.001495
group_stage,55133dea,2026-06-24T09:16:18+03:00,2026-06-24T05:46:39Z,48,wc26: conditional refresh after matchday 2 (48 results),GH,Ghana,0.000000,0.001495
group_stage,55133dea,2026-06-24T09:16:18+03:00,2026-06-24T05:46:39Z,48,wc26: conditional refresh after matchday 2 (48 results),AT,Austria,0.000750,0.002491
group_stage,55133dea,2026-06-24T09:16:18+03:00,2026-06-24T05:46:39Z,48,wc26: conditional refresh after matchday 2 (48 results),UY,Uruguay,0.000550,0.002491
group_stage,55133dea,2026-06-24T09:16:18+03:00,2026-06-24T05:46:39Z,48,wc26: conditional refresh after matchday 2 (48 results),SN,Senegal,0.000340,0.002491
group_stage,55133dea,2026-06-24T09:16:18+03:00,2026-06-24T05:46:39Z,48,wc26: conditional refresh after matchday 2 (48 results),AU,Australia,0.000270,0.002491
group_stage,55133dea,2026-06-24T09:16:18+03:00,2026-06-24T05:46:39Z,48,wc26: conditional refresh after matchday 2 (48 results),KR,South Korea,0.000180,0.002491
group_stage,55133dea,2026-06-24T09:16:18+03:00,2026-06-24T05:46:39Z,48,wc26: conditional refresh after matchday 2 (48 results),EG,Egypt,0.000070,0.002491
group_stage,55133dea,2026-06-24T09:16:18+03:00,2026-06-24T05:46:39Z,48,wc26: conditional refresh after matchday 2 (48 results),SE,Sweden,0.000020,0.002491
group_stage,55133dea,2026-06-24T09:16:18+03:00,2026-06-24T05:46:39Z,48,wc26: conditional refresh after matchday 2 (48 results),CH,Switzerland,0.003930,0.006477
group_stage,55133dea,2026-06-24T09:16:18+03:00,2026-06-24T05:46:39Z,48,wc26: conditional refresh after matchday 2 (48 results),CA,Canada,0.000390,0.003488
group_stage,55133dea,2026-06-24T09:16:18+03:00,2026-06-24T05:46:39Z,48,wc26: conditional refresh after matchday 2 (48 results),CI,Ivory Coast,0.000020,0.003488
group_stage,55133dea,2026-06-24T09:16:18+03:00,2026-06-24T05:46:39Z,48,wc26: conditional refresh after matchday 2 (48 results),MX,Mexico,0.008030,0.012456
group_stage,55133dea,2026-06-24T09:16:18+03:00,2026-06-24T05:46:39Z,48,wc26: conditional refresh after matchday 2 (48 results),BE,Belgium,0.002130,0.011460
group_stage,55133dea,2026-06-24T09:16:18+03:00,2026-06-24T05:46:39Z,48,wc26: conditional refresh after matchday 2 (48 results),NO,Norway,0.019520,0.030394
group_stage,55133dea,2026-06-24T09:16:18+03:00,2026-06-24T05:46:39Z,48,wc26: conditional refresh after matchday 2 (48 results),JP,Japan,0.007500,0.019432
group_stage,55133dea,2026-06-24T09:16:18+03:00,2026-06-24T05:46:39Z,48,wc26: conditional refresh after matchday 2 (48 results),MA,Morocco,0.002120,0.016442
group_stage,55133dea,2026-06-24T09:16:18+03:00,2026-06-24T05:46:39Z,48,wc26: conditional refresh after matchday 2 (48 results),US,United States,0.014630,0.034380
group_stage,55133dea,2026-06-24T09:16:18+03:00,2026-06-24T05:46:39Z,48,wc26: conditional refresh after matchday 2 (48 results),FR,France,0.159610,0.186846
group_stage,55133dea,2026-06-24T09:16:18+03:00,2026-06-24T05:46:39Z,48,wc26: conditional refresh after matchday 2 (48 results),BR,Brazil,0.023230,0.051320
group_stage,55133dea,2026-06-24T09:16:18+03:00,2026-06-24T05:46:39Z,48,wc26: conditional refresh after matchday 2 (48 results),NL,Netherlands,0.022320,0.053313
group_stage,55133dea,2026-06-24T09:16:18+03:00,2026-06-24T05:46:39Z,48,wc26: conditional refresh after matchday 2 (48 results),DE,Germany,0.015820,0.053313
group_stage,55133dea,2026-06-24T09:16:18+03:00,2026-06-24T05:46:39Z,48,wc26: conditional refresh after matchday 2 (48 results),PT,Portugal,0.029780,0.079223
group_stage,55133dea,2026-06-24T09:16:18+03:00,2026-06-24T05:46:39Z,48,wc26: conditional refresh after matchday 2 (48 results),EN,England,0.053140,0.107125
group_stage,a34e6885,2026-06-25T10:15:02+03:00,2026-06-25T06:10:41Z,54,"wc26: conditional refresh after more group matches (54 results, plots excluded)",AR,Argentina,0.331690,0.149232
group_stage,a34e6885,2026-06-25T10:15:02+03:00,2026-06-25T06:10:41Z,54,"wc26: conditional refresh after more group matches (54 results, plots excluded)",ES,Spain,0.246790,0.137333
group_stage,a34e6885,2026-06-25T10:15:02+03:00,2026-06-25T06:10:41Z,54,"wc26: conditional refresh after more group matches (54 results, plots excluded)",CO,Colombia,0.041280,0.017353
group_stage,a34e6885,2026-06-25T10:15:02+03:00,2026-06-25T06:10:41Z,54,"wc26: conditional refresh after more group matches (54 results, plots excluded)",TR,Turkey,0.000000,0.000000
group_stage,a34e6885,2026-06-25T10:15:02+03:00,2026-06-25T06:10:41Z,54,"wc26: conditional refresh after more group matches (54 results, plots excluded)",CZ,Czech Republic,0.000000,0.000000
group_stage,a34e6885,2026-06-25T10:15:02+03:00,2026-06-25T06:10:41Z,54,"wc26: conditional refresh after more group matches (54 results, plots excluded)",PA,Panama,0.000000,0.000000
group_stage,a34e6885,2026-06-25T10:15:02+03:00,2026-06-25T06:10:41Z,54,"wc26: conditional refresh after more group matches (54 results, plots excluded)",JO,Jordan,0.000000,0.000000
group_stage,a34e6885,2026-06-25T10:15:02+03:00,2026-06-25T06:10:41Z,54,"wc26: conditional refresh after more group matches (54 results, plots excluded)",TN,Tunisia,0.000000,0.000000
group_stage,a34e6885,2026-06-25T10:15:02+03:00,2026-06-25T06:10:41Z,54,"wc26: conditional refresh after more group matches (54 results, plots excluded)",HT,Haiti,0.000000,0.000000
group_stage,a34e6885,2026-06-25T10:15:02+03:00,2026-06-25T06:10:41Z,54,"wc26: conditional refresh after more group matches (54 results, plots excluded)",QA,Qatar,0.000000,0.000000
group_stage,a34e6885,2026-06-25T10:15:02+03:00,2026-06-25T06:10:41Z,54,"wc26: conditional refresh after more group matches (54 results, plots excluded)",PY,Paraguay,0.000340,0.000496
group_stage,a34e6885,2026-06-25T10:15:02+03:00,2026-06-25T06:10:41Z,54,"wc26: conditional refresh after more group matches (54 results, plots excluded)",IR,Iran,0.000090,0.000496
group_stage,a34e6885,2026-06-25T10:15:02+03:00,2026-06-25T06:10:41Z,54,"wc26: conditional refresh after more group matches (54 results, plots excluded)",DZ,Algeria,0.000080,0.000496
group_stage,a34e6885,2026-06-25T10:15:02+03:00,2026-06-25T06:10:41Z,54,"wc26: conditional refresh after more group matches (54 results, plots excluded)",HR,Croatia,0.003000,0.003471
group_stage,a34e6885,2026-06-25T10:15:02+03:00,2026-06-25T06:10:41Z,54,"wc26: conditional refresh after more group matches (54 results, plots excluded)",SQ,Scotland,0.000010,0.000496
group_stage,a34e6885,2026-06-25T10:15:02+03:00,2026-06-25T06:10:41Z,54,"wc26: conditional refresh after more group matches (54 results, plots excluded)",CD,DR Congo,0.000000,0.000496
group_stage,a34e6885,2026-06-25T10:15:02+03:00,2026-06-25T06:10:41Z,54,"wc26: conditional refresh after more group matches (54 results, plots excluded)",SA,Saudi Arabia,0.000000,0.000496
group_stage,a34e6885,2026-06-25T10:15:02+03:00,2026-06-25T06:10:41Z,54,"wc26: conditional refresh after more group matches (54 results, plots excluded)",UZ,Uzbekistan,0.000000,0.000496
group_stage,a34e6885,2026-06-25T10:15:02+03:00,2026-06-25T06:10:41Z,54,"wc26: conditional refresh after more group matches (54 results, plots excluded)",IQ,Iraq,0.000000,0.000496
group_stage,a34e6885,2026-06-25T10:15:02+03:00,2026-06-25T06:10:41Z,54,"wc26: conditional refresh after more group matches (54 results, plots excluded)",NZ,New Zealand,0.000000,0.000496
group_stage,a34e6885,2026-06-25T10:15:02+03:00,2026-06-25T06:10:41Z,54,"wc26: conditional refresh after more group matches (54 results, plots excluded)",ZA,South Africa,0.000000,0.000496
group_stage,a34e6885,2026-06-25T10:15:02+03:00,2026-06-25T06:10:41Z,54,"wc26: conditional refresh after more group matches (54 results, plots excluded)",CW,Curaçao,0.000000,0.000496
group_stage,a34e6885,2026-06-25T10:15:02+03:00,2026-06-25T06:10:41Z,54,"wc26: conditional refresh after more group matches (54 results, plots excluded)",UY,Uruguay,0.000350,0.001487
group_stage,a34e6885,2026-06-25T10:15:02+03:00,2026-06-25T06:10:41Z,54,"wc26: conditional refresh after more group matches (54 results, plots excluded)",KR,South Korea,0.000250,0.001487
group_stage,a34e6885,2026-06-25T10:15:02+03:00,2026-06-25T06:10:41Z,54,"wc26: conditional refresh after more group matches (54 results, plots excluded)",AU,Australia,0.000250,0.001487
group_stage,a34e6885,2026-06-25T10:15:02+03:00,2026-06-25T06:10:41Z,54,"wc26: conditional refresh after more group matches (54 results, plots excluded)",EC,Ecuador,0.000230,0.001487
group_stage,a34e6885,2026-06-25T10:15:02+03:00,2026-06-25T06:10:41Z,54,"wc26: conditional refresh after more group matches (54 results, plots excluded)",BA,Bosnia and Herzegovina,0.000000,0.001487
group_stage,a34e6885,2026-06-25T10:15:02+03:00,2026-06-25T06:10:41Z,54,"wc26: conditional refresh after more group matches (54 results, plots excluded)",CV,Cape Verde,0.000000,0.001487
group_stage,a34e6885,2026-06-25T10:15:02+03:00,2026-06-25T06:10:41Z,54,"wc26: conditional refresh after more group matches (54 results, plots excluded)",GH,Ghana,0.000000,0.001487
group_stage,a34e6885,2026-06-25T10:15:02+03:00,2026-06-25T06:10:41Z,54,"wc26: conditional refresh after more group matches (54 results, plots excluded)",AT,Austria,0.000610,0.002479
group_stage,a34e6885,2026-06-25T10:15:02+03:00,2026-06-25T06:10:41Z,54,"wc26: conditional refresh after more group matches (54 results, plots excluded)",CA,Canada,0.000230,0.002479
group_stage,a34e6885,2026-06-25T10:15:02+03:00,2026-06-25T06:10:41Z,54,"wc26: conditional refresh after more group matches (54 results, plots excluded)",SN,Senegal,0.000210,0.002479
group_stage,a34e6885,2026-06-25T10:15:02+03:00,2026-06-25T06:10:41Z,54,"wc26: conditional refresh after more group matches (54 results, plots excluded)",EG,Egypt,0.000070,0.002479
group_stage,a34e6885,2026-06-25T10:15:02+03:00,2026-06-25T06:10:41Z,54,"wc26: conditional refresh after more group matches (54 results, plots excluded)",SE,Sweden,0.000030,0.002479
group_stage,a34e6885,2026-06-25T10:15:02+03:00,2026-06-25T06:10:41Z,54,"wc26: conditional refresh after more group matches (54 results, plots excluded)",MX,Mexico,0.007510,0.010412
group_stage,a34e6885,2026-06-25T10:15:02+03:00,2026-06-25T06:10:41Z,54,"wc26: conditional refresh after more group matches (54 results, plots excluded)",CI,Ivory Coast,0.000020,0.003471
group_stage,a34e6885,2026-06-25T10:15:02+03:00,2026-06-25T06:10:41Z,54,"wc26: conditional refresh after more group matches (54 results, plots excluded)",CH,Switzerland,0.005510,0.009420
group_stage,a34e6885,2026-06-25T10:15:02+03:00,2026-06-25T06:10:41Z,54,"wc26: conditional refresh after more group matches (54 results, plots excluded)",BE,Belgium,0.001960,0.010412
group_stage,a34e6885,2026-06-25T10:15:02+03:00,2026-06-25T06:10:41Z,54,"wc26: conditional refresh after more group matches (54 results, plots excluded)",MA,Morocco,0.003650,0.013386
group_stage,a34e6885,2026-06-25T10:15:02+03:00,2026-06-25T06:10:41Z,54,"wc26: conditional refresh after more group matches (54 results, plots excluded)",JP,Japan,0.007250,0.017353
group_stage,a34e6885,2026-06-25T10:15:02+03:00,2026-06-25T06:10:41Z,54,"wc26: conditional refresh after more group matches (54 results, plots excluded)",NO,Norway,0.017810,0.030243
group_stage,a34e6885,2026-06-25T10:15:02+03:00,2026-06-25T06:10:41Z,54,"wc26: conditional refresh after more group matches (54 results, plots excluded)",US,United States,0.015720,0.034209
group_stage,a34e6885,2026-06-25T10:15:02+03:00,2026-06-25T06:10:41Z,54,"wc26: conditional refresh after more group matches (54 results, plots excluded)",BR,Brazil,0.034510,0.054041
group_stage,a34e6885,2026-06-25T10:15:02+03:00,2026-06-25T06:10:41Z,54,"wc26: conditional refresh after more group matches (54 results, plots excluded)",NL,Netherlands,0.024750,0.054041
group_stage,a34e6885,2026-06-25T10:15:02+03:00,2026-06-25T06:10:41Z,54,"wc26: conditional refresh after more group matches (54 results, plots excluded)",FR,France,0.160200,0.192861
group_stage,a34e6885,2026-06-25T10:15:02+03:00,2026-06-25T06:10:41Z,54,"wc26: conditional refresh after more group matches (54 results, plots excluded)",DE,Germany,0.016850,0.052058
group_stage,a34e6885,2026-06-25T10:15:02+03:00,2026-06-25T06:10:41Z,54,"wc26: conditional refresh after more group matches (54 results, plots excluded)",PT,Portugal,0.028810,0.077838
group_stage,a34e6885,2026-06-25T10:15:02+03:00,2026-06-25T06:10:41Z,54,"wc26: conditional refresh after more group matches (54 results, plots excluded)",EN,England,0.049910,0.104611
group_stage,3dc0fa1c,2026-06-25T21:18:32+03:00,2026-06-25T11:57:23Z,54,"wc26: conditional refresh on fresh Elo (54 results, plots excluded)",AR,Argentina,0.331720,0.146667
group_stage,3dc0fa1c,2026-06-25T21:18:32+03:00,2026-06-25T11:57:23Z,54,"wc26: conditional refresh on fresh Elo (54 results, plots excluded)",ES,Spain,0.246540,0.136790
group_stage,3dc0fa1c,2026-06-25T21:18:32+03:00,2026-06-25T11:57:23Z,54,"wc26: conditional refresh on fresh Elo (54 results, plots excluded)",CO,Colombia,0.041190,0.017284
group_stage,3dc0fa1c,2026-06-25T21:18:32+03:00,2026-06-25T11:57:23Z,54,"wc26: conditional refresh on fresh Elo (54 results, plots excluded)",TR,Turkey,0.000000,0.000000
group_stage,3dc0fa1c,2026-06-25T21:18:32+03:00,2026-06-25T11:57:23Z,54,"wc26: conditional refresh on fresh Elo (54 results, plots excluded)",CZ,Czech Republic,0.000000,0.000000
group_stage,3dc0fa1c,2026-06-25T21:18:32+03:00,2026-06-25T11:57:23Z,54,"wc26: conditional refresh on fresh Elo (54 results, plots excluded)",PA,Panama,0.000000,0.000000
group_stage,3dc0fa1c,2026-06-25T21:18:32+03:00,2026-06-25T11:57:23Z,54,"wc26: conditional refresh on fresh Elo (54 results, plots excluded)",JO,Jordan,0.000000,0.000000
group_stage,3dc0fa1c,2026-06-25T21:18:32+03:00,2026-06-25T11:57:23Z,54,"wc26: conditional refresh on fresh Elo (54 results, plots excluded)",TN,Tunisia,0.000000,0.000000
group_stage,3dc0fa1c,2026-06-25T21:18:32+03:00,2026-06-25T11:57:23Z,54,"wc26: conditional refresh on fresh Elo (54 results, plots excluded)",HT,Haiti,0.000000,0.000000
group_stage,3dc0fa1c,2026-06-25T21:18:32+03:00,2026-06-25T11:57:23Z,54,"wc26: conditional refresh on fresh Elo (54 results, plots excluded)",QA,Qatar,0.000000,0.000000
group_stage,3dc0fa1c,2026-06-25T21:18:32+03:00,2026-06-25T11:57:23Z,54,"wc26: conditional refresh on fresh Elo (54 results, plots excluded)",PY,Paraguay,0.000340,0.000494
group_stage,3dc0fa1c,2026-06-25T21:18:32+03:00,2026-06-25T11:57:23Z,54,"wc26: conditional refresh on fresh Elo (54 results, plots excluded)",IR,Iran,0.000100,0.000494
group_stage,3dc0fa1c,2026-06-25T21:18:32+03:00,2026-06-25T11:57:23Z,54,"wc26: conditional refresh on fresh Elo (54 results, plots excluded)",DZ,Algeria,0.000080,0.000494
group_stage,3dc0fa1c,2026-06-25T21:18:32+03:00,2026-06-25T11:57:23Z,54,"wc26: conditional refresh on fresh Elo (54 results, plots excluded)",SQ,Scotland,0.000010,0.000494
group_stage,3dc0fa1c,2026-06-25T21:18:32+03:00,2026-06-25T11:57:23Z,54,"wc26: conditional refresh on fresh Elo (54 results, plots excluded)",CV,Cape Verde,0.000000,0.000494
group_stage,3dc0fa1c,2026-06-25T21:18:32+03:00,2026-06-25T11:57:23Z,54,"wc26: conditional refresh on fresh Elo (54 results, plots excluded)",CD,DR Congo,0.000000,0.000494
group_stage,3dc0fa1c,2026-06-25T21:18:32+03:00,2026-06-25T11:57:23Z,54,"wc26: conditional refresh on fresh Elo (54 results, plots excluded)",ZA,South Africa,0.000000,0.000494
group_stage,3dc0fa1c,2026-06-25T21:18:32+03:00,2026-06-25T11:57:23Z,54,"wc26: conditional refresh on fresh Elo (54 results, plots excluded)",UZ,Uzbekistan,0.000000,0.000494
group_stage,3dc0fa1c,2026-06-25T21:18:32+03:00,2026-06-25T11:57:23Z,54,"wc26: conditional refresh on fresh Elo (54 results, plots excluded)",SA,Saudi Arabia,0.000000,0.000494
group_stage,3dc0fa1c,2026-06-25T21:18:32+03:00,2026-06-25T11:57:23Z,54,"wc26: conditional refresh on fresh Elo (54 results, plots excluded)",IQ,Iraq,0.000000,0.000494
group_stage,3dc0fa1c,2026-06-25T21:18:32+03:00,2026-06-25T11:57:23Z,54,"wc26: conditional refresh on fresh Elo (54 results, plots excluded)",NZ,New Zealand,0.000000,0.000494
group_stage,3dc0fa1c,2026-06-25T21:18:32+03:00,2026-06-25T11:57:23Z,54,"wc26: conditional refresh on fresh Elo (54 results, plots excluded)",CW,Curaçao,0.000000,0.000494
group_stage,3dc0fa1c,2026-06-25T21:18:32+03:00,2026-06-25T11:57:23Z,54,"wc26: conditional refresh on fresh Elo (54 results, plots excluded)",UY,Uruguay,0.000350,0.001481
group_stage,3dc0fa1c,2026-06-25T21:18:32+03:00,2026-06-25T11:57:23Z,54,"wc26: conditional refresh on fresh Elo (54 results, plots excluded)",AU,Australia,0.000240,0.001481
group_stage,3dc0fa1c,2026-06-25T21:18:32+03:00,2026-06-25T11:57:23Z,54,"wc26: conditional refresh on fresh Elo (54 results, plots excluded)",EC,Ecuador,0.000220,0.001481
group_stage,3dc0fa1c,2026-06-25T21:18:32+03:00,2026-06-25T11:57:23Z,54,"wc26: conditional refresh on fresh Elo (54 results, plots excluded)",KR,South Korea,0.000060,0.001481
group_stage,3dc0fa1c,2026-06-25T21:18:32+03:00,2026-06-25T11:57:23Z,54,"wc26: conditional refresh on fresh Elo (54 results, plots excluded)",HR,Croatia,0.002990,0.004444
group_stage,3dc0fa1c,2026-06-25T21:18:32+03:00,2026-06-25T11:57:23Z,54,"wc26: conditional refresh on fresh Elo (54 results, plots excluded)",SE,Sweden,0.000020,0.001481
group_stage,3dc0fa1c,2026-06-25T21:18:32+03:00,2026-06-25T11:57:23Z,54,"wc26: conditional refresh on fresh Elo (54 results, plots excluded)",BA,Bosnia and Herzegovina,0.000000,0.001481
group_stage,3dc0fa1c,2026-06-25T21:18:32+03:00,2026-06-25T11:57:23Z,54,"wc26: conditional refresh on fresh Elo (54 results, plots excluded)",GH,Ghana,0.000000,0.001481
group_stage,3dc0fa1c,2026-06-25T21:18:32+03:00,2026-06-25T11:57:23Z,54,"wc26: conditional refresh on fresh Elo (54 results, plots excluded)",AT,Austria,0.000640,0.002469
group_stage,3dc0fa1c,2026-06-25T21:18:32+03:00,2026-06-25T11:57:23Z,54,"wc26: conditional refresh on fresh Elo (54 results, plots excluded)",MX,Mexico,0.010210,0.012346
group_stage,3dc0fa1c,2026-06-25T21:18:32+03:00,2026-06-25T11:57:23Z,54,"wc26: conditional refresh on fresh Elo (54 results, plots excluded)",CA,Canada,0.000220,0.002469
group_stage,3dc0fa1c,2026-06-25T21:18:32+03:00,2026-06-25T11:57:23Z,54,"wc26: conditional refresh on fresh Elo (54 results, plots excluded)",SN,Senegal,0.000200,0.002469
group_stage,3dc0fa1c,2026-06-25T21:18:32+03:00,2026-06-25T11:57:23Z,54,"wc26: conditional refresh on fresh Elo (54 results, plots excluded)",EG,Egypt,0.000080,0.002469
group_stage,3dc0fa1c,2026-06-25T21:18:32+03:00,2026-06-25T11:57:23Z,54,"wc26: conditional refresh on fresh Elo (54 results, plots excluded)",CH,Switzerland,0.005500,0.008395
group_stage,3dc0fa1c,2026-06-25T21:18:32+03:00,2026-06-25T11:57:23Z,54,"wc26: conditional refresh on fresh Elo (54 results, plots excluded)",CI,Ivory Coast,0.000020,0.003457
group_stage,3dc0fa1c,2026-06-25T21:18:32+03:00,2026-06-25T11:57:23Z,54,"wc26: conditional refresh on fresh Elo (54 results, plots excluded)",BE,Belgium,0.002030,0.010370
group_stage,3dc0fa1c,2026-06-25T21:18:32+03:00,2026-06-25T11:57:23Z,54,"wc26: conditional refresh on fresh Elo (54 results, plots excluded)",JP,Japan,0.007280,0.017284
group_stage,3dc0fa1c,2026-06-25T21:18:32+03:00,2026-06-25T11:57:23Z,54,"wc26: conditional refresh on fresh Elo (54 results, plots excluded)",MA,Morocco,0.003690,0.015309
group_stage,3dc0fa1c,2026-06-25T21:18:32+03:00,2026-06-25T11:57:23Z,54,"wc26: conditional refresh on fresh Elo (54 results, plots excluded)",NO,Norway,0.017600,0.032099
group_stage,3dc0fa1c,2026-06-25T21:18:32+03:00,2026-06-25T11:57:23Z,54,"wc26: conditional refresh on fresh Elo (54 results, plots excluded)",US,United States,0.016250,0.034074
group_stage,3dc0fa1c,2026-06-25T21:18:32+03:00,2026-06-25T11:57:23Z,54,"wc26: conditional refresh on fresh Elo (54 results, plots excluded)",BR,Brazil,0.034150,0.054815
group_stage,3dc0fa1c,2026-06-25T21:18:32+03:00,2026-06-25T11:57:23Z,54,"wc26: conditional refresh on fresh Elo (54 results, plots excluded)",FR,France,0.160090,0.188148
group_stage,3dc0fa1c,2026-06-25T21:18:32+03:00,2026-06-25T11:57:23Z,54,"wc26: conditional refresh on fresh Elo (54 results, plots excluded)",NL,Netherlands,0.024780,0.055802
group_stage,3dc0fa1c,2026-06-25T21:18:32+03:00,2026-06-25T11:57:23Z,54,"wc26: conditional refresh on fresh Elo (54 results, plots excluded)",DE,Germany,0.016900,0.051852
group_stage,3dc0fa1c,2026-06-25T21:18:32+03:00,2026-06-25T11:57:23Z,54,"wc26: conditional refresh on fresh Elo (54 results, plots excluded)",PT,Portugal,0.028780,0.080494
group_stage,3dc0fa1c,2026-06-25T21:18:32+03:00,2026-06-25T11:57:23Z,54,"wc26: conditional refresh on fresh Elo (54 results, plots excluded)",EN,England,0.047680,0.104198
group_stage,e56dbd15,2026-06-26T01:15:49+03:00,2026-06-25T22:05:37Z,56,"wc26: conditional refresh after Group E concluded (56 results, plots excluded)",AR,Argentina,0.332290,0.146181
group_stage,e56dbd15,2026-06-26T01:15:49+03:00,2026-06-25T22:05:37Z,56,"wc26: conditional refresh after Group E concluded (56 results, plots excluded)",ES,Spain,0.247350,0.140111
group_stage,e56dbd15,2026-06-26T01:15:49+03:00,2026-06-25T22:05:37Z,56,"wc26: conditional refresh after Group E concluded (56 results, plots excluded)",CO,Colombia,0.041070,0.015680
group_stage,e56dbd15,2026-06-26T01:15:49+03:00,2026-06-25T22:05:37Z,56,"wc26: conditional refresh after Group E concluded (56 results, plots excluded)",TR,Turkey,0.000000,0.000000
group_stage,e56dbd15,2026-06-26T01:15:49+03:00,2026-06-25T22:05:37Z,56,"wc26: conditional refresh after Group E concluded (56 results, plots excluded)",CZ,Czech Republic,0.000000,0.000000
group_stage,e56dbd15,2026-06-26T01:15:49+03:00,2026-06-25T22:05:37Z,56,"wc26: conditional refresh after Group E concluded (56 results, plots excluded)",PA,Panama,0.000000,0.000000
group_stage,e56dbd15,2026-06-26T01:15:49+03:00,2026-06-25T22:05:37Z,56,"wc26: conditional refresh after Group E concluded (56 results, plots excluded)",JO,Jordan,0.000000,0.000000
group_stage,e56dbd15,2026-06-26T01:15:49+03:00,2026-06-25T22:05:37Z,56,"wc26: conditional refresh after Group E concluded (56 results, plots excluded)",TN,Tunisia,0.000000,0.000000
group_stage,e56dbd15,2026-06-26T01:15:49+03:00,2026-06-25T22:05:37Z,56,"wc26: conditional refresh after Group E concluded (56 results, plots excluded)",HT,Haiti,0.000000,0.000000
group_stage,e56dbd15,2026-06-26T01:15:49+03:00,2026-06-25T22:05:37Z,56,"wc26: conditional refresh after Group E concluded (56 results, plots excluded)",QA,Qatar,0.000000,0.000000
group_stage,e56dbd15,2026-06-26T01:15:49+03:00,2026-06-25T22:05:37Z,56,"wc26: conditional refresh after Group E concluded (56 results, plots excluded)",PY,Paraguay,0.000310,0.000506
group_stage,e56dbd15,2026-06-26T01:15:49+03:00,2026-06-25T22:05:37Z,56,"wc26: conditional refresh after Group E concluded (56 results, plots excluded)",IR,Iran,0.000090,0.000506
group_stage,e56dbd15,2026-06-26T01:15:49+03:00,2026-06-25T22:05:37Z,56,"wc26: conditional refresh after Group E concluded (56 results, plots excluded)",DZ,Algeria,0.000080,0.000506
group_stage,e56dbd15,2026-06-26T01:15:49+03:00,2026-06-25T22:05:37Z,56,"wc26: conditional refresh after Group E concluded (56 results, plots excluded)",SQ,Scotland,0.000010,0.000506
group_stage,e56dbd15,2026-06-26T01:15:49+03:00,2026-06-25T22:05:37Z,56,"wc26: conditional refresh after Group E concluded (56 results, plots excluded)",CV,Cape Verde,0.000000,0.000506
group_stage,e56dbd15,2026-06-26T01:15:49+03:00,2026-06-25T22:05:37Z,56,"wc26: conditional refresh after Group E concluded (56 results, plots excluded)",CD,DR Congo,0.000000,0.000506
group_stage,e56dbd15,2026-06-26T01:15:49+03:00,2026-06-25T22:05:37Z,56,"wc26: conditional refresh after Group E concluded (56 results, plots excluded)",ZA,South Africa,0.000000,0.000506
group_stage,e56dbd15,2026-06-26T01:15:49+03:00,2026-06-25T22:05:37Z,56,"wc26: conditional refresh after Group E concluded (56 results, plots excluded)",SA,Saudi Arabia,0.000000,0.000506
group_stage,e56dbd15,2026-06-26T01:15:49+03:00,2026-06-25T22:05:37Z,56,"wc26: conditional refresh after Group E concluded (56 results, plots excluded)",UZ,Uzbekistan,0.000000,0.000506
group_stage,e56dbd15,2026-06-26T01:15:49+03:00,2026-06-25T22:05:37Z,56,"wc26: conditional refresh after Group E concluded (56 results, plots excluded)",IQ,Iraq,0.000000,0.000506
group_stage,e56dbd15,2026-06-26T01:15:49+03:00,2026-06-25T22:05:37Z,56,"wc26: conditional refresh after Group E concluded (56 results, plots excluded)",NZ,New Zealand,0.000000,0.000506
group_stage,e56dbd15,2026-06-26T01:15:49+03:00,2026-06-25T22:05:37Z,56,"wc26: conditional refresh after Group E concluded (56 results, plots excluded)",CW,Curaçao,0.000000,0.000506
group_stage,e56dbd15,2026-06-26T01:15:49+03:00,2026-06-25T22:05:37Z,56,"wc26: conditional refresh after Group E concluded (56 results, plots excluded)",HR,Croatia,0.002920,0.003541
group_stage,e56dbd15,2026-06-26T01:15:49+03:00,2026-06-25T22:05:37Z,56,"wc26: conditional refresh after Group E concluded (56 results, plots excluded)",UY,Uruguay,0.000380,0.001517
group_stage,e56dbd15,2026-06-26T01:15:49+03:00,2026-06-25T22:05:37Z,56,"wc26: conditional refresh after Group E concluded (56 results, plots excluded)",AU,Australia,0.000220,0.001517
group_stage,e56dbd15,2026-06-26T01:15:49+03:00,2026-06-25T22:05:37Z,56,"wc26: conditional refresh after Group E concluded (56 results, plots excluded)",KR,South Korea,0.000050,0.001517
group_stage,e56dbd15,2026-06-26T01:15:49+03:00,2026-06-25T22:05:37Z,56,"wc26: conditional refresh after Group E concluded (56 results, plots excluded)",SE,Sweden,0.000020,0.001517
group_stage,e56dbd15,2026-06-26T01:15:49+03:00,2026-06-25T22:05:37Z,56,"wc26: conditional refresh after Group E concluded (56 results, plots excluded)",BA,Bosnia and Herzegovina,0.000000,0.001517
group_stage,e56dbd15,2026-06-26T01:15:49+03:00,2026-06-25T22:05:37Z,56,"wc26: conditional refresh after Group E concluded (56 results, plots excluded)",GH,Ghana,0.000000,0.001517
group_stage,e56dbd15,2026-06-26T01:15:49+03:00,2026-06-25T22:05:37Z,56,"wc26: conditional refresh after Group E concluded (56 results, plots excluded)",AT,Austria,0.000610,0.002529
group_stage,e56dbd15,2026-06-26T01:15:49+03:00,2026-06-25T22:05:37Z,56,"wc26: conditional refresh after Group E concluded (56 results, plots excluded)",SN,Senegal,0.000250,0.002529
group_stage,e56dbd15,2026-06-26T01:15:49+03:00,2026-06-25T22:05:37Z,56,"wc26: conditional refresh after Group E concluded (56 results, plots excluded)",CA,Canada,0.000220,0.002529
group_stage,e56dbd15,2026-06-26T01:15:49+03:00,2026-06-25T22:05:37Z,56,"wc26: conditional refresh after Group E concluded (56 results, plots excluded)",EG,Egypt,0.000080,0.002529
group_stage,e56dbd15,2026-06-26T01:15:49+03:00,2026-06-25T22:05:37Z,56,"wc26: conditional refresh after Group E concluded (56 results, plots excluded)",MX,Mexico,0.009550,0.012645
group_stage,e56dbd15,2026-06-26T01:15:49+03:00,2026-06-25T22:05:37Z,56,"wc26: conditional refresh after Group E concluded (56 results, plots excluded)",CH,Switzerland,0.005450,0.008599
group_stage,e56dbd15,2026-06-26T01:15:49+03:00,2026-06-25T22:05:37Z,56,"wc26: conditional refresh after Group E concluded (56 results, plots excluded)",CI,Ivory Coast,0.000020,0.003541
group_stage,e56dbd15,2026-06-26T01:15:49+03:00,2026-06-25T22:05:37Z,56,"wc26: conditional refresh after Group E concluded (56 results, plots excluded)",EC,Ecuador,0.000860,0.005564
group_stage,e56dbd15,2026-06-26T01:15:49+03:00,2026-06-25T22:05:37Z,56,"wc26: conditional refresh after Group E concluded (56 results, plots excluded)",BE,Belgium,0.002000,0.010622
group_stage,e56dbd15,2026-06-26T01:15:49+03:00,2026-06-25T22:05:37Z,56,"wc26: conditional refresh after Group E concluded (56 results, plots excluded)",JP,Japan,0.007240,0.017704
group_stage,e56dbd15,2026-06-26T01:15:49+03:00,2026-06-25T22:05:37Z,56,"wc26: conditional refresh after Group E concluded (56 results, plots excluded)",MA,Morocco,0.003630,0.015680
group_stage,e56dbd15,2026-06-26T01:15:49+03:00,2026-06-25T22:05:37Z,56,"wc26: conditional refresh after Group E concluded (56 results, plots excluded)",US,United States,0.016000,0.029843
group_stage,e56dbd15,2026-06-26T01:15:49+03:00,2026-06-25T22:05:37Z,56,"wc26: conditional refresh after Group E concluded (56 results, plots excluded)",NO,Norway,0.017490,0.032878
group_stage,e56dbd15,2026-06-26T01:15:49+03:00,2026-06-25T22:05:37Z,56,"wc26: conditional refresh after Group E concluded (56 results, plots excluded)",BR,Brazil,0.034350,0.057157
group_stage,e56dbd15,2026-06-26T01:15:49+03:00,2026-06-25T22:05:37Z,56,"wc26: conditional refresh after Group E concluded (56 results, plots excluded)",DE,Germany,0.017100,0.044006
group_stage,e56dbd15,2026-06-26T01:15:49+03:00,2026-06-25T22:05:37Z,56,"wc26: conditional refresh after Group E concluded (56 results, plots excluded)",FR,France,0.158740,0.189681
group_stage,e56dbd15,2026-06-26T01:15:49+03:00,2026-06-25T22:05:37Z,56,"wc26: conditional refresh after Group E concluded (56 results, plots excluded)",NL,Netherlands,0.024820,0.056146
group_stage,e56dbd15,2026-06-26T01:15:49+03:00,2026-06-25T22:05:37Z,56,"wc26: conditional refresh after Group E concluded (56 results, plots excluded)",PT,Portugal,0.028680,0.078402
group_stage,e56dbd15,2026-06-26T01:15:49+03:00,2026-06-25T22:05:37Z,56,"wc26: conditional refresh after Group E concluded (56 results, plots excluded)",EN,England,0.048100,0.106727
group_stage,c910a64a,2026-06-26T09:09:34+03:00,2026-06-26T05:43:40Z,60,"wc26: conditional refresh after more group matches (60 results, plots excluded)",AR,Argentina,0.331790,0.148731
group_stage,c910a64a,2026-06-26T09:09:34+03:00,2026-06-26T05:43:40Z,60,"wc26: conditional refresh after more group matches (60 results, plots excluded)",ES,Spain,0.245300,0.139594
group_stage,c910a64a,2026-06-26T09:09:34+03:00,2026-06-26T05:43:40Z,60,"wc26: conditional refresh after more group matches (60 results, plots excluded)",CO,Colombia,0.040640,0.014721
group_stage,c910a64a,2026-06-26T09:09:34+03:00,2026-06-26T05:43:40Z,60,"wc26: conditional refresh after more group matches (60 results, plots excluded)",TR,Turkey,0.000000,0.000000
group_stage,c910a64a,2026-06-26T09:09:34+03:00,2026-06-26T05:43:40Z,60,"wc26: conditional refresh after more group matches (60 results, plots excluded)",CZ,Czech Republic,0.000000,0.000000
group_stage,c910a64a,2026-06-26T09:09:34+03:00,2026-06-26T05:43:40Z,60,"wc26: conditional refresh after more group matches (60 results, plots excluded)",PA,Panama,0.000000,0.000000
group_stage,c910a64a,2026-06-26T09:09:34+03:00,2026-06-26T05:43:40Z,60,"wc26: conditional refresh after more group matches (60 results, plots excluded)",JO,Jordan,0.000000,0.000000
group_stage,c910a64a,2026-06-26T09:09:34+03:00,2026-06-26T05:43:40Z,60,"wc26: conditional refresh after more group matches (60 results, plots excluded)",TN,Tunisia,0.000000,0.000000
group_stage,c910a64a,2026-06-26T09:09:34+03:00,2026-06-26T05:43:40Z,60,"wc26: conditional refresh after more group matches (60 results, plots excluded)",HT,Haiti,0.000000,0.000000
group_stage,c910a64a,2026-06-26T09:09:34+03:00,2026-06-26T05:43:40Z,60,"wc26: conditional refresh after more group matches (60 results, plots excluded)",CW,Curaçao,0.000000,0.000000
group_stage,c910a64a,2026-06-26T09:09:34+03:00,2026-06-26T05:43:40Z,60,"wc26: conditional refresh after more group matches (60 results, plots excluded)",QA,Qatar,0.000000,0.000000
group_stage,c910a64a,2026-06-26T09:09:34+03:00,2026-06-26T05:43:40Z,60,"wc26: conditional refresh after more group matches (60 results, plots excluded)",IR,Iran,0.000090,0.000508
group_stage,c910a64a,2026-06-26T09:09:34+03:00,2026-06-26T05:43:40Z,60,"wc26: conditional refresh after more group matches (60 results, plots excluded)",DZ,Algeria,0.000090,0.000508
group_stage,c910a64a,2026-06-26T09:09:34+03:00,2026-06-26T05:43:40Z,60,"wc26: conditional refresh after more group matches (60 results, plots excluded)",KR,South Korea,0.000040,0.000508
group_stage,c910a64a,2026-06-26T09:09:34+03:00,2026-06-26T05:43:40Z,60,"wc26: conditional refresh after more group matches (60 results, plots excluded)",SQ,Scotland,0.000000,0.000508
group_stage,c910a64a,2026-06-26T09:09:34+03:00,2026-06-26T05:43:40Z,60,"wc26: conditional refresh after more group matches (60 results, plots excluded)",ZA,South Africa,0.000000,0.000508
group_stage,c910a64a,2026-06-26T09:09:34+03:00,2026-06-26T05:43:40Z,60,"wc26: conditional refresh after more group matches (60 results, plots excluded)",CD,DR Congo,0.000000,0.000508
group_stage,c910a64a,2026-06-26T09:09:34+03:00,2026-06-26T05:43:40Z,60,"wc26: conditional refresh after more group matches (60 results, plots excluded)",SA,Saudi Arabia,0.000000,0.000508
group_stage,c910a64a,2026-06-26T09:09:34+03:00,2026-06-26T05:43:40Z,60,"wc26: conditional refresh after more group matches (60 results, plots excluded)",UZ,Uzbekistan,0.000000,0.000508
group_stage,c910a64a,2026-06-26T09:09:34+03:00,2026-06-26T05:43:40Z,60,"wc26: conditional refresh after more group matches (60 results, plots excluded)",IQ,Iraq,0.000000,0.000508
group_stage,c910a64a,2026-06-26T09:09:34+03:00,2026-06-26T05:43:40Z,60,"wc26: conditional refresh after more group matches (60 results, plots excluded)",GH,Ghana,0.000000,0.000508
group_stage,c910a64a,2026-06-26T09:09:34+03:00,2026-06-26T05:43:40Z,60,"wc26: conditional refresh after more group matches (60 results, plots excluded)",NZ,New Zealand,0.000000,0.000508
group_stage,c910a64a,2026-06-26T09:09:34+03:00,2026-06-26T05:43:40Z,60,"wc26: conditional refresh after more group matches (60 results, plots excluded)",HR,Croatia,0.002820,0.003553
group_stage,c910a64a,2026-06-26T09:09:34+03:00,2026-06-26T05:43:40Z,60,"wc26: conditional refresh after more group matches (60 results, plots excluded)",PY,Paraguay,0.000470,0.001523
group_stage,c910a64a,2026-06-26T09:09:34+03:00,2026-06-26T05:43:40Z,60,"wc26: conditional refresh after more group matches (60 results, plots excluded)",UY,Uruguay,0.000380,0.001523
group_stage,c910a64a,2026-06-26T09:09:34+03:00,2026-06-26T05:43:40Z,60,"wc26: conditional refresh after more group matches (60 results, plots excluded)",AU,Australia,0.000250,0.001523
group_stage,c910a64a,2026-06-26T09:09:34+03:00,2026-06-26T05:43:40Z,60,"wc26: conditional refresh after more group matches (60 results, plots excluded)",SE,Sweden,0.000050,0.001523
group_stage,c910a64a,2026-06-26T09:09:34+03:00,2026-06-26T05:43:40Z,60,"wc26: conditional refresh after more group matches (60 results, plots excluded)",BA,Bosnia and Herzegovina,0.000000,0.001523
group_stage,c910a64a,2026-06-26T09:09:34+03:00,2026-06-26T05:43:40Z,60,"wc26: conditional refresh after more group matches (60 results, plots excluded)",CV,Cape Verde,0.000000,0.001523
group_stage,c910a64a,2026-06-26T09:09:34+03:00,2026-06-26T05:43:40Z,60,"wc26: conditional refresh after more group matches (60 results, plots excluded)",AT,Austria,0.000580,0.002538
group_stage,c910a64a,2026-06-26T09:09:34+03:00,2026-06-26T05:43:40Z,60,"wc26: conditional refresh after more group matches (60 results, plots excluded)",CA,Canada,0.000200,0.002538
group_stage,c910a64a,2026-06-26T09:09:34+03:00,2026-06-26T05:43:40Z,60,"wc26: conditional refresh after more group matches (60 results, plots excluded)",SN,Senegal,0.000170,0.002538
group_stage,c910a64a,2026-06-26T09:09:34+03:00,2026-06-26T05:43:40Z,60,"wc26: conditional refresh after more group matches (60 results, plots excluded)",EG,Egypt,0.000080,0.002538
group_stage,c910a64a,2026-06-26T09:09:34+03:00,2026-06-26T05:43:40Z,60,"wc26: conditional refresh after more group matches (60 results, plots excluded)",CI,Ivory Coast,0.000030,0.002538
group_stage,c910a64a,2026-06-26T09:09:34+03:00,2026-06-26T05:43:40Z,60,"wc26: conditional refresh after more group matches (60 results, plots excluded)",CH,Switzerland,0.005500,0.008629
group_stage,c910a64a,2026-06-26T09:09:34+03:00,2026-06-26T05:43:40Z,60,"wc26: conditional refresh after more group matches (60 results, plots excluded)",EC,Ecuador,0.002280,0.005584
group_stage,c910a64a,2026-06-26T09:09:34+03:00,2026-06-26T05:43:40Z,60,"wc26: conditional refresh after more group matches (60 results, plots excluded)",MX,Mexico,0.009020,0.012690
group_stage,c910a64a,2026-06-26T09:09:34+03:00,2026-06-26T05:43:40Z,60,"wc26: conditional refresh after more group matches (60 results, plots excluded)",JP,Japan,0.003460,0.011675
group_stage,c910a64a,2026-06-26T09:09:34+03:00,2026-06-26T05:43:40Z,60,"wc26: conditional refresh after more group matches (60 results, plots excluded)",BE,Belgium,0.001950,0.010660
group_stage,c910a64a,2026-06-26T09:09:34+03:00,2026-06-26T05:43:40Z,60,"wc26: conditional refresh after more group matches (60 results, plots excluded)",MA,Morocco,0.003350,0.014721
group_stage,c910a64a,2026-06-26T09:09:34+03:00,2026-06-26T05:43:40Z,60,"wc26: conditional refresh after more group matches (60 results, plots excluded)",US,United States,0.015530,0.031980
group_stage,c910a64a,2026-06-26T09:09:34+03:00,2026-06-26T05:43:40Z,60,"wc26: conditional refresh after more group matches (60 results, plots excluded)",NO,Norway,0.017800,0.038071
group_stage,c910a64a,2026-06-26T09:09:34+03:00,2026-06-26T05:43:40Z,60,"wc26: conditional refresh after more group matches (60 results, plots excluded)",BR,Brazil,0.035010,0.056345
group_stage,c910a64a,2026-06-26T09:09:34+03:00,2026-06-26T05:43:40Z,60,"wc26: conditional refresh after more group matches (60 results, plots excluded)",FR,France,0.166370,0.189340
group_stage,c910a64a,2026-06-26T09:09:34+03:00,2026-06-26T05:43:40Z,60,"wc26: conditional refresh after more group matches (60 results, plots excluded)",NL,Netherlands,0.033990,0.059391
group_stage,c910a64a,2026-06-26T09:09:34+03:00,2026-06-26T05:43:40Z,60,"wc26: conditional refresh after more group matches (60 results, plots excluded)",DE,Germany,0.007330,0.045178
group_stage,c910a64a,2026-06-26T09:09:34+03:00,2026-06-26T05:43:40Z,60,"wc26: conditional refresh after more group matches (60 results, plots excluded)",EN,England,0.047160,0.100000
group_stage,c910a64a,2026-06-26T09:09:34+03:00,2026-06-26T05:43:40Z,60,"wc26: conditional refresh after more group matches (60 results, plots excluded)",PT,Portugal,0.028260,0.081726
group_stage,f5c09781,2026-06-27T00:49:37+03:00,2026-06-26T21:34:40Z,62,Updated conditional data,AR,Argentina,0.332750,0.144750
group_stage,f5c09781,2026-06-27T00:49:37+03:00,2026-06-26T21:34:40Z,62,Updated conditional data,ES,Spain,0.247680,0.133955
group_stage,f5c09781,2026-06-27T00:49:37+03:00,2026-06-26T21:34:40Z,62,Updated conditional data,CO,Colombia,0.040820,0.015211
group_stage,f5c09781,2026-06-27T00:49:37+03:00,2026-06-26T21:34:40Z,62,Updated conditional data,TR,Turkey,0.000000,0.000000
group_stage,f5c09781,2026-06-27T00:49:37+03:00,2026-06-26T21:34:40Z,62,Updated conditional data,CZ,Czech Republic,0.000000,0.000000
group_stage,f5c09781,2026-06-27T00:49:37+03:00,2026-06-26T21:34:40Z,62,Updated conditional data,PA,Panama,0.000000,0.000000
group_stage,f5c09781,2026-06-27T00:49:37+03:00,2026-06-26T21:34:40Z,62,Updated conditional data,JO,Jordan,0.000000,0.000000
group_stage,f5c09781,2026-06-27T00:49:37+03:00,2026-06-26T21:34:40Z,62,Updated conditional data,TN,Tunisia,0.000000,0.000000
group_stage,f5c09781,2026-06-27T00:49:37+03:00,2026-06-26T21:34:40Z,62,Updated conditional data,HT,Haiti,0.000000,0.000000
group_stage,f5c09781,2026-06-27T00:49:37+03:00,2026-06-26T21:34:40Z,62,Updated conditional data,CW,Curaçao,0.000000,0.000000
group_stage,f5c09781,2026-06-27T00:49:37+03:00,2026-06-26T21:34:40Z,62,Updated conditional data,QA,Qatar,0.000000,0.000000
group_stage,f5c09781,2026-06-27T00:49:37+03:00,2026-06-26T21:34:40Z,62,Updated conditional data,PY,Paraguay,0.000390,0.000491
group_stage,f5c09781,2026-06-27T00:49:37+03:00,2026-06-26T21:34:40Z,62,Updated conditional data,IR,Iran,0.000090,0.000491
group_stage,f5c09781,2026-06-27T00:49:37+03:00,2026-06-26T21:34:40Z,62,Updated conditional data,DZ,Algeria,0.000090,0.000491
group_stage,f5c09781,2026-06-27T00:49:37+03:00,2026-06-26T21:34:40Z,62,Updated conditional data,KR,South Korea,0.000030,0.000491
group_stage,f5c09781,2026-06-27T00:49:37+03:00,2026-06-26T21:34:40Z,62,Updated conditional data,CD,DR Congo,0.000000,0.000491
group_stage,f5c09781,2026-06-27T00:49:37+03:00,2026-06-26T21:34:40Z,62,Updated conditional data,ZA,South Africa,0.000000,0.000491
group_stage,f5c09781,2026-06-27T00:49:37+03:00,2026-06-26T21:34:40Z,62,Updated conditional data,SA,Saudi Arabia,0.000000,0.000491
group_stage,f5c09781,2026-06-27T00:49:37+03:00,2026-06-26T21:34:40Z,62,Updated conditional data,SQ,Scotland,0.000000,0.000491
group_stage,f5c09781,2026-06-27T00:49:37+03:00,2026-06-26T21:34:40Z,62,Updated conditional data,UZ,Uzbekistan,0.000000,0.000491
group_stage,f5c09781,2026-06-27T00:49:37+03:00,2026-06-26T21:34:40Z,62,Updated conditional data,IQ,Iraq,0.000000,0.000491
group_stage,f5c09781,2026-06-27T00:49:37+03:00,2026-06-26T21:34:40Z,62,Updated conditional data,NZ,New Zealand,0.000000,0.000491
group_stage,f5c09781,2026-06-27T00:49:37+03:00,2026-06-26T21:34:40Z,62,Updated conditional data,AU,Australia,0.000260,0.001472
group_stage,f5c09781,2026-06-27T00:49:37+03:00,2026-06-26T21:34:40Z,62,Updated conditional data,SE,Sweden,0.000040,0.001472
group_stage,f5c09781,2026-06-27T00:49:37+03:00,2026-06-26T21:34:40Z,62,Updated conditional data,BA,Bosnia and Herzegovina,0.000000,0.001472
group_stage,f5c09781,2026-06-27T00:49:37+03:00,2026-06-26T21:34:40Z,62,Updated conditional data,CV,Cape Verde,0.000000,0.001472
group_stage,f5c09781,2026-06-27T00:49:37+03:00,2026-06-26T21:34:40Z,62,Updated conditional data,GH,Ghana,0.000000,0.001472
group_stage,f5c09781,2026-06-27T00:49:37+03:00,2026-06-26T21:34:40Z,62,Updated conditional data,HR,Croatia,0.002890,0.004416
group_stage,f5c09781,2026-06-27T00:49:37+03:00,2026-06-26T21:34:40Z,62,Updated conditional data,AT,Austria,0.000590,0.002453
group_stage,f5c09781,2026-06-27T00:49:37+03:00,2026-06-26T21:34:40Z,62,Updated conditional data,UY,Uruguay,0.000420,0.002453
group_stage,f5c09781,2026-06-27T00:49:37+03:00,2026-06-26T21:34:40Z,62,Updated conditional data,CA,Canada,0.000180,0.002453
group_stage,f5c09781,2026-06-27T00:49:37+03:00,2026-06-26T21:34:40Z,62,Updated conditional data,EG,Egypt,0.000090,0.002453
group_stage,f5c09781,2026-06-27T00:49:37+03:00,2026-06-26T21:34:40Z,62,Updated conditional data,MX,Mexico,0.009020,0.012267
group_stage,f5c09781,2026-06-27T00:49:37+03:00,2026-06-26T21:34:40Z,62,Updated conditional data,CI,Ivory Coast,0.000030,0.003435
group_stage,f5c09781,2026-06-27T00:49:37+03:00,2026-06-26T21:34:40Z,62,Updated conditional data,CH,Switzerland,0.005520,0.009323
group_stage,f5c09781,2026-06-27T00:49:37+03:00,2026-06-26T21:34:40Z,62,Updated conditional data,EC,Ecuador,0.002350,0.006379
group_stage,f5c09781,2026-06-27T00:49:37+03:00,2026-06-26T21:34:40Z,62,Updated conditional data,SN,Senegal,0.000390,0.006379
group_stage,f5c09781,2026-06-27T00:49:37+03:00,2026-06-26T21:34:40Z,62,Updated conditional data,BE,Belgium,0.001970,0.012267
group_stage,f5c09781,2026-06-27T00:49:37+03:00,2026-06-26T21:34:40Z,62,Updated conditional data,NO,Norway,0.015590,0.026006
group_stage,f5c09781,2026-06-27T00:49:37+03:00,2026-06-26T21:34:40Z,62,Updated conditional data,MA,Morocco,0.003040,0.015211
group_stage,f5c09781,2026-06-27T00:49:37+03:00,2026-06-26T21:34:40Z,62,Updated conditional data,JP,Japan,0.003740,0.016192
group_stage,f5c09781,2026-06-27T00:49:37+03:00,2026-06-26T21:34:40Z,62,Updated conditional data,BR,Brazil,0.036890,0.055447
group_stage,f5c09781,2026-06-27T00:49:37+03:00,2026-06-26T21:34:40Z,62,Updated conditional data,US,United States,0.006920,0.027969
group_stage,f5c09781,2026-06-27T00:49:37+03:00,2026-06-26T21:34:40Z,62,Updated conditional data,NL,Netherlands,0.031410,0.056428
group_stage,f5c09781,2026-06-27T00:49:37+03:00,2026-06-26T21:34:40Z,62,Updated conditional data,FR,France,0.172890,0.203631
group_stage,f5c09781,2026-06-27T00:49:37+03:00,2026-06-26T21:34:40Z,62,Updated conditional data,DE,Germany,0.006420,0.044652
group_stage,f5c09781,2026-06-27T00:49:37+03:00,2026-06-26T21:34:40Z,62,Updated conditional data,EN,England,0.049090,0.100589
group_stage,f5c09781,2026-06-27T00:49:37+03:00,2026-06-26T21:34:40Z,62,Updated conditional data,PT,Portugal,0.028400,0.082924
group_stage,009d3a8f,2026-06-27T11:13:47+03:00,2026-06-27T06:38:26Z,66,"wc26: conditional refresh after two more groups (66 results, data only)",AR,Argentina,0.329630,0.175808
group_stage,009d3a8f,2026-06-27T11:13:47+03:00,2026-06-27T06:38:26Z,66,"wc26: conditional refresh after two more groups (66 results, data only)",ES,Spain,0.245880,0.121939
group_stage,009d3a8f,2026-06-27T11:13:47+03:00,2026-06-27T06:38:26Z,66,"wc26: conditional refresh after two more groups (66 results, data only)",CO,Colombia,0.034550,0.014202
group_stage,009d3a8f,2026-06-27T11:13:47+03:00,2026-06-27T06:38:26Z,66,"wc26: conditional refresh after two more groups (66 results, data only)",FR,France,0.221240,0.211068
group_stage,009d3a8f,2026-06-27T11:13:47+03:00,2026-06-27T06:38:26Z,66,"wc26: conditional refresh after two more groups (66 results, data only)",TR,Turkey,0.000000,0.000000
group_stage,009d3a8f,2026-06-27T11:13:47+03:00,2026-06-27T06:38:26Z,66,"wc26: conditional refresh after two more groups (66 results, data only)",UY,Uruguay,0.000000,0.000000
group_stage,009d3a8f,2026-06-27T11:13:47+03:00,2026-06-27T06:38:26Z,66,"wc26: conditional refresh after two more groups (66 results, data only)",CZ,Czech Republic,0.000000,0.000000
group_stage,009d3a8f,2026-06-27T11:13:47+03:00,2026-06-27T06:38:26Z,66,"wc26: conditional refresh after two more groups (66 results, data only)",PA,Panama,0.000000,0.000000
group_stage,009d3a8f,2026-06-27T11:13:47+03:00,2026-06-27T06:38:26Z,66,"wc26: conditional refresh after two more groups (66 results, data only)",JO,Jordan,0.000000,0.000000
group_stage,009d3a8f,2026-06-27T11:13:47+03:00,2026-06-27T06:38:26Z,66,"wc26: conditional refresh after two more groups (66 results, data only)",TN,Tunisia,0.000000,0.000000
group_stage,009d3a8f,2026-06-27T11:13:47+03:00,2026-06-27T06:38:26Z,66,"wc26: conditional refresh after two more groups (66 results, data only)",IQ,Iraq,0.000000,0.000000
group_stage,009d3a8f,2026-06-27T11:13:47+03:00,2026-06-27T06:38:26Z,66,"wc26: conditional refresh after two more groups (66 results, data only)",HT,Haiti,0.000000,0.000000
group_stage,009d3a8f,2026-06-27T11:13:47+03:00,2026-06-27T06:38:26Z,66,"wc26: conditional refresh after two more groups (66 results, data only)",CW,Curaçao,0.000000,0.000000
group_stage,009d3a8f,2026-06-27T11:13:47+03:00,2026-06-27T06:38:26Z,66,"wc26: conditional refresh after two more groups (66 results, data only)",QA,Qatar,0.000000,0.000000
group_stage,009d3a8f,2026-06-27T11:13:47+03:00,2026-06-27T06:38:26Z,66,"wc26: conditional refresh after two more groups (66 results, data only)",PY,Paraguay,0.000270,0.000490
group_stage,009d3a8f,2026-06-27T11:13:47+03:00,2026-06-27T06:38:26Z,66,"wc26: conditional refresh after two more groups (66 results, data only)",DZ,Algeria,0.000060,0.000490
group_stage,009d3a8f,2026-06-27T11:13:47+03:00,2026-06-27T06:38:26Z,66,"wc26: conditional refresh after two more groups (66 results, data only)",IR,Iran,0.000050,0.000490
group_stage,009d3a8f,2026-06-27T11:13:47+03:00,2026-06-27T06:38:26Z,66,"wc26: conditional refresh after two more groups (66 results, data only)",KR,South Korea,0.000010,0.000490
group_stage,009d3a8f,2026-06-27T11:13:47+03:00,2026-06-27T06:38:26Z,66,"wc26: conditional refresh after two more groups (66 results, data only)",CD,DR Congo,0.000000,0.000490
group_stage,009d3a8f,2026-06-27T11:13:47+03:00,2026-06-27T06:38:26Z,66,"wc26: conditional refresh after two more groups (66 results, data only)",ZA,South Africa,0.000000,0.000490
group_stage,009d3a8f,2026-06-27T11:13:47+03:00,2026-06-27T06:38:26Z,66,"wc26: conditional refresh after two more groups (66 results, data only)",SQ,Scotland,0.000000,0.000490
group_stage,009d3a8f,2026-06-27T11:13:47+03:00,2026-06-27T06:38:26Z,66,"wc26: conditional refresh after two more groups (66 results, data only)",UZ,Uzbekistan,0.000000,0.000490
group_stage,009d3a8f,2026-06-27T11:13:47+03:00,2026-06-27T06:38:26Z,66,"wc26: conditional refresh after two more groups (66 results, data only)",SA,Saudi Arabia,0.000000,0.000490
group_stage,009d3a8f,2026-06-27T11:13:47+03:00,2026-06-27T06:38:26Z,66,"wc26: conditional refresh after two more groups (66 results, data only)",NZ,New Zealand,0.000000,0.000490
group_stage,009d3a8f,2026-06-27T11:13:47+03:00,2026-06-27T06:38:26Z,66,"wc26: conditional refresh after two more groups (66 results, data only)",AT,Austria,0.000370,0.001469
group_stage,009d3a8f,2026-06-27T11:13:47+03:00,2026-06-27T06:38:26Z,66,"wc26: conditional refresh after two more groups (66 results, data only)",AU,Australia,0.000290,0.001469
group_stage,009d3a8f,2026-06-27T11:13:47+03:00,2026-06-27T06:38:26Z,66,"wc26: conditional refresh after two more groups (66 results, data only)",EG,Egypt,0.000040,0.001469
group_stage,009d3a8f,2026-06-27T11:13:47+03:00,2026-06-27T06:38:26Z,66,"wc26: conditional refresh after two more groups (66 results, data only)",CV,Cape Verde,0.000000,0.001469
group_stage,009d3a8f,2026-06-27T11:13:47+03:00,2026-06-27T06:38:26Z,66,"wc26: conditional refresh after two more groups (66 results, data only)",BA,Bosnia and Herzegovina,0.000000,0.001469
group_stage,009d3a8f,2026-06-27T11:13:47+03:00,2026-06-27T06:38:26Z,66,"wc26: conditional refresh after two more groups (66 results, data only)",GH,Ghana,0.000000,0.001469
group_stage,009d3a8f,2026-06-27T11:13:47+03:00,2026-06-27T06:38:26Z,66,"wc26: conditional refresh after two more groups (66 results, data only)",HR,Croatia,0.002130,0.004407
group_stage,009d3a8f,2026-06-27T11:13:47+03:00,2026-06-27T06:38:26Z,66,"wc26: conditional refresh after two more groups (66 results, data only)",CA,Canada,0.000130,0.002449
group_stage,009d3a8f,2026-06-27T11:13:47+03:00,2026-06-27T06:38:26Z,66,"wc26: conditional refresh after two more groups (66 results, data only)",SE,Sweden,0.000030,0.002449
group_stage,009d3a8f,2026-06-27T11:13:47+03:00,2026-06-27T06:38:26Z,66,"wc26: conditional refresh after two more groups (66 results, data only)",CI,Ivory Coast,0.000030,0.003428
group_stage,009d3a8f,2026-06-27T11:13:47+03:00,2026-06-27T06:38:26Z,66,"wc26: conditional refresh after two more groups (66 results, data only)",SN,Senegal,0.000630,0.004407
group_stage,009d3a8f,2026-06-27T11:13:47+03:00,2026-06-27T06:38:26Z,66,"wc26: conditional refresh after two more groups (66 results, data only)",EC,Ecuador,0.002070,0.006366
group_stage,009d3a8f,2026-06-27T11:13:47+03:00,2026-06-27T06:38:26Z,66,"wc26: conditional refresh after two more groups (66 results, data only)",MX,Mexico,0.007860,0.012243
group_stage,009d3a8f,2026-06-27T11:13:47+03:00,2026-06-27T06:38:26Z,66,"wc26: conditional refresh after two more groups (66 results, data only)",CH,Switzerland,0.004890,0.009305
group_stage,009d3a8f,2026-06-27T11:13:47+03:00,2026-06-27T06:38:26Z,66,"wc26: conditional refresh after two more groups (66 results, data only)",BE,Belgium,0.002500,0.013222
group_stage,009d3a8f,2026-06-27T11:13:47+03:00,2026-06-27T06:38:26Z,66,"wc26: conditional refresh after two more groups (66 results, data only)",JP,Japan,0.003560,0.015181
group_stage,009d3a8f,2026-06-27T11:13:47+03:00,2026-06-27T06:38:26Z,66,"wc26: conditional refresh after two more groups (66 results, data only)",MA,Morocco,0.002290,0.014202
group_stage,009d3a8f,2026-06-27T11:13:47+03:00,2026-06-27T06:38:26Z,66,"wc26: conditional refresh after two more groups (66 results, data only)",NO,Norway,0.006970,0.024976
group_stage,009d3a8f,2026-06-27T11:13:47+03:00,2026-06-27T06:38:26Z,66,"wc26: conditional refresh after two more groups (66 results, data only)",BR,Brazil,0.035210,0.055338
group_stage,009d3a8f,2026-06-27T11:13:47+03:00,2026-06-27T06:38:26Z,66,"wc26: conditional refresh after two more groups (66 results, data only)",US,United States,0.004410,0.024976
group_stage,009d3a8f,2026-06-27T11:13:47+03:00,2026-06-27T06:38:26Z,66,"wc26: conditional refresh after two more groups (66 results, data only)",NL,Netherlands,0.024720,0.049461
group_stage,009d3a8f,2026-06-27T11:13:47+03:00,2026-06-27T06:38:26Z,66,"wc26: conditional refresh after two more groups (66 results, data only)",DE,Germany,0.004740,0.044564
group_stage,009d3a8f,2026-06-27T11:13:47+03:00,2026-06-27T06:38:26Z,66,"wc26: conditional refresh after two more groups (66 results, data only)",PT,Portugal,0.022530,0.075906
group_stage,009d3a8f,2026-06-27T11:13:47+03:00,2026-06-27T06:38:26Z,66,"wc26: conditional refresh after two more groups (66 results, data only)",EN,England,0.042920,0.100392
group_stage,31e78ae8,2026-06-27T19:00:50+03:00,2026-06-27T15:38:13Z,66,"wc26: conditional refresh — Group G Elo update (66 results, data only)",AR,Argentina,0.329800,0.186149
group_stage,31e78ae8,2026-06-27T19:00:50+03:00,2026-06-27T15:38:13Z,66,"wc26: conditional refresh — Group G Elo update (66 results, data only)",ES,Spain,0.244680,0.116405
group_stage,31e78ae8,2026-06-27T19:00:50+03:00,2026-06-27T15:38:13Z,66,"wc26: conditional refresh — Group G Elo update (66 results, data only)",CO,Colombia,0.034520,0.012279
group_stage,31e78ae8,2026-06-27T19:00:50+03:00,2026-06-27T15:38:13Z,66,"wc26: conditional refresh — Group G Elo update (66 results, data only)",TR,Turkey,0.000000,0.000000
group_stage,31e78ae8,2026-06-27T19:00:50+03:00,2026-06-27T15:38:13Z,66,"wc26: conditional refresh — Group G Elo update (66 results, data only)",UY,Uruguay,0.000000,0.000000
group_stage,31e78ae8,2026-06-27T19:00:50+03:00,2026-06-27T15:38:13Z,66,"wc26: conditional refresh — Group G Elo update (66 results, data only)",CZ,Czech Republic,0.000000,0.000000
group_stage,31e78ae8,2026-06-27T19:00:50+03:00,2026-06-27T15:38:13Z,66,"wc26: conditional refresh — Group G Elo update (66 results, data only)",PA,Panama,0.000000,0.000000
group_stage,31e78ae8,2026-06-27T19:00:50+03:00,2026-06-27T15:38:13Z,66,"wc26: conditional refresh — Group G Elo update (66 results, data only)",JO,Jordan,0.000000,0.000000
group_stage,31e78ae8,2026-06-27T19:00:50+03:00,2026-06-27T15:38:13Z,66,"wc26: conditional refresh — Group G Elo update (66 results, data only)",SA,Saudi Arabia,0.000000,0.000000
group_stage,31e78ae8,2026-06-27T19:00:50+03:00,2026-06-27T15:38:13Z,66,"wc26: conditional refresh — Group G Elo update (66 results, data only)",TN,Tunisia,0.000000,0.000000
group_stage,31e78ae8,2026-06-27T19:00:50+03:00,2026-06-27T15:38:13Z,66,"wc26: conditional refresh — Group G Elo update (66 results, data only)",IQ,Iraq,0.000000,0.000000
group_stage,31e78ae8,2026-06-27T19:00:50+03:00,2026-06-27T15:38:13Z,66,"wc26: conditional refresh — Group G Elo update (66 results, data only)",NZ,New Zealand,0.000000,0.000000
group_stage,31e78ae8,2026-06-27T19:00:50+03:00,2026-06-27T15:38:13Z,66,"wc26: conditional refresh — Group G Elo update (66 results, data only)",HT,Haiti,0.000000,0.000000
group_stage,31e78ae8,2026-06-27T19:00:50+03:00,2026-06-27T15:38:13Z,66,"wc26: conditional refresh — Group G Elo update (66 results, data only)",CW,Curaçao,0.000000,0.000000
group_stage,31e78ae8,2026-06-27T19:00:50+03:00,2026-06-27T15:38:13Z,66,"wc26: conditional refresh — Group G Elo update (66 results, data only)",QA,Qatar,0.000000,0.000000
group_stage,31e78ae8,2026-06-27T19:00:50+03:00,2026-06-27T15:38:13Z,66,"wc26: conditional refresh — Group G Elo update (66 results, data only)",PY,Paraguay,0.000260,0.000491
group_stage,31e78ae8,2026-06-27T19:00:50+03:00,2026-06-27T15:38:13Z,66,"wc26: conditional refresh — Group G Elo update (66 results, data only)",IR,Iran,0.000050,0.000491
group_stage,31e78ae8,2026-06-27T19:00:50+03:00,2026-06-27T15:38:13Z,66,"wc26: conditional refresh — Group G Elo update (66 results, data only)",DZ,Algeria,0.000050,0.000491
group_stage,31e78ae8,2026-06-27T19:00:50+03:00,2026-06-27T15:38:13Z,66,"wc26: conditional refresh — Group G Elo update (66 results, data only)",KR,South Korea,0.000010,0.000491
group_stage,31e78ae8,2026-06-27T19:00:50+03:00,2026-06-27T15:38:13Z,66,"wc26: conditional refresh — Group G Elo update (66 results, data only)",CD,DR Congo,0.000000,0.000491
group_stage,31e78ae8,2026-06-27T19:00:50+03:00,2026-06-27T15:38:13Z,66,"wc26: conditional refresh — Group G Elo update (66 results, data only)",CV,Cape Verde,0.000000,0.000491
group_stage,31e78ae8,2026-06-27T19:00:50+03:00,2026-06-27T15:38:13Z,66,"wc26: conditional refresh — Group G Elo update (66 results, data only)",ZA,South Africa,0.000000,0.000491
group_stage,31e78ae8,2026-06-27T19:00:50+03:00,2026-06-27T15:38:13Z,66,"wc26: conditional refresh — Group G Elo update (66 results, data only)",SQ,Scotland,0.000000,0.000491
group_stage,31e78ae8,2026-06-27T19:00:50+03:00,2026-06-27T15:38:13Z,66,"wc26: conditional refresh — Group G Elo update (66 results, data only)",UZ,Uzbekistan,0.000000,0.000491
group_stage,31e78ae8,2026-06-27T19:00:50+03:00,2026-06-27T15:38:13Z,66,"wc26: conditional refresh — Group G Elo update (66 results, data only)",AT,Austria,0.000360,0.001473
group_stage,31e78ae8,2026-06-27T19:00:50+03:00,2026-06-27T15:38:13Z,66,"wc26: conditional refresh — Group G Elo update (66 results, data only)",AU,Australia,0.000290,0.001473
group_stage,31e78ae8,2026-06-27T19:00:50+03:00,2026-06-27T15:38:13Z,66,"wc26: conditional refresh — Group G Elo update (66 results, data only)",EG,Egypt,0.000040,0.001473
group_stage,31e78ae8,2026-06-27T19:00:50+03:00,2026-06-27T15:38:13Z,66,"wc26: conditional refresh — Group G Elo update (66 results, data only)",SE,Sweden,0.000030,0.001473
group_stage,31e78ae8,2026-06-27T19:00:50+03:00,2026-06-27T15:38:13Z,66,"wc26: conditional refresh — Group G Elo update (66 results, data only)",BA,Bosnia and Herzegovina,0.000000,0.001473
group_stage,31e78ae8,2026-06-27T19:00:50+03:00,2026-06-27T15:38:13Z,66,"wc26: conditional refresh — Group G Elo update (66 results, data only)",GH,Ghana,0.000000,0.001473
group_stage,31e78ae8,2026-06-27T19:00:50+03:00,2026-06-27T15:38:13Z,66,"wc26: conditional refresh — Group G Elo update (66 results, data only)",HR,Croatia,0.002110,0.004420
group_stage,31e78ae8,2026-06-27T19:00:50+03:00,2026-06-27T15:38:13Z,66,"wc26: conditional refresh — Group G Elo update (66 results, data only)",CA,Canada,0.000140,0.002456
group_stage,31e78ae8,2026-06-27T19:00:50+03:00,2026-06-27T15:38:13Z,66,"wc26: conditional refresh — Group G Elo update (66 results, data only)",CI,Ivory Coast,0.000030,0.002456
group_stage,31e78ae8,2026-06-27T19:00:50+03:00,2026-06-27T15:38:13Z,66,"wc26: conditional refresh — Group G Elo update (66 results, data only)",FR,France,0.221330,0.224460
group_stage,31e78ae8,2026-06-27T19:00:50+03:00,2026-06-27T15:38:13Z,66,"wc26: conditional refresh — Group G Elo update (66 results, data only)",EC,Ecuador,0.002060,0.005403
group_stage,31e78ae8,2026-06-27T19:00:50+03:00,2026-06-27T15:38:13Z,66,"wc26: conditional refresh — Group G Elo update (66 results, data only)",SN,Senegal,0.000600,0.004420
group_stage,31e78ae8,2026-06-27T19:00:50+03:00,2026-06-27T15:38:13Z,66,"wc26: conditional refresh — Group G Elo update (66 results, data only)",MX,Mexico,0.007910,0.012279
group_stage,31e78ae8,2026-06-27T19:00:50+03:00,2026-06-27T15:38:13Z,66,"wc26: conditional refresh — Group G Elo update (66 results, data only)",CH,Switzerland,0.004900,0.009332
group_stage,31e78ae8,2026-06-27T19:00:50+03:00,2026-06-27T15:38:13Z,66,"wc26: conditional refresh — Group G Elo update (66 results, data only)",BE,Belgium,0.003500,0.013261
group_stage,31e78ae8,2026-06-27T19:00:50+03:00,2026-06-27T15:38:13Z,66,"wc26: conditional refresh — Group G Elo update (66 results, data only)",JP,Japan,0.003520,0.014244
group_stage,31e78ae8,2026-06-27T19:00:50+03:00,2026-06-27T15:38:13Z,66,"wc26: conditional refresh — Group G Elo update (66 results, data only)",MA,Morocco,0.002270,0.014244
group_stage,31e78ae8,2026-06-27T19:00:50+03:00,2026-06-27T15:38:13Z,66,"wc26: conditional refresh — Group G Elo update (66 results, data only)",NO,Norway,0.006990,0.024067
group_stage,31e78ae8,2026-06-27T19:00:50+03:00,2026-06-27T15:38:13Z,66,"wc26: conditional refresh — Group G Elo update (66 results, data only)",US,United States,0.004300,0.023084
group_stage,31e78ae8,2026-06-27T19:00:50+03:00,2026-06-27T15:38:13Z,66,"wc26: conditional refresh — Group G Elo update (66 results, data only)",NL,Netherlands,0.024770,0.044695
group_stage,31e78ae8,2026-06-27T19:00:50+03:00,2026-06-27T15:38:13Z,66,"wc26: conditional refresh — Group G Elo update (66 results, data only)",BR,Brazil,0.035370,0.055501
group_stage,31e78ae8,2026-06-27T19:00:50+03:00,2026-06-27T15:38:13Z,66,"wc26: conditional refresh — Group G Elo update (66 results, data only)",DE,Germany,0.004780,0.038802
group_stage,31e78ae8,2026-06-27T19:00:50+03:00,2026-06-27T15:38:13Z,66,"wc26: conditional refresh — Group G Elo update (66 results, data only)",PT,Portugal,0.022450,0.079077
group_stage,31e78ae8,2026-06-27T19:00:50+03:00,2026-06-27T15:38:13Z,66,"wc26: conditional refresh — Group G Elo update (66 results, data only)",EN,England,0.042880,0.099705
group_stage,a6f77bea,2026-06-28T08:54:37+03:00,2026-06-28T05:00:05Z,72,wc26: full conditional refresh on 72 group results,ES,Spain,0.247140,0.105132
group_stage,a6f77bea,2026-06-28T08:54:37+03:00,2026-06-28T05:00:05Z,72,wc26: full conditional refresh on 72 group results,AR,Argentina,0.317910,0.220229
group_stage,a6f77bea,2026-06-28T08:54:37+03:00,2026-06-28T05:00:05Z,72,wc26: full conditional refresh on 72 group results,CO,Colombia,0.039070,0.024415
group_stage,a6f77bea,2026-06-28T08:54:37+03:00,2026-06-28T05:00:05Z,72,wc26: full conditional refresh on 72 group results,TR,Turkey,0.000000,0.000000
group_stage,a6f77bea,2026-06-28T08:54:37+03:00,2026-06-28T05:00:05Z,72,wc26: full conditional refresh on 72 group results,UY,Uruguay,0.000000,0.000000
group_stage,a6f77bea,2026-06-28T08:54:37+03:00,2026-06-28T05:00:05Z,72,wc26: full conditional refresh on 72 group results,SQ,Scotland,0.000000,0.000000
group_stage,a6f77bea,2026-06-28T08:54:37+03:00,2026-06-28T05:00:05Z,72,wc26: full conditional refresh on 72 group results,KR,South Korea,0.000000,0.000000
group_stage,a6f77bea,2026-06-28T08:54:37+03:00,2026-06-28T05:00:05Z,72,wc26: full conditional refresh on 72 group results,CZ,Czech Republic,0.000000,0.000000
group_stage,a6f77bea,2026-06-28T08:54:37+03:00,2026-06-28T05:00:05Z,72,wc26: full conditional refresh on 72 group results,PA,Panama,0.000000,0.000000
group_stage,a6f77bea,2026-06-28T08:54:37+03:00,2026-06-28T05:00:05Z,72,wc26: full conditional refresh on 72 group results,JO,Jordan,0.000000,0.000000
group_stage,a6f77bea,2026-06-28T08:54:37+03:00,2026-06-28T05:00:05Z,72,wc26: full conditional refresh on 72 group results,UZ,Uzbekistan,0.000000,0.000000
group_stage,a6f77bea,2026-06-28T08:54:37+03:00,2026-06-28T05:00:05Z,72,wc26: full conditional refresh on 72 group results,SA,Saudi Arabia,0.000000,0.000000
group_stage,a6f77bea,2026-06-28T08:54:37+03:00,2026-06-28T05:00:05Z,72,wc26: full conditional refresh on 72 group results,TN,Tunisia,0.000000,0.000000
group_stage,a6f77bea,2026-06-28T08:54:37+03:00,2026-06-28T05:00:05Z,72,wc26: full conditional refresh on 72 group results,IQ,Iraq,0.000000,0.000000
group_stage,a6f77bea,2026-06-28T08:54:37+03:00,2026-06-28T05:00:05Z,72,wc26: full conditional refresh on 72 group results,NZ,New Zealand,0.000000,0.000000
group_stage,a6f77bea,2026-06-28T08:54:37+03:00,2026-06-28T05:00:05Z,72,wc26: full conditional refresh on 72 group results,HT,Haiti,0.000000,0.000000
group_stage,a6f77bea,2026-06-28T08:54:37+03:00,2026-06-28T05:00:05Z,72,wc26: full conditional refresh on 72 group results,CW,Curaçao,0.000000,0.000000
group_stage,a6f77bea,2026-06-28T08:54:37+03:00,2026-06-28T05:00:05Z,72,wc26: full conditional refresh on 72 group results,QA,Qatar,0.000000,0.000000
group_stage,a6f77bea,2026-06-28T08:54:37+03:00,2026-06-28T05:00:05Z,72,wc26: full conditional refresh on 72 group results,PY,Paraguay,0.000270,0.000498
group_stage,a6f77bea,2026-06-28T08:54:37+03:00,2026-06-28T05:00:05Z,72,wc26: full conditional refresh on 72 group results,DZ,Algeria,0.000080,0.000498
group_stage,a6f77bea,2026-06-28T08:54:37+03:00,2026-06-28T05:00:05Z,72,wc26: full conditional refresh on 72 group results,CD,DR Congo,0.000000,0.000498
group_stage,a6f77bea,2026-06-28T08:54:37+03:00,2026-06-28T05:00:05Z,72,wc26: full conditional refresh on 72 group results,CV,Cape Verde,0.000000,0.000498
group_stage,a6f77bea,2026-06-28T08:54:37+03:00,2026-06-28T05:00:05Z,72,wc26: full conditional refresh on 72 group results,ZA,South Africa,0.000000,0.000498
group_stage,a6f77bea,2026-06-28T08:54:37+03:00,2026-06-28T05:00:05Z,72,wc26: full conditional refresh on 72 group results,IR,Iran,0.000000,0.000498
group_stage,a6f77bea,2026-06-28T08:54:37+03:00,2026-06-28T05:00:05Z,72,wc26: full conditional refresh on 72 group results,AT,Austria,0.000360,0.001495
group_stage,a6f77bea,2026-06-28T08:54:37+03:00,2026-06-28T05:00:05Z,72,wc26: full conditional refresh on 72 group results,AU,Australia,0.000270,0.001495
group_stage,a6f77bea,2026-06-28T08:54:37+03:00,2026-06-28T05:00:05Z,72,wc26: full conditional refresh on 72 group results,HR,Croatia,0.002260,0.003488
group_stage,a6f77bea,2026-06-28T08:54:37+03:00,2026-06-28T05:00:05Z,72,wc26: full conditional refresh on 72 group results,CA,Canada,0.000130,0.001495
group_stage,a6f77bea,2026-06-28T08:54:37+03:00,2026-06-28T05:00:05Z,72,wc26: full conditional refresh on 72 group results,EG,Egypt,0.000030,0.001495
group_stage,a6f77bea,2026-06-28T08:54:37+03:00,2026-06-28T05:00:05Z,72,wc26: full conditional refresh on 72 group results,SE,Sweden,0.000030,0.001495
group_stage,a6f77bea,2026-06-28T08:54:37+03:00,2026-06-28T05:00:05Z,72,wc26: full conditional refresh on 72 group results,BA,Bosnia and Herzegovina,0.000000,0.001495
group_stage,a6f77bea,2026-06-28T08:54:37+03:00,2026-06-28T05:00:05Z,72,wc26: full conditional refresh on 72 group results,GH,Ghana,0.000000,0.001495
group_stage,a6f77bea,2026-06-28T08:54:37+03:00,2026-06-28T05:00:05Z,72,wc26: full conditional refresh on 72 group results,CI,Ivory Coast,0.000030,0.002491
group_stage,a6f77bea,2026-06-28T08:54:37+03:00,2026-06-28T05:00:05Z,72,wc26: full conditional refresh on 72 group results,SN,Senegal,0.000960,0.004484
group_stage,a6f77bea,2026-06-28T08:54:37+03:00,2026-06-28T05:00:05Z,72,wc26: full conditional refresh on 72 group results,EC,Ecuador,0.001670,0.005481
group_stage,a6f77bea,2026-06-28T08:54:37+03:00,2026-06-28T05:00:05Z,72,wc26: full conditional refresh on 72 group results,MX,Mexico,0.006840,0.011460
group_stage,a6f77bea,2026-06-28T08:54:37+03:00,2026-06-28T05:00:05Z,72,wc26: full conditional refresh on 72 group results,CH,Switzerland,0.004320,0.009467
group_stage,a6f77bea,2026-06-28T08:54:37+03:00,2026-06-28T05:00:05Z,72,wc26: full conditional refresh on 72 group results,FR,France,0.221930,0.228700
group_stage,a6f77bea,2026-06-28T08:54:37+03:00,2026-06-28T05:00:05Z,72,wc26: full conditional refresh on 72 group results,BE,Belgium,0.003040,0.013453
group_stage,a6f77bea,2026-06-28T08:54:37+03:00,2026-06-28T05:00:05Z,72,wc26: full conditional refresh on 72 group results,MA,Morocco,0.002300,0.013453
group_stage,a6f77bea,2026-06-28T08:54:37+03:00,2026-06-28T05:00:05Z,72,wc26: full conditional refresh on 72 group results,JP,Japan,0.003220,0.014449
group_stage,a6f77bea,2026-06-28T08:54:37+03:00,2026-06-28T05:00:05Z,72,wc26: full conditional refresh on 72 group results,NO,Norway,0.006300,0.020429
group_stage,a6f77bea,2026-06-28T08:54:37+03:00,2026-06-28T05:00:05Z,72,wc26: full conditional refresh on 72 group results,US,United States,0.004180,0.021425
group_stage,a6f77bea,2026-06-28T08:54:37+03:00,2026-06-28T05:00:05Z,72,wc26: full conditional refresh on 72 group results,NL,Netherlands,0.024870,0.042352
group_stage,a6f77bea,2026-06-28T08:54:37+03:00,2026-06-28T05:00:05Z,72,wc26: full conditional refresh on 72 group results,BR,Brazil,0.032700,0.056303
group_stage,a6f77bea,2026-06-28T08:54:37+03:00,2026-06-28T05:00:05Z,72,wc26: full conditional refresh on 72 group results,PT,Portugal,0.018120,0.048829
group_stage,a6f77bea,2026-06-28T08:54:37+03:00,2026-06-28T05:00:05Z,72,wc26: full conditional refresh on 72 group results,DE,Germany,0.004780,0.036373
group_stage,a6f77bea,2026-06-28T08:54:37+03:00,2026-06-28T05:00:05Z,72,wc26: full conditional refresh on 72 group results,EN,England,0.057180,0.104136
knockout,9697e9c8,2026-06-29T10:31:07+03:00,2026-06-29T05:53:43Z,73,wc26: conditional_knockout snapshot — R32 update (match 73 pinned),ES,Spain,0.245600,0.109582
knockout,9697e9c8,2026-06-29T10:31:07+03:00,2026-06-29T05:53:43Z,73,wc26: conditional_knockout snapshot — R32 update (match 73 pinned),AR,Argentina,0.326450,0.204914
knockout,9697e9c8,2026-06-29T10:31:07+03:00,2026-06-29T05:53:43Z,73,wc26: conditional_knockout snapshot — R32 update (match 73 pinned),CO,Colombia,0.038190,0.026044
knockout,9697e9c8,2026-06-29T10:31:07+03:00,2026-06-29T05:53:43Z,73,wc26: conditional_knockout snapshot — R32 update (match 73 pinned),TR,Turkey,0.000000,0.000000
knockout,9697e9c8,2026-06-29T10:31:07+03:00,2026-06-29T05:53:43Z,73,wc26: conditional_knockout snapshot — R32 update (match 73 pinned),UY,Uruguay,0.000000,0.000000
knockout,9697e9c8,2026-06-29T10:31:07+03:00,2026-06-29T05:53:43Z,73,wc26: conditional_knockout snapshot — R32 update (match 73 pinned),IR,Iran,0.000000,0.000000
knockout,9697e9c8,2026-06-29T10:31:07+03:00,2026-06-29T05:53:43Z,73,wc26: conditional_knockout snapshot — R32 update (match 73 pinned),SQ,Scotland,0.000000,0.000000
knockout,9697e9c8,2026-06-29T10:31:07+03:00,2026-06-29T05:53:43Z,73,wc26: conditional_knockout snapshot — R32 update (match 73 pinned),KR,South Korea,0.000000,0.000000
knockout,9697e9c8,2026-06-29T10:31:07+03:00,2026-06-29T05:53:43Z,73,wc26: conditional_knockout snapshot — R32 update (match 73 pinned),CZ,Czech Republic,0.000000,0.000000
knockout,9697e9c8,2026-06-29T10:31:07+03:00,2026-06-29T05:53:43Z,73,wc26: conditional_knockout snapshot — R32 update (match 73 pinned),PA,Panama,0.000000,0.000000
knockout,9697e9c8,2026-06-29T10:31:07+03:00,2026-06-29T05:53:43Z,73,wc26: conditional_knockout snapshot — R32 update (match 73 pinned),UZ,Uzbekistan,0.000000,0.000000
knockout,9697e9c8,2026-06-29T10:31:07+03:00,2026-06-29T05:53:43Z,73,wc26: conditional_knockout snapshot — R32 update (match 73 pinned),JO,Jordan,0.000000,0.000000
knockout,9697e9c8,2026-06-29T10:31:07+03:00,2026-06-29T05:53:43Z,73,wc26: conditional_knockout snapshot — R32 update (match 73 pinned),SA,Saudi Arabia,0.000000,0.000000
knockout,9697e9c8,2026-06-29T10:31:07+03:00,2026-06-29T05:53:43Z,73,wc26: conditional_knockout snapshot — R32 update (match 73 pinned),TN,Tunisia,0.000000,0.000000
knockout,9697e9c8,2026-06-29T10:31:07+03:00,2026-06-29T05:53:43Z,73,wc26: conditional_knockout snapshot — R32 update (match 73 pinned),IQ,Iraq,0.000000,0.000000
knockout,9697e9c8,2026-06-29T10:31:07+03:00,2026-06-29T05:53:43Z,73,wc26: conditional_knockout snapshot — R32 update (match 73 pinned),ZA,South Africa,0.000000,0.000000
knockout,9697e9c8,2026-06-29T10:31:07+03:00,2026-06-29T05:53:43Z,73,wc26: conditional_knockout snapshot — R32 update (match 73 pinned),NZ,New Zealand,0.000000,0.000000
knockout,9697e9c8,2026-06-29T10:31:07+03:00,2026-06-29T05:53:43Z,73,wc26: conditional_knockout snapshot — R32 update (match 73 pinned),HT,Haiti,0.000000,0.000000
knockout,9697e9c8,2026-06-29T10:31:07+03:00,2026-06-29T05:53:43Z,73,wc26: conditional_knockout snapshot — R32 update (match 73 pinned),CW,Curaçao,0.000000,0.000000
knockout,9697e9c8,2026-06-29T10:31:07+03:00,2026-06-29T05:53:43Z,73,wc26: conditional_knockout snapshot — R32 update (match 73 pinned),QA,Qatar,0.000000,0.000000
knockout,9697e9c8,2026-06-29T10:31:07+03:00,2026-06-29T05:53:43Z,73,wc26: conditional_knockout snapshot — R32 update (match 73 pinned),PY,Paraguay,0.000270,0.000491
knockout,9697e9c8,2026-06-29T10:31:07+03:00,2026-06-29T05:53:43Z,73,wc26: conditional_knockout snapshot — R32 update (match 73 pinned),CD,DR Congo,0.000000,0.000491
knockout,9697e9c8,2026-06-29T10:31:07+03:00,2026-06-29T05:53:43Z,73,wc26: conditional_knockout snapshot — R32 update (match 73 pinned),CV,Cape Verde,0.000000,0.000491
knockout,9697e9c8,2026-06-29T10:31:07+03:00,2026-06-29T05:53:43Z,73,wc26: conditional_knockout snapshot — R32 update (match 73 pinned),AT,Austria,0.000320,0.001474
knockout,9697e9c8,2026-06-29T10:31:07+03:00,2026-06-29T05:53:43Z,73,wc26: conditional_knockout snapshot — R32 update (match 73 pinned),AU,Australia,0.000260,0.001474
knockout,9697e9c8,2026-06-29T10:31:07+03:00,2026-06-29T05:53:43Z,73,wc26: conditional_knockout snapshot — R32 update (match 73 pinned),HR,Croatia,0.002220,0.003440
knockout,9697e9c8,2026-06-29T10:31:07+03:00,2026-06-29T05:53:43Z,73,wc26: conditional_knockout snapshot — R32 update (match 73 pinned),DZ,Algeria,0.000090,0.001474
knockout,9697e9c8,2026-06-29T10:31:07+03:00,2026-06-29T05:53:43Z,73,wc26: conditional_knockout snapshot — R32 update (match 73 pinned),EG,Egypt,0.000030,0.001474
knockout,9697e9c8,2026-06-29T10:31:07+03:00,2026-06-29T05:53:43Z,73,wc26: conditional_knockout snapshot — R32 update (match 73 pinned),SE,Sweden,0.000030,0.001474
knockout,9697e9c8,2026-06-29T10:31:07+03:00,2026-06-29T05:53:43Z,73,wc26: conditional_knockout snapshot — R32 update (match 73 pinned),BA,Bosnia and Herzegovina,0.000000,0.001474
knockout,9697e9c8,2026-06-29T10:31:07+03:00,2026-06-29T05:53:43Z,73,wc26: conditional_knockout snapshot — R32 update (match 73 pinned),GH,Ghana,0.000000,0.001474
knockout,9697e9c8,2026-06-29T10:31:07+03:00,2026-06-29T05:53:43Z,73,wc26: conditional_knockout snapshot — R32 update (match 73 pinned),CA,Canada,0.000250,0.002457
knockout,9697e9c8,2026-06-29T10:31:07+03:00,2026-06-29T05:53:43Z,73,wc26: conditional_knockout snapshot — R32 update (match 73 pinned),CI,Ivory Coast,0.000030,0.002457
knockout,9697e9c8,2026-06-29T10:31:07+03:00,2026-06-29T05:53:43Z,73,wc26: conditional_knockout snapshot — R32 update (match 73 pinned),SN,Senegal,0.000920,0.004423
knockout,9697e9c8,2026-06-29T10:31:07+03:00,2026-06-29T05:53:43Z,73,wc26: conditional_knockout snapshot — R32 update (match 73 pinned),EC,Ecuador,0.001630,0.005405
knockout,9697e9c8,2026-06-29T10:31:07+03:00,2026-06-29T05:53:43Z,73,wc26: conditional_knockout snapshot — R32 update (match 73 pinned),FR,France,0.220570,0.225553
knockout,9697e9c8,2026-06-29T10:31:07+03:00,2026-06-29T05:53:43Z,73,wc26: conditional_knockout snapshot — R32 update (match 73 pinned),CH,Switzerland,0.004160,0.009337
knockout,9697e9c8,2026-06-29T10:31:07+03:00,2026-06-29T05:53:43Z,73,wc26: conditional_knockout snapshot — R32 update (match 73 pinned),MX,Mexico,0.006750,0.012285
knockout,9697e9c8,2026-06-29T10:31:07+03:00,2026-06-29T05:53:43Z,73,wc26: conditional_knockout snapshot — R32 update (match 73 pinned),JP,Japan,0.003120,0.010319
knockout,9697e9c8,2026-06-29T10:31:07+03:00,2026-06-29T05:53:43Z,73,wc26: conditional_knockout snapshot — R32 update (match 73 pinned),BE,Belgium,0.002990,0.013268
knockout,9697e9c8,2026-06-29T10:31:07+03:00,2026-06-29T05:53:43Z,73,wc26: conditional_knockout snapshot — R32 update (match 73 pinned),MA,Morocco,0.002060,0.013268
knockout,9697e9c8,2026-06-29T10:31:07+03:00,2026-06-29T05:53:43Z,73,wc26: conditional_knockout snapshot — R32 update (match 73 pinned),NO,Norway,0.006140,0.019165
knockout,9697e9c8,2026-06-29T10:31:07+03:00,2026-06-29T05:53:43Z,73,wc26: conditional_knockout snapshot — R32 update (match 73 pinned),US,United States,0.004120,0.024079
knockout,9697e9c8,2026-06-29T10:31:07+03:00,2026-06-29T05:53:43Z,73,wc26: conditional_knockout snapshot — R32 update (match 73 pinned),BR,Brazil,0.032020,0.056511
knockout,9697e9c8,2026-06-29T10:31:07+03:00,2026-06-29T05:53:43Z,73,wc26: conditional_knockout snapshot — R32 update (match 73 pinned),NL,Netherlands,0.023200,0.049631
knockout,9697e9c8,2026-06-29T10:31:07+03:00,2026-06-29T05:53:43Z,73,wc26: conditional_knockout snapshot — R32 update (match 73 pinned),DE,Germany,0.004760,0.038821
knockout,9697e9c8,2026-06-29T10:31:07+03:00,2026-06-29T05:53:43Z,73,wc26: conditional_knockout snapshot — R32 update (match 73 pinned),PT,Portugal,0.017780,0.056511
knockout,9697e9c8,2026-06-29T10:31:07+03:00,2026-06-29T05:53:43Z,73,wc26: conditional_knockout snapshot — R32 update (match 73 pinned),EN,England,0.056040,0.100737
knockout,4cf1b581,2026-07-01T00:24:01+03:00,2026-06-30T19:29:20Z,76,wc26: conditional_knockout snapshot — R32 update (matches 73–76 pinned),ES,Spain,0.240180,0.111940
knockout,4cf1b581,2026-07-01T00:24:01+03:00,2026-06-30T19:29:20Z,76,wc26: conditional_knockout snapshot — R32 update (matches 73–76 pinned),AR,Argentina,0.309010,0.192537
knockout,4cf1b581,2026-07-01T00:24:01+03:00,2026-06-30T19:29:20Z,76,wc26: conditional_knockout snapshot — R32 update (matches 73–76 pinned),CO,Colombia,0.034520,0.027363
knockout,4cf1b581,2026-07-01T00:24:01+03:00,2026-06-30T19:29:20Z,76,wc26: conditional_knockout snapshot — R32 update (matches 73–76 pinned),NL,Netherlands,0.000000,0.000000
knockout,4cf1b581,2026-07-01T00:24:01+03:00,2026-06-30T19:29:20Z,76,wc26: conditional_knockout snapshot — R32 update (matches 73–76 pinned),DE,Germany,0.000000,0.000000
knockout,4cf1b581,2026-07-01T00:24:01+03:00,2026-06-30T19:29:20Z,76,wc26: conditional_knockout snapshot — R32 update (matches 73–76 pinned),JP,Japan,0.000000,0.000000
knockout,4cf1b581,2026-07-01T00:24:01+03:00,2026-06-30T19:29:20Z,76,wc26: conditional_knockout snapshot — R32 update (matches 73–76 pinned),TR,Turkey,0.000000,0.000000
knockout,4cf1b581,2026-07-01T00:24:01+03:00,2026-06-30T19:29:20Z,76,wc26: conditional_knockout snapshot — R32 update (matches 73–76 pinned),UY,Uruguay,0.000000,0.000000
knockout,4cf1b581,2026-07-01T00:24:01+03:00,2026-06-30T19:29:20Z,76,wc26: conditional_knockout snapshot — R32 update (matches 73–76 pinned),IR,Iran,0.000000,0.000000
knockout,4cf1b581,2026-07-01T00:24:01+03:00,2026-06-30T19:29:20Z,76,wc26: conditional_knockout snapshot — R32 update (matches 73–76 pinned),SQ,Scotland,0.000000,0.000000
knockout,4cf1b581,2026-07-01T00:24:01+03:00,2026-06-30T19:29:20Z,76,wc26: conditional_knockout snapshot — R32 update (matches 73–76 pinned),KR,South Korea,0.000000,0.000000
knockout,4cf1b581,2026-07-01T00:24:01+03:00,2026-06-30T19:29:20Z,76,wc26: conditional_knockout snapshot — R32 update (matches 73–76 pinned),CZ,Czech Republic,0.000000,0.000000
knockout,4cf1b581,2026-07-01T00:24:01+03:00,2026-06-30T19:29:20Z,76,wc26: conditional_knockout snapshot — R32 update (matches 73–76 pinned),PA,Panama,0.000000,0.000000
knockout,4cf1b581,2026-07-01T00:24:01+03:00,2026-06-30T19:29:20Z,76,wc26: conditional_knockout snapshot — R32 update (matches 73–76 pinned),UZ,Uzbekistan,0.000000,0.000000
knockout,4cf1b581,2026-07-01T00:24:01+03:00,2026-06-30T19:29:20Z,76,wc26: conditional_knockout snapshot — R32 update (matches 73–76 pinned),JO,Jordan,0.000000,0.000000
knockout,4cf1b581,2026-07-01T00:24:01+03:00,2026-06-30T19:29:20Z,76,wc26: conditional_knockout snapshot — R32 update (matches 73–76 pinned),SA,Saudi Arabia,0.000000,0.000000
knockout,4cf1b581,2026-07-01T00:24:01+03:00,2026-06-30T19:29:20Z,76,wc26: conditional_knockout snapshot — R32 update (matches 73–76 pinned),TN,Tunisia,0.000000,0.000000
knockout,4cf1b581,2026-07-01T00:24:01+03:00,2026-06-30T19:29:20Z,76,wc26: conditional_knockout snapshot — R32 update (matches 73–76 pinned),IQ,Iraq,0.000000,0.000000
knockout,4cf1b581,2026-07-01T00:24:01+03:00,2026-06-30T19:29:20Z,76,wc26: conditional_knockout snapshot — R32 update (matches 73–76 pinned),ZA,South Africa,0.000000,0.000000
knockout,4cf1b581,2026-07-01T00:24:01+03:00,2026-06-30T19:29:20Z,76,wc26: conditional_knockout snapshot — R32 update (matches 73–76 pinned),NZ,New Zealand,0.000000,0.000000
knockout,4cf1b581,2026-07-01T00:24:01+03:00,2026-06-30T19:29:20Z,76,wc26: conditional_knockout snapshot — R32 update (matches 73–76 pinned),HT,Haiti,0.000000,0.000000
knockout,4cf1b581,2026-07-01T00:24:01+03:00,2026-06-30T19:29:20Z,76,wc26: conditional_knockout snapshot — R32 update (matches 73–76 pinned),CW,Curaçao,0.000000,0.000000
knockout,4cf1b581,2026-07-01T00:24:01+03:00,2026-06-30T19:29:20Z,76,wc26: conditional_knockout snapshot — R32 update (matches 73–76 pinned),QA,Qatar,0.000000,0.000000
knockout,4cf1b581,2026-07-01T00:24:01+03:00,2026-06-30T19:29:20Z,76,wc26: conditional_knockout snapshot — R32 update (matches 73–76 pinned),CI,Ivory Coast,0.000020,0.000498
knockout,4cf1b581,2026-07-01T00:24:01+03:00,2026-06-30T19:29:20Z,76,wc26: conditional_knockout snapshot — R32 update (matches 73–76 pinned),CD,DR Congo,0.000000,0.000498
knockout,4cf1b581,2026-07-01T00:24:01+03:00,2026-06-30T19:29:20Z,76,wc26: conditional_knockout snapshot — R32 update (matches 73–76 pinned),BA,Bosnia and Herzegovina,0.000000,0.000498
knockout,4cf1b581,2026-07-01T00:24:01+03:00,2026-06-30T19:29:20Z,76,wc26: conditional_knockout snapshot — R32 update (matches 73–76 pinned),CV,Cape Verde,0.000000,0.000498
knockout,4cf1b581,2026-07-01T00:24:01+03:00,2026-06-30T19:29:20Z,76,wc26: conditional_knockout snapshot — R32 update (matches 73–76 pinned),GH,Ghana,0.000000,0.000498
knockout,4cf1b581,2026-07-01T00:24:01+03:00,2026-06-30T19:29:20Z,76,wc26: conditional_knockout snapshot — R32 update (matches 73–76 pinned),AT,Austria,0.000310,0.001493
knockout,4cf1b581,2026-07-01T00:24:01+03:00,2026-06-30T19:29:20Z,76,wc26: conditional_knockout snapshot — R32 update (matches 73–76 pinned),PY,Paraguay,0.001270,0.002488
knockout,4cf1b581,2026-07-01T00:24:01+03:00,2026-06-30T19:29:20Z,76,wc26: conditional_knockout snapshot — R32 update (matches 73–76 pinned),AU,Australia,0.000210,0.001493
knockout,4cf1b581,2026-07-01T00:24:01+03:00,2026-06-30T19:29:20Z,76,wc26: conditional_knockout snapshot — R32 update (matches 73–76 pinned),DZ,Algeria,0.000080,0.001493
knockout,4cf1b581,2026-07-01T00:24:01+03:00,2026-06-30T19:29:20Z,76,wc26: conditional_knockout snapshot — R32 update (matches 73–76 pinned),SE,Sweden,0.000040,0.001493
knockout,4cf1b581,2026-07-01T00:24:01+03:00,2026-06-30T19:29:20Z,76,wc26: conditional_knockout snapshot — R32 update (matches 73–76 pinned),EG,Egypt,0.000030,0.001493
knockout,4cf1b581,2026-07-01T00:24:01+03:00,2026-06-30T19:29:20Z,76,wc26: conditional_knockout snapshot — R32 update (matches 73–76 pinned),CA,Canada,0.000340,0.002488
knockout,4cf1b581,2026-07-01T00:24:01+03:00,2026-06-30T19:29:20Z,76,wc26: conditional_knockout snapshot — R32 update (matches 73–76 pinned),HR,Croatia,0.002200,0.004478
knockout,4cf1b581,2026-07-01T00:24:01+03:00,2026-06-30T19:29:20Z,76,wc26: conditional_knockout snapshot — R32 update (matches 73–76 pinned),SN,Senegal,0.000940,0.004478
knockout,4cf1b581,2026-07-01T00:24:01+03:00,2026-06-30T19:29:20Z,76,wc26: conditional_knockout snapshot — R32 update (matches 73–76 pinned),EC,Ecuador,0.001310,0.005473
knockout,4cf1b581,2026-07-01T00:24:01+03:00,2026-06-30T19:29:20Z,76,wc26: conditional_knockout snapshot — R32 update (matches 73–76 pinned),CH,Switzerland,0.003680,0.008458
knockout,4cf1b581,2026-07-01T00:24:01+03:00,2026-06-30T19:29:20Z,76,wc26: conditional_knockout snapshot — R32 update (matches 73–76 pinned),BR,Brazil,0.062580,0.070149
knockout,4cf1b581,2026-07-01T00:24:01+03:00,2026-06-30T19:29:20Z,76,wc26: conditional_knockout snapshot — R32 update (matches 73–76 pinned),BE,Belgium,0.002950,0.012438
knockout,4cf1b581,2026-07-01T00:24:01+03:00,2026-06-30T19:29:20Z,76,wc26: conditional_knockout snapshot — R32 update (matches 73–76 pinned),MX,Mexico,0.005410,0.016418
knockout,4cf1b581,2026-07-01T00:24:01+03:00,2026-06-30T19:29:20Z,76,wc26: conditional_knockout snapshot — R32 update (matches 73–76 pinned),NO,Norway,0.004560,0.024378
knockout,4cf1b581,2026-07-01T00:24:01+03:00,2026-06-30T19:29:20Z,76,wc26: conditional_knockout snapshot — R32 update (matches 73–76 pinned),US,United States,0.004110,0.030348
knockout,4cf1b581,2026-07-01T00:24:01+03:00,2026-06-30T19:29:20Z,76,wc26: conditional_knockout snapshot — R32 update (matches 73–76 pinned),FR,France,0.253230,0.282090
knockout,4cf1b581,2026-07-01T00:24:01+03:00,2026-06-30T19:29:20Z,76,wc26: conditional_knockout snapshot — R32 update (matches 73–76 pinned),MA,Morocco,0.007250,0.037313
knockout,4cf1b581,2026-07-01T00:24:01+03:00,2026-06-30T19:29:20Z,76,wc26: conditional_knockout snapshot — R32 update (matches 73–76 pinned),PT,Portugal,0.017320,0.058209
knockout,4cf1b581,2026-07-01T00:24:01+03:00,2026-06-30T19:29:20Z,76,wc26: conditional_knockout snapshot — R32 update (matches 73–76 pinned),EN,England,0.048440,0.099005
knockout,8eb2f7f7,2026-07-01T08:18:14+03:00,2026-06-30T21:29:02Z,77,wc26: conditional_knockout snapshot — R32 update (matches 73–77 pinned),ES,Spain,0.240370,0.112275
knockout,8eb2f7f7,2026-07-01T08:18:14+03:00,2026-06-30T21:29:02Z,77,wc26: conditional_knockout snapshot — R32 update (matches 73–77 pinned),AR,Argentina,0.310420,0.198104
knockout,8eb2f7f7,2026-07-01T08:18:14+03:00,2026-06-30T21:29:02Z,77,wc26: conditional_knockout snapshot — R32 update (matches 73–77 pinned),CO,Colombia,0.034730,0.027445
knockout,8eb2f7f7,2026-07-01T08:18:14+03:00,2026-06-30T21:29:02Z,77,wc26: conditional_knockout snapshot — R32 update (matches 73–77 pinned),NL,Netherlands,0.000000,0.000000
knockout,8eb2f7f7,2026-07-01T08:18:14+03:00,2026-06-30T21:29:02Z,77,wc26: conditional_knockout snapshot — R32 update (matches 73–77 pinned),DE,Germany,0.000000,0.000000
knockout,8eb2f7f7,2026-07-01T08:18:14+03:00,2026-06-30T21:29:02Z,77,wc26: conditional_knockout snapshot — R32 update (matches 73–77 pinned),JP,Japan,0.000000,0.000000
knockout,8eb2f7f7,2026-07-01T08:18:14+03:00,2026-06-30T21:29:02Z,77,wc26: conditional_knockout snapshot — R32 update (matches 73–77 pinned),TR,Turkey,0.000000,0.000000
knockout,8eb2f7f7,2026-07-01T08:18:14+03:00,2026-06-30T21:29:02Z,77,wc26: conditional_knockout snapshot — R32 update (matches 73–77 pinned),UY,Uruguay,0.000000,0.000000
knockout,8eb2f7f7,2026-07-01T08:18:14+03:00,2026-06-30T21:29:02Z,77,wc26: conditional_knockout snapshot — R32 update (matches 73–77 pinned),IR,Iran,0.000000,0.000000
knockout,8eb2f7f7,2026-07-01T08:18:14+03:00,2026-06-30T21:29:02Z,77,wc26: conditional_knockout snapshot — R32 update (matches 73–77 pinned),SQ,Scotland,0.000000,0.000000
knockout,8eb2f7f7,2026-07-01T08:18:14+03:00,2026-06-30T21:29:02Z,77,wc26: conditional_knockout snapshot — R32 update (matches 73–77 pinned),KR,South Korea,0.000000,0.000000
knockout,8eb2f7f7,2026-07-01T08:18:14+03:00,2026-06-30T21:29:02Z,77,wc26: conditional_knockout snapshot — R32 update (matches 73–77 pinned),CZ,Czech Republic,0.000000,0.000000
knockout,8eb2f7f7,2026-07-01T08:18:14+03:00,2026-06-30T21:29:02Z,77,wc26: conditional_knockout snapshot — R32 update (matches 73–77 pinned),PA,Panama,0.000000,0.000000
knockout,8eb2f7f7,2026-07-01T08:18:14+03:00,2026-06-30T21:29:02Z,77,wc26: conditional_knockout snapshot — R32 update (matches 73–77 pinned),UZ,Uzbekistan,0.000000,0.000000
knockout,8eb2f7f7,2026-07-01T08:18:14+03:00,2026-06-30T21:29:02Z,77,wc26: conditional_knockout snapshot — R32 update (matches 73–77 pinned),JO,Jordan,0.000000,0.000000
knockout,8eb2f7f7,2026-07-01T08:18:14+03:00,2026-06-30T21:29:02Z,77,wc26: conditional_knockout snapshot — R32 update (matches 73–77 pinned),SA,Saudi Arabia,0.000000,0.000000
knockout,8eb2f7f7,2026-07-01T08:18:14+03:00,2026-06-30T21:29:02Z,77,wc26: conditional_knockout snapshot — R32 update (matches 73–77 pinned),TN,Tunisia,0.000000,0.000000
knockout,8eb2f7f7,2026-07-01T08:18:14+03:00,2026-06-30T21:29:02Z,77,wc26: conditional_knockout snapshot — R32 update (matches 73–77 pinned),IQ,Iraq,0.000000,0.000000
knockout,8eb2f7f7,2026-07-01T08:18:14+03:00,2026-06-30T21:29:02Z,77,wc26: conditional_knockout snapshot — R32 update (matches 73–77 pinned),ZA,South Africa,0.000000,0.000000
knockout,8eb2f7f7,2026-07-01T08:18:14+03:00,2026-06-30T21:29:02Z,77,wc26: conditional_knockout snapshot — R32 update (matches 73–77 pinned),NZ,New Zealand,0.000000,0.000000
knockout,8eb2f7f7,2026-07-01T08:18:14+03:00,2026-06-30T21:29:02Z,77,wc26: conditional_knockout snapshot — R32 update (matches 73–77 pinned),HT,Haiti,0.000000,0.000000
knockout,8eb2f7f7,2026-07-01T08:18:14+03:00,2026-06-30T21:29:02Z,77,wc26: conditional_knockout snapshot — R32 update (matches 73–77 pinned),CW,Curaçao,0.000000,0.000000
knockout,8eb2f7f7,2026-07-01T08:18:14+03:00,2026-06-30T21:29:02Z,77,wc26: conditional_knockout snapshot — R32 update (matches 73–77 pinned),QA,Qatar,0.000000,0.000000
knockout,8eb2f7f7,2026-07-01T08:18:14+03:00,2026-06-30T21:29:02Z,77,wc26: conditional_knockout snapshot — R32 update (matches 73–77 pinned),CD,DR Congo,0.000000,0.000499
knockout,8eb2f7f7,2026-07-01T08:18:14+03:00,2026-06-30T21:29:02Z,77,wc26: conditional_knockout snapshot — R32 update (matches 73–77 pinned),BA,Bosnia and Herzegovina,0.000000,0.000499
knockout,8eb2f7f7,2026-07-01T08:18:14+03:00,2026-06-30T21:29:02Z,77,wc26: conditional_knockout snapshot — R32 update (matches 73–77 pinned),CV,Cape Verde,0.000000,0.000499
knockout,8eb2f7f7,2026-07-01T08:18:14+03:00,2026-06-30T21:29:02Z,77,wc26: conditional_knockout snapshot — R32 update (matches 73–77 pinned),GH,Ghana,0.000000,0.000499
knockout,8eb2f7f7,2026-07-01T08:18:14+03:00,2026-06-30T21:29:02Z,77,wc26: conditional_knockout snapshot — R32 update (matches 73–77 pinned),CI,Ivory Coast,0.000000,0.000499
knockout,8eb2f7f7,2026-07-01T08:18:14+03:00,2026-06-30T21:29:02Z,77,wc26: conditional_knockout snapshot — R32 update (matches 73–77 pinned),AT,Austria,0.000310,0.001497
knockout,8eb2f7f7,2026-07-01T08:18:14+03:00,2026-06-30T21:29:02Z,77,wc26: conditional_knockout snapshot — R32 update (matches 73–77 pinned),PY,Paraguay,0.001270,0.002495
knockout,8eb2f7f7,2026-07-01T08:18:14+03:00,2026-06-30T21:29:02Z,77,wc26: conditional_knockout snapshot — R32 update (matches 73–77 pinned),AU,Australia,0.000220,0.001497
knockout,8eb2f7f7,2026-07-01T08:18:14+03:00,2026-06-30T21:29:02Z,77,wc26: conditional_knockout snapshot — R32 update (matches 73–77 pinned),DZ,Algeria,0.000080,0.001497
knockout,8eb2f7f7,2026-07-01T08:18:14+03:00,2026-06-30T21:29:02Z,77,wc26: conditional_knockout snapshot — R32 update (matches 73–77 pinned),SE,Sweden,0.000040,0.001497
knockout,8eb2f7f7,2026-07-01T08:18:14+03:00,2026-06-30T21:29:02Z,77,wc26: conditional_knockout snapshot — R32 update (matches 73–77 pinned),EG,Egypt,0.000030,0.001497
knockout,8eb2f7f7,2026-07-01T08:18:14+03:00,2026-06-30T21:29:02Z,77,wc26: conditional_knockout snapshot — R32 update (matches 73–77 pinned),HR,Croatia,0.002190,0.004491
knockout,8eb2f7f7,2026-07-01T08:18:14+03:00,2026-06-30T21:29:02Z,77,wc26: conditional_knockout snapshot — R32 update (matches 73–77 pinned),CA,Canada,0.000340,0.003493
knockout,8eb2f7f7,2026-07-01T08:18:14+03:00,2026-06-30T21:29:02Z,77,wc26: conditional_knockout snapshot — R32 update (matches 73–77 pinned),EC,Ecuador,0.001290,0.005489
knockout,8eb2f7f7,2026-07-01T08:18:14+03:00,2026-06-30T21:29:02Z,77,wc26: conditional_knockout snapshot — R32 update (matches 73–77 pinned),SN,Senegal,0.000940,0.005489
knockout,8eb2f7f7,2026-07-01T08:18:14+03:00,2026-06-30T21:29:02Z,77,wc26: conditional_knockout snapshot — R32 update (matches 73–77 pinned),CH,Switzerland,0.003680,0.008483
knockout,8eb2f7f7,2026-07-01T08:18:14+03:00,2026-06-30T21:29:02Z,77,wc26: conditional_knockout snapshot — R32 update (matches 73–77 pinned),BE,Belgium,0.002990,0.012475
knockout,8eb2f7f7,2026-07-01T08:18:14+03:00,2026-06-30T21:29:02Z,77,wc26: conditional_knockout snapshot — R32 update (matches 73–77 pinned),BR,Brazil,0.056620,0.070359
knockout,8eb2f7f7,2026-07-01T08:18:14+03:00,2026-06-30T21:29:02Z,77,wc26: conditional_knockout snapshot — R32 update (matches 73–77 pinned),MX,Mexico,0.005350,0.019461
knockout,8eb2f7f7,2026-07-01T08:18:14+03:00,2026-06-30T21:29:02Z,77,wc26: conditional_knockout snapshot — R32 update (matches 73–77 pinned),FR,France,0.253760,0.267964
knockout,8eb2f7f7,2026-07-01T08:18:14+03:00,2026-06-30T21:29:02Z,77,wc26: conditional_knockout snapshot — R32 update (matches 73–77 pinned),NO,Norway,0.008020,0.024451
knockout,8eb2f7f7,2026-07-01T08:18:14+03:00,2026-06-30T21:29:02Z,77,wc26: conditional_knockout snapshot — R32 update (matches 73–77 pinned),US,United States,0.004120,0.030439
knockout,8eb2f7f7,2026-07-01T08:18:14+03:00,2026-06-30T21:29:02Z,77,wc26: conditional_knockout snapshot — R32 update (matches 73–77 pinned),MA,Morocco,0.007300,0.037425
knockout,8eb2f7f7,2026-07-01T08:18:14+03:00,2026-06-30T21:29:02Z,77,wc26: conditional_knockout snapshot — R32 update (matches 73–77 pinned),PT,Portugal,0.017410,0.060379
knockout,8eb2f7f7,2026-07-01T08:18:14+03:00,2026-06-30T21:29:02Z,77,wc26: conditional_knockout snapshot — R32 update (matches 73–77 pinned),EN,England,0.048520,0.099301
knockout,a2fb9cb3,2026-07-01T21:34:02+03:00,2026-06-30T21:29:02Z,79,wc26: conditional_knockout snapshot — R32 update (matches 73–79 pinned),ES,Spain,0.235260,0.112275
knockout,a2fb9cb3,2026-07-01T21:34:02+03:00,2026-06-30T21:29:02Z,79,wc26: conditional_knockout snapshot — R32 update (matches 73–79 pinned),AR,Argentina,0.309620,0.198104
knockout,a2fb9cb3,2026-07-01T21:34:02+03:00,2026-06-30T21:29:02Z,79,wc26: conditional_knockout snapshot — R32 update (matches 73–79 pinned),CO,Colombia,0.034630,0.027445
knockout,a2fb9cb3,2026-07-01T21:34:02+03:00,2026-06-30T21:29:02Z,79,wc26: conditional_knockout snapshot — R32 update (matches 73–79 pinned),NL,Netherlands,0.000000,0.000000
knockout,a2fb9cb3,2026-07-01T21:34:02+03:00,2026-06-30T21:29:02Z,79,wc26: conditional_knockout snapshot — R32 update (matches 73–79 pinned),DE,Germany,0.000000,0.000000
knockout,a2fb9cb3,2026-07-01T21:34:02+03:00,2026-06-30T21:29:02Z,79,wc26: conditional_knockout snapshot — R32 update (matches 73–79 pinned),JP,Japan,0.000000,0.000000
knockout,a2fb9cb3,2026-07-01T21:34:02+03:00,2026-06-30T21:29:02Z,79,wc26: conditional_knockout snapshot — R32 update (matches 73–79 pinned),TR,Turkey,0.000000,0.000000
knockout,a2fb9cb3,2026-07-01T21:34:02+03:00,2026-06-30T21:29:02Z,79,wc26: conditional_knockout snapshot — R32 update (matches 73–79 pinned),UY,Uruguay,0.000000,0.000000
knockout,a2fb9cb3,2026-07-01T21:34:02+03:00,2026-06-30T21:29:02Z,79,wc26: conditional_knockout snapshot — R32 update (matches 73–79 pinned),IR,Iran,0.000000,0.000000
knockout,a2fb9cb3,2026-07-01T21:34:02+03:00,2026-06-30T21:29:02Z,79,wc26: conditional_knockout snapshot — R32 update (matches 73–79 pinned),SQ,Scotland,0.000000,0.000000
knockout,a2fb9cb3,2026-07-01T21:34:02+03:00,2026-06-30T21:29:02Z,79,wc26: conditional_knockout snapshot — R32 update (matches 73–79 pinned),KR,South Korea,0.000000,0.000000
knockout,a2fb9cb3,2026-07-01T21:34:02+03:00,2026-06-30T21:29:02Z,79,wc26: conditional_knockout snapshot — R32 update (matches 73–79 pinned),CZ,Czech Republic,0.000000,0.000000
knockout,a2fb9cb3,2026-07-01T21:34:02+03:00,2026-06-30T21:29:02Z,79,wc26: conditional_knockout snapshot — R32 update (matches 73–79 pinned),PA,Panama,0.000000,0.000000
knockout,a2fb9cb3,2026-07-01T21:34:02+03:00,2026-06-30T21:29:02Z,79,wc26: conditional_knockout snapshot — R32 update (matches 73–79 pinned),UZ,Uzbekistan,0.000000,0.000000
knockout,a2fb9cb3,2026-07-01T21:34:02+03:00,2026-06-30T21:29:02Z,79,wc26: conditional_knockout snapshot — R32 update (matches 73–79 pinned),JO,Jordan,0.000000,0.000000
knockout,a2fb9cb3,2026-07-01T21:34:02+03:00,2026-06-30T21:29:02Z,79,wc26: conditional_knockout snapshot — R32 update (matches 73–79 pinned),SA,Saudi Arabia,0.000000,0.000000
knockout,a2fb9cb3,2026-07-01T21:34:02+03:00,2026-06-30T21:29:02Z,79,wc26: conditional_knockout snapshot — R32 update (matches 73–79 pinned),TN,Tunisia,0.000000,0.000000
knockout,a2fb9cb3,2026-07-01T21:34:02+03:00,2026-06-30T21:29:02Z,79,wc26: conditional_knockout snapshot — R32 update (matches 73–79 pinned),IQ,Iraq,0.000000,0.000000
knockout,a2fb9cb3,2026-07-01T21:34:02+03:00,2026-06-30T21:29:02Z,79,wc26: conditional_knockout snapshot — R32 update (matches 73–79 pinned),ZA,South Africa,0.000000,0.000000
knockout,a2fb9cb3,2026-07-01T21:34:02+03:00,2026-06-30T21:29:02Z,79,wc26: conditional_knockout snapshot — R32 update (matches 73–79 pinned),NZ,New Zealand,0.000000,0.000000
knockout,a2fb9cb3,2026-07-01T21:34:02+03:00,2026-06-30T21:29:02Z,79,wc26: conditional_knockout snapshot — R32 update (matches 73–79 pinned),HT,Haiti,0.000000,0.000000
knockout,a2fb9cb3,2026-07-01T21:34:02+03:00,2026-06-30T21:29:02Z,79,wc26: conditional_knockout snapshot — R32 update (matches 73–79 pinned),CW,Curaçao,0.000000,0.000000
knockout,a2fb9cb3,2026-07-01T21:34:02+03:00,2026-06-30T21:29:02Z,79,wc26: conditional_knockout snapshot — R32 update (matches 73–79 pinned),QA,Qatar,0.000000,0.000000
knockout,a2fb9cb3,2026-07-01T21:34:02+03:00,2026-06-30T21:29:02Z,79,wc26: conditional_knockout snapshot — R32 update (matches 73–79 pinned),CD,DR Congo,0.000000,0.000499
knockout,a2fb9cb3,2026-07-01T21:34:02+03:00,2026-06-30T21:29:02Z,79,wc26: conditional_knockout snapshot — R32 update (matches 73–79 pinned),CV,Cape Verde,0.000000,0.000499
knockout,a2fb9cb3,2026-07-01T21:34:02+03:00,2026-06-30T21:29:02Z,79,wc26: conditional_knockout snapshot — R32 update (matches 73–79 pinned),BA,Bosnia and Herzegovina,0.000000,0.000499
knockout,a2fb9cb3,2026-07-01T21:34:02+03:00,2026-06-30T21:29:02Z,79,wc26: conditional_knockout snapshot — R32 update (matches 73–79 pinned),GH,Ghana,0.000000,0.000499
knockout,a2fb9cb3,2026-07-01T21:34:02+03:00,2026-06-30T21:29:02Z,79,wc26: conditional_knockout snapshot — R32 update (matches 73–79 pinned),CI,Ivory Coast,0.000000,0.000499
knockout,a2fb9cb3,2026-07-01T21:34:02+03:00,2026-06-30T21:29:02Z,79,wc26: conditional_knockout snapshot — R32 update (matches 73–79 pinned),AT,Austria,0.000290,0.001497
knockout,a2fb9cb3,2026-07-01T21:34:02+03:00,2026-06-30T21:29:02Z,79,wc26: conditional_knockout snapshot — R32 update (matches 73–79 pinned),AU,Australia,0.000220,0.001497
knockout,a2fb9cb3,2026-07-01T21:34:02+03:00,2026-06-30T21:29:02Z,79,wc26: conditional_knockout snapshot — R32 update (matches 73–79 pinned),DZ,Algeria,0.000080,0.001497
knockout,a2fb9cb3,2026-07-01T21:34:02+03:00,2026-06-30T21:29:02Z,79,wc26: conditional_knockout snapshot — R32 update (matches 73–79 pinned),EG,Egypt,0.000030,0.001497
knockout,a2fb9cb3,2026-07-01T21:34:02+03:00,2026-06-30T21:29:02Z,79,wc26: conditional_knockout snapshot — R32 update (matches 73–79 pinned),PY,Paraguay,0.001000,0.002495
knockout,a2fb9cb3,2026-07-01T21:34:02+03:00,2026-06-30T21:29:02Z,79,wc26: conditional_knockout snapshot — R32 update (matches 73–79 pinned),SE,Sweden,0.000000,0.001497
knockout,a2fb9cb3,2026-07-01T21:34:02+03:00,2026-06-30T21:29:02Z,79,wc26: conditional_knockout snapshot — R32 update (matches 73–79 pinned),FR,France,0.266410,0.267964
knockout,a2fb9cb3,2026-07-01T21:34:02+03:00,2026-06-30T21:29:02Z,79,wc26: conditional_knockout snapshot — R32 update (matches 73–79 pinned),HR,Croatia,0.002050,0.004491
knockout,a2fb9cb3,2026-07-01T21:34:02+03:00,2026-06-30T21:29:02Z,79,wc26: conditional_knockout snapshot — R32 update (matches 73–79 pinned),CA,Canada,0.000290,0.003493
knockout,a2fb9cb3,2026-07-01T21:34:02+03:00,2026-06-30T21:29:02Z,79,wc26: conditional_knockout snapshot — R32 update (matches 73–79 pinned),SN,Senegal,0.000860,0.005489
knockout,a2fb9cb3,2026-07-01T21:34:02+03:00,2026-06-30T21:29:02Z,79,wc26: conditional_knockout snapshot — R32 update (matches 73–79 pinned),CH,Switzerland,0.003650,0.008483
knockout,a2fb9cb3,2026-07-01T21:34:02+03:00,2026-06-30T21:29:02Z,79,wc26: conditional_knockout snapshot — R32 update (matches 73–79 pinned),EC,Ecuador,0.000000,0.005489
knockout,a2fb9cb3,2026-07-01T21:34:02+03:00,2026-06-30T21:29:02Z,79,wc26: conditional_knockout snapshot — R32 update (matches 73–79 pinned),BE,Belgium,0.002780,0.012475
knockout,a2fb9cb3,2026-07-01T21:34:02+03:00,2026-06-30T21:29:02Z,79,wc26: conditional_knockout snapshot — R32 update (matches 73–79 pinned),MX,Mexico,0.007600,0.019461
knockout,a2fb9cb3,2026-07-01T21:34:02+03:00,2026-06-30T21:29:02Z,79,wc26: conditional_knockout snapshot — R32 update (matches 73–79 pinned),BR,Brazil,0.056760,0.070359
knockout,a2fb9cb3,2026-07-01T21:34:02+03:00,2026-06-30T21:29:02Z,79,wc26: conditional_knockout snapshot — R32 update (matches 73–79 pinned),NO,Norway,0.008030,0.024451
knockout,a2fb9cb3,2026-07-01T21:34:02+03:00,2026-06-30T21:29:02Z,79,wc26: conditional_knockout snapshot — R32 update (matches 73–79 pinned),US,United States,0.003850,0.030439
knockout,a2fb9cb3,2026-07-01T21:34:02+03:00,2026-06-30T21:29:02Z,79,wc26: conditional_knockout snapshot — R32 update (matches 73–79 pinned),MA,Morocco,0.006580,0.037425
knockout,a2fb9cb3,2026-07-01T21:34:02+03:00,2026-06-30T21:29:02Z,79,wc26: conditional_knockout snapshot — R32 update (matches 73–79 pinned),PT,Portugal,0.016630,0.060379
knockout,a2fb9cb3,2026-07-01T21:34:02+03:00,2026-06-30T21:29:02Z,79,wc26: conditional_knockout snapshot — R32 update (matches 73–79 pinned),EN,England,0.043380,0.099301
knockout,09a2e1dc,2026-07-02T11:34:48+03:00,2026-07-02T07:56:41Z,82,wc26: conditional_knockout snapshot — R32 update (matches 73–82 pinned),AR,Argentina,0.301450,0.179423
knockout,09a2e1dc,2026-07-02T11:34:48+03:00,2026-07-02T07:56:41Z,82,wc26: conditional_knockout snapshot — R32 update (matches 73–82 pinned),ES,Spain,0.219410,0.098907
knockout,09a2e1dc,2026-07-02T11:34:48+03:00,2026-07-02T07:56:41Z,82,wc26: conditional_knockout snapshot — R32 update (matches 73–82 pinned),CO,Colombia,0.033030,0.024354
knockout,09a2e1dc,2026-07-02T11:34:48+03:00,2026-07-02T07:56:41Z,82,wc26: conditional_knockout snapshot — R32 update (matches 73–82 pinned),NL,Netherlands,0.000000,0.000000
knockout,09a2e1dc,2026-07-02T11:34:48+03:00,2026-07-02T07:56:41Z,82,wc26: conditional_knockout snapshot — R32 update (matches 73–82 pinned),DE,Germany,0.000000,0.000000
knockout,09a2e1dc,2026-07-02T11:34:48+03:00,2026-07-02T07:56:41Z,82,wc26: conditional_knockout snapshot — R32 update (matches 73–82 pinned),JP,Japan,0.000000,0.000000
knockout,09a2e1dc,2026-07-02T11:34:48+03:00,2026-07-02T07:56:41Z,82,wc26: conditional_knockout snapshot — R32 update (matches 73–82 pinned),EC,Ecuador,0.000000,0.000000
knockout,09a2e1dc,2026-07-02T11:34:48+03:00,2026-07-02T07:56:41Z,82,wc26: conditional_knockout snapshot — R32 update (matches 73–82 pinned),TR,Turkey,0.000000,0.000000
knockout,09a2e1dc,2026-07-02T11:34:48+03:00,2026-07-02T07:56:41Z,82,wc26: conditional_knockout snapshot — R32 update (matches 73–82 pinned),UY,Uruguay,0.000000,0.000000
knockout,09a2e1dc,2026-07-02T11:34:48+03:00,2026-07-02T07:56:41Z,82,wc26: conditional_knockout snapshot — R32 update (matches 73–82 pinned),SN,Senegal,0.000000,0.000000
knockout,09a2e1dc,2026-07-02T11:34:48+03:00,2026-07-02T07:56:41Z,82,wc26: conditional_knockout snapshot — R32 update (matches 73–82 pinned),IR,Iran,0.000000,0.000000
knockout,09a2e1dc,2026-07-02T11:34:48+03:00,2026-07-02T07:56:41Z,82,wc26: conditional_knockout snapshot — R32 update (matches 73–82 pinned),SQ,Scotland,0.000000,0.000000
knockout,09a2e1dc,2026-07-02T11:34:48+03:00,2026-07-02T07:56:41Z,82,wc26: conditional_knockout snapshot — R32 update (matches 73–82 pinned),SE,Sweden,0.000000,0.000000
knockout,09a2e1dc,2026-07-02T11:34:48+03:00,2026-07-02T07:56:41Z,82,wc26: conditional_knockout snapshot — R32 update (matches 73–82 pinned),CI,Ivory Coast,0.000000,0.000000
knockout,09a2e1dc,2026-07-02T11:34:48+03:00,2026-07-02T07:56:41Z,82,wc26: conditional_knockout snapshot — R32 update (matches 73–82 pinned),KR,South Korea,0.000000,0.000000
knockout,09a2e1dc,2026-07-02T11:34:48+03:00,2026-07-02T07:56:41Z,82,wc26: conditional_knockout snapshot — R32 update (matches 73–82 pinned),CD,DR Congo,0.000000,0.000000
knockout,09a2e1dc,2026-07-02T11:34:48+03:00,2026-07-02T07:56:41Z,82,wc26: conditional_knockout snapshot — R32 update (matches 73–82 pinned),CZ,Czech Republic,0.000000,0.000000
knockout,09a2e1dc,2026-07-02T11:34:48+03:00,2026-07-02T07:56:41Z,82,wc26: conditional_knockout snapshot — R32 update (matches 73–82 pinned),PA,Panama,0.000000,0.000000
knockout,09a2e1dc,2026-07-02T11:34:48+03:00,2026-07-02T07:56:41Z,82,wc26: conditional_knockout snapshot — R32 update (matches 73–82 pinned),UZ,Uzbekistan,0.000000,0.000000
knockout,09a2e1dc,2026-07-02T11:34:48+03:00,2026-07-02T07:56:41Z,82,wc26: conditional_knockout snapshot — R32 update (matches 73–82 pinned),JO,Jordan,0.000000,0.000000
knockout,09a2e1dc,2026-07-02T11:34:48+03:00,2026-07-02T07:56:41Z,82,wc26: conditional_knockout snapshot — R32 update (matches 73–82 pinned),BA,Bosnia and Herzegovina,0.000000,0.000000
knockout,09a2e1dc,2026-07-02T11:34:48+03:00,2026-07-02T07:56:41Z,82,wc26: conditional_knockout snapshot — R32 update (matches 73–82 pinned),SA,Saudi Arabia,0.000000,0.000000
knockout,09a2e1dc,2026-07-02T11:34:48+03:00,2026-07-02T07:56:41Z,82,wc26: conditional_knockout snapshot — R32 update (matches 73–82 pinned),TN,Tunisia,0.000000,0.000000
knockout,09a2e1dc,2026-07-02T11:34:48+03:00,2026-07-02T07:56:41Z,82,wc26: conditional_knockout snapshot — R32 update (matches 73–82 pinned),IQ,Iraq,0.000000,0.000000
knockout,09a2e1dc,2026-07-02T11:34:48+03:00,2026-07-02T07:56:41Z,82,wc26: conditional_knockout snapshot — R32 update (matches 73–82 pinned),ZA,South Africa,0.000000,0.000000
knockout,09a2e1dc,2026-07-02T11:34:48+03:00,2026-07-02T07:56:41Z,82,wc26: conditional_knockout snapshot — R32 update (matches 73–82 pinned),NZ,New Zealand,0.000000,0.000000
knockout,09a2e1dc,2026-07-02T11:34:48+03:00,2026-07-02T07:56:41Z,82,wc26: conditional_knockout snapshot — R32 update (matches 73–82 pinned),HT,Haiti,0.000000,0.000000
knockout,09a2e1dc,2026-07-02T11:34:48+03:00,2026-07-02T07:56:41Z,82,wc26: conditional_knockout snapshot — R32 update (matches 73–82 pinned),CW,Curaçao,0.000000,0.000000
knockout,09a2e1dc,2026-07-02T11:34:48+03:00,2026-07-02T07:56:41Z,82,wc26: conditional_knockout snapshot — R32 update (matches 73–82 pinned),QA,Qatar,0.000000,0.000000
knockout,09a2e1dc,2026-07-02T11:34:48+03:00,2026-07-02T07:56:41Z,82,wc26: conditional_knockout snapshot — R32 update (matches 73–82 pinned),DZ,Algeria,0.000070,0.000497
knockout,09a2e1dc,2026-07-02T11:34:48+03:00,2026-07-02T07:56:41Z,82,wc26: conditional_knockout snapshot — R32 update (matches 73–82 pinned),CV,Cape Verde,0.000000,0.000497
knockout,09a2e1dc,2026-07-02T11:34:48+03:00,2026-07-02T07:56:41Z,82,wc26: conditional_knockout snapshot — R32 update (matches 73–82 pinned),PY,Paraguay,0.000890,0.001491
knockout,09a2e1dc,2026-07-02T11:34:48+03:00,2026-07-02T07:56:41Z,82,wc26: conditional_knockout snapshot — R32 update (matches 73–82 pinned),AT,Austria,0.000230,0.001491
knockout,09a2e1dc,2026-07-02T11:34:48+03:00,2026-07-02T07:56:41Z,82,wc26: conditional_knockout snapshot — R32 update (matches 73–82 pinned),AU,Australia,0.000200,0.001491
knockout,09a2e1dc,2026-07-02T11:34:48+03:00,2026-07-02T07:56:41Z,82,wc26: conditional_knockout snapshot — R32 update (matches 73–82 pinned),EG,Egypt,0.000030,0.001491
knockout,09a2e1dc,2026-07-02T11:34:48+03:00,2026-07-02T07:56:41Z,82,wc26: conditional_knockout snapshot — R32 update (matches 73–82 pinned),GH,Ghana,0.000000,0.001491
knockout,09a2e1dc,2026-07-02T11:34:48+03:00,2026-07-02T07:56:41Z,82,wc26: conditional_knockout snapshot — R32 update (matches 73–82 pinned),HR,Croatia,0.001710,0.003479
knockout,09a2e1dc,2026-07-02T11:34:48+03:00,2026-07-02T07:56:41Z,82,wc26: conditional_knockout snapshot — R32 update (matches 73–82 pinned),CA,Canada,0.000260,0.002485
knockout,09a2e1dc,2026-07-02T11:34:48+03:00,2026-07-02T07:56:41Z,82,wc26: conditional_knockout snapshot — R32 update (matches 73–82 pinned),CH,Switzerland,0.003410,0.007455
knockout,09a2e1dc,2026-07-02T11:34:48+03:00,2026-07-02T07:56:41Z,82,wc26: conditional_knockout snapshot — R32 update (matches 73–82 pinned),BE,Belgium,0.006420,0.015408
knockout,09a2e1dc,2026-07-02T11:34:48+03:00,2026-07-02T07:56:41Z,82,wc26: conditional_knockout snapshot — R32 update (matches 73–82 pinned),BR,Brazil,0.052420,0.064115
knockout,09a2e1dc,2026-07-02T11:34:48+03:00,2026-07-02T07:56:41Z,82,wc26: conditional_knockout snapshot — R32 update (matches 73–82 pinned),NO,Norway,0.007120,0.019384
knockout,09a2e1dc,2026-07-02T11:34:48+03:00,2026-07-02T07:56:41Z,82,wc26: conditional_knockout snapshot — R32 update (matches 73–82 pinned),MA,Morocco,0.006030,0.024354
knockout,09a2e1dc,2026-07-02T11:34:48+03:00,2026-07-02T07:56:41Z,82,wc26: conditional_knockout snapshot — R32 update (matches 73–82 pinned),US,United States,0.004880,0.027336
knockout,09a2e1dc,2026-07-02T11:34:48+03:00,2026-07-02T07:56:41Z,82,wc26: conditional_knockout snapshot — R32 update (matches 73–82 pinned),MX,Mexico,0.012010,0.035288
knockout,09a2e1dc,2026-07-02T11:34:48+03:00,2026-07-02T07:56:41Z,82,wc26: conditional_knockout snapshot — R32 update (matches 73–82 pinned),EN,England,0.046380,0.082008
knockout,09a2e1dc,2026-07-02T11:34:48+03:00,2026-07-02T07:56:41Z,82,wc26: conditional_knockout snapshot — R32 update (matches 73–82 pinned),PT,Portugal,0.014570,0.058151
knockout,09a2e1dc,2026-07-02T11:34:48+03:00,2026-07-02T07:56:41Z,82,wc26: conditional_knockout snapshot — R32 update (matches 73–82 pinned),FR,France,0.289480,0.349404
knockout,2b21a785,2026-07-03T12:55:01+03:00,2026-07-03T09:18:05Z,85,wc26: conditional_knockout snapshot — R32 update (matches 73–85 pinned),ES,Spain,0.249360,0.123686
knockout,2b21a785,2026-07-03T12:55:01+03:00,2026-07-03T09:18:05Z,85,wc26: conditional_knockout snapshot — R32 update (matches 73–85 pinned),AR,Argentina,0.292750,0.192789
knockout,2b21a785,2026-07-03T12:55:01+03:00,2026-07-03T09:18:05Z,85,wc26: conditional_knockout snapshot — R32 update (matches 73–85 pinned),CO,Colombia,0.029050,0.022534
knockout,2b21a785,2026-07-03T12:55:01+03:00,2026-07-03T09:18:05Z,85,wc26: conditional_knockout snapshot — R32 update (matches 73–85 pinned),NL,Netherlands,0.000000,0.000000
knockout,2b21a785,2026-07-03T12:55:01+03:00,2026-07-03T09:18:05Z,85,wc26: conditional_knockout snapshot — R32 update (matches 73–85 pinned),DE,Germany,0.000000,0.000000
knockout,2b21a785,2026-07-03T12:55:01+03:00,2026-07-03T09:18:05Z,85,wc26: conditional_knockout snapshot — R32 update (matches 73–85 pinned),JP,Japan,0.000000,0.000000
knockout,2b21a785,2026-07-03T12:55:01+03:00,2026-07-03T09:18:05Z,85,wc26: conditional_knockout snapshot — R32 update (matches 73–85 pinned),HR,Croatia,0.000000,0.000000
knockout,2b21a785,2026-07-03T12:55:01+03:00,2026-07-03T09:18:05Z,85,wc26: conditional_knockout snapshot — R32 update (matches 73–85 pinned),EC,Ecuador,0.000000,0.000000
knockout,2b21a785,2026-07-03T12:55:01+03:00,2026-07-03T09:18:05Z,85,wc26: conditional_knockout snapshot — R32 update (matches 73–85 pinned),TR,Turkey,0.000000,0.000000
knockout,2b21a785,2026-07-03T12:55:01+03:00,2026-07-03T09:18:05Z,85,wc26: conditional_knockout snapshot — R32 update (matches 73–85 pinned),UY,Uruguay,0.000000,0.000000
knockout,2b21a785,2026-07-03T12:55:01+03:00,2026-07-03T09:18:05Z,85,wc26: conditional_knockout snapshot — R32 update (matches 73–85 pinned),AT,Austria,0.000000,0.000000
knockout,2b21a785,2026-07-03T12:55:01+03:00,2026-07-03T09:18:05Z,85,wc26: conditional_knockout snapshot — R32 update (matches 73–85 pinned),SN,Senegal,0.000000,0.000000
knockout,2b21a785,2026-07-03T12:55:01+03:00,2026-07-03T09:18:05Z,85,wc26: conditional_knockout snapshot — R32 update (matches 73–85 pinned),DZ,Algeria,0.000000,0.000000
knockout,2b21a785,2026-07-03T12:55:01+03:00,2026-07-03T09:18:05Z,85,wc26: conditional_knockout snapshot — R32 update (matches 73–85 pinned),IR,Iran,0.000000,0.000000
knockout,2b21a785,2026-07-03T12:55:01+03:00,2026-07-03T09:18:05Z,85,wc26: conditional_knockout snapshot — R32 update (matches 73–85 pinned),SQ,Scotland,0.000000,0.000000
knockout,2b21a785,2026-07-03T12:55:01+03:00,2026-07-03T09:18:05Z,85,wc26: conditional_knockout snapshot — R32 update (matches 73–85 pinned),SE,Sweden,0.000000,0.000000
knockout,2b21a785,2026-07-03T12:55:01+03:00,2026-07-03T09:18:05Z,85,wc26: conditional_knockout snapshot — R32 update (matches 73–85 pinned),CI,Ivory Coast,0.000000,0.000000
knockout,2b21a785,2026-07-03T12:55:01+03:00,2026-07-03T09:18:05Z,85,wc26: conditional_knockout snapshot — R32 update (matches 73–85 pinned),KR,South Korea,0.000000,0.000000
knockout,2b21a785,2026-07-03T12:55:01+03:00,2026-07-03T09:18:05Z,85,wc26: conditional_knockout snapshot — R32 update (matches 73–85 pinned),CD,DR Congo,0.000000,0.000000
knockout,2b21a785,2026-07-03T12:55:01+03:00,2026-07-03T09:18:05Z,85,wc26: conditional_knockout snapshot — R32 update (matches 73–85 pinned),CZ,Czech Republic,0.000000,0.000000
knockout,2b21a785,2026-07-03T12:55:01+03:00,2026-07-03T09:18:05Z,85,wc26: conditional_knockout snapshot — R32 update (matches 73–85 pinned),PA,Panama,0.000000,0.000000
knockout,2b21a785,2026-07-03T12:55:01+03:00,2026-07-03T09:18:05Z,85,wc26: conditional_knockout snapshot — R32 update (matches 73–85 pinned),UZ,Uzbekistan,0.000000,0.000000
knockout,2b21a785,2026-07-03T12:55:01+03:00,2026-07-03T09:18:05Z,85,wc26: conditional_knockout snapshot — R32 update (matches 73–85 pinned),JO,Jordan,0.000000,0.000000
knockout,2b21a785,2026-07-03T12:55:01+03:00,2026-07-03T09:18:05Z,85,wc26: conditional_knockout snapshot — R32 update (matches 73–85 pinned),BA,Bosnia and Herzegovina,0.000000,0.000000
knockout,2b21a785,2026-07-03T12:55:01+03:00,2026-07-03T09:18:05Z,85,wc26: conditional_knockout snapshot — R32 update (matches 73–85 pinned),SA,Saudi Arabia,0.000000,0.000000
knockout,2b21a785,2026-07-03T12:55:01+03:00,2026-07-03T09:18:05Z,85,wc26: conditional_knockout snapshot — R32 update (matches 73–85 pinned),TN,Tunisia,0.000000,0.000000
knockout,2b21a785,2026-07-03T12:55:01+03:00,2026-07-03T09:18:05Z,85,wc26: conditional_knockout snapshot — R32 update (matches 73–85 pinned),IQ,Iraq,0.000000,0.000000
knockout,2b21a785,2026-07-03T12:55:01+03:00,2026-07-03T09:18:05Z,85,wc26: conditional_knockout snapshot — R32 update (matches 73–85 pinned),ZA,South Africa,0.000000,0.000000
knockout,2b21a785,2026-07-03T12:55:01+03:00,2026-07-03T09:18:05Z,85,wc26: conditional_knockout snapshot — R32 update (matches 73–85 pinned),NZ,New Zealand,0.000000,0.000000
knockout,2b21a785,2026-07-03T12:55:01+03:00,2026-07-03T09:18:05Z,85,wc26: conditional_knockout snapshot — R32 update (matches 73–85 pinned),HT,Haiti,0.000000,0.000000
knockout,2b21a785,2026-07-03T12:55:01+03:00,2026-07-03T09:18:05Z,85,wc26: conditional_knockout snapshot — R32 update (matches 73–85 pinned),CW,Curaçao,0.000000,0.000000
knockout,2b21a785,2026-07-03T12:55:01+03:00,2026-07-03T09:18:05Z,85,wc26: conditional_knockout snapshot — R32 update (matches 73–85 pinned),QA,Qatar,0.000000,0.000000
knockout,2b21a785,2026-07-03T12:55:01+03:00,2026-07-03T09:18:05Z,85,wc26: conditional_knockout snapshot — R32 update (matches 73–85 pinned),CV,Cape Verde,0.000000,0.000501
knockout,2b21a785,2026-07-03T12:55:01+03:00,2026-07-03T09:18:05Z,85,wc26: conditional_knockout snapshot — R32 update (matches 73–85 pinned),GH,Ghana,0.000000,0.000501
knockout,2b21a785,2026-07-03T12:55:01+03:00,2026-07-03T09:18:05Z,85,wc26: conditional_knockout snapshot — R32 update (matches 73–85 pinned),PY,Paraguay,0.000750,0.001502
knockout,2b21a785,2026-07-03T12:55:01+03:00,2026-07-03T09:18:05Z,85,wc26: conditional_knockout snapshot — R32 update (matches 73–85 pinned),AU,Australia,0.000170,0.001502
knockout,2b21a785,2026-07-03T12:55:01+03:00,2026-07-03T09:18:05Z,85,wc26: conditional_knockout snapshot — R32 update (matches 73–85 pinned),EG,Egypt,0.000020,0.001502
knockout,2b21a785,2026-07-03T12:55:01+03:00,2026-07-03T09:18:05Z,85,wc26: conditional_knockout snapshot — R32 update (matches 73–85 pinned),CA,Canada,0.000210,0.002504
knockout,2b21a785,2026-07-03T12:55:01+03:00,2026-07-03T09:18:05Z,85,wc26: conditional_knockout snapshot — R32 update (matches 73–85 pinned),CH,Switzerland,0.004470,0.008513
knockout,2b21a785,2026-07-03T12:55:01+03:00,2026-07-03T09:18:05Z,85,wc26: conditional_knockout snapshot — R32 update (matches 73–85 pinned),BE,Belgium,0.005260,0.012519
knockout,2b21a785,2026-07-03T12:55:01+03:00,2026-07-03T09:18:05Z,85,wc26: conditional_knockout snapshot — R32 update (matches 73–85 pinned),NO,Norway,0.006740,0.018528
knockout,2b21a785,2026-07-03T12:55:01+03:00,2026-07-03T09:18:05Z,85,wc26: conditional_knockout snapshot — R32 update (matches 73–85 pinned),BR,Brazil,0.050230,0.062594
knockout,2b21a785,2026-07-03T12:55:01+03:00,2026-07-03T09:18:05Z,85,wc26: conditional_knockout snapshot — R32 update (matches 73–85 pinned),MA,Morocco,0.005210,0.023535
knockout,2b21a785,2026-07-03T12:55:01+03:00,2026-07-03T09:18:05Z,85,wc26: conditional_knockout snapshot — R32 update (matches 73–85 pinned),MX,Mexico,0.011340,0.031547
knockout,2b21a785,2026-07-03T12:55:01+03:00,2026-07-03T09:18:05Z,85,wc26: conditional_knockout snapshot — R32 update (matches 73–85 pinned),US,United States,0.003940,0.025538
knockout,2b21a785,2026-07-03T12:55:01+03:00,2026-07-03T09:18:05Z,85,wc26: conditional_knockout snapshot — R32 update (matches 73–85 pinned),EN,England,0.044420,0.072609
knockout,2b21a785,2026-07-03T12:55:01+03:00,2026-07-03T09:18:05Z,85,wc26: conditional_knockout snapshot — R32 update (matches 73–85 pinned),PT,Portugal,0.025350,0.062594
knockout,2b21a785,2026-07-03T12:55:01+03:00,2026-07-03T09:18:05Z,85,wc26: conditional_knockout snapshot — R32 update (matches 73–85 pinned),FR,France,0.270720,0.335003
knockout,0ef80148,2026-07-04T10:00:50+03:00,2026-07-03T20:20:49Z,85,wc26: conditional_knockout snapshot — Elo + market refresh (85 results pinned),ES,Spain,0.249710,0.128052
knockout,0ef80148,2026-07-04T10:00:50+03:00,2026-07-03T20:20:49Z,85,wc26: conditional_knockout snapshot — Elo + market refresh (85 results pinned),AR,Argentina,0.290220,0.192825
knockout,0ef80148,2026-07-04T10:00:50+03:00,2026-07-03T20:20:49Z,85,wc26: conditional_knockout snapshot — Elo + market refresh (85 results pinned),CO,Colombia,0.026940,0.023418
knockout,0ef80148,2026-07-04T10:00:50+03:00,2026-07-03T20:20:49Z,85,wc26: conditional_knockout snapshot — Elo + market refresh (85 results pinned),NL,Netherlands,0.000000,0.000000
knockout,0ef80148,2026-07-04T10:00:50+03:00,2026-07-03T20:20:49Z,85,wc26: conditional_knockout snapshot — Elo + market refresh (85 results pinned),DE,Germany,0.000000,0.000000
knockout,0ef80148,2026-07-04T10:00:50+03:00,2026-07-03T20:20:49Z,85,wc26: conditional_knockout snapshot — Elo + market refresh (85 results pinned),JP,Japan,0.000000,0.000000
knockout,0ef80148,2026-07-04T10:00:50+03:00,2026-07-03T20:20:49Z,85,wc26: conditional_knockout snapshot — Elo + market refresh (85 results pinned),HR,Croatia,0.000000,0.000000
knockout,0ef80148,2026-07-04T10:00:50+03:00,2026-07-03T20:20:49Z,85,wc26: conditional_knockout snapshot — Elo + market refresh (85 results pinned),EC,Ecuador,0.000000,0.000000
knockout,0ef80148,2026-07-04T10:00:50+03:00,2026-07-03T20:20:49Z,85,wc26: conditional_knockout snapshot — Elo + market refresh (85 results pinned),TR,Turkey,0.000000,0.000000
knockout,0ef80148,2026-07-04T10:00:50+03:00,2026-07-03T20:20:49Z,85,wc26: conditional_knockout snapshot — Elo + market refresh (85 results pinned),UY,Uruguay,0.000000,0.000000
knockout,0ef80148,2026-07-04T10:00:50+03:00,2026-07-03T20:20:49Z,85,wc26: conditional_knockout snapshot — Elo + market refresh (85 results pinned),AT,Austria,0.000000,0.000000
knockout,0ef80148,2026-07-04T10:00:50+03:00,2026-07-03T20:20:49Z,85,wc26: conditional_knockout snapshot — Elo + market refresh (85 results pinned),SN,Senegal,0.000000,0.000000
knockout,0ef80148,2026-07-04T10:00:50+03:00,2026-07-03T20:20:49Z,85,wc26: conditional_knockout snapshot — Elo + market refresh (85 results pinned),IR,Iran,0.000000,0.000000
knockout,0ef80148,2026-07-04T10:00:50+03:00,2026-07-03T20:20:49Z,85,wc26: conditional_knockout snapshot — Elo + market refresh (85 results pinned),DZ,Algeria,0.000000,0.000000
knockout,0ef80148,2026-07-04T10:00:50+03:00,2026-07-03T20:20:49Z,85,wc26: conditional_knockout snapshot — Elo + market refresh (85 results pinned),SQ,Scotland,0.000000,0.000000
knockout,0ef80148,2026-07-04T10:00:50+03:00,2026-07-03T20:20:49Z,85,wc26: conditional_knockout snapshot — Elo + market refresh (85 results pinned),SE,Sweden,0.000000,0.000000
knockout,0ef80148,2026-07-04T10:00:50+03:00,2026-07-03T20:20:49Z,85,wc26: conditional_knockout snapshot — Elo + market refresh (85 results pinned),CI,Ivory Coast,0.000000,0.000000
knockout,0ef80148,2026-07-04T10:00:50+03:00,2026-07-03T20:20:49Z,85,wc26: conditional_knockout snapshot — Elo + market refresh (85 results pinned),KR,South Korea,0.000000,0.000000
knockout,0ef80148,2026-07-04T10:00:50+03:00,2026-07-03T20:20:49Z,85,wc26: conditional_knockout snapshot — Elo + market refresh (85 results pinned),CD,DR Congo,0.000000,0.000000
knockout,0ef80148,2026-07-04T10:00:50+03:00,2026-07-03T20:20:49Z,85,wc26: conditional_knockout snapshot — Elo + market refresh (85 results pinned),CZ,Czech Republic,0.000000,0.000000
knockout,0ef80148,2026-07-04T10:00:50+03:00,2026-07-03T20:20:49Z,85,wc26: conditional_knockout snapshot — Elo + market refresh (85 results pinned),PA,Panama,0.000000,0.000000
knockout,0ef80148,2026-07-04T10:00:50+03:00,2026-07-03T20:20:49Z,85,wc26: conditional_knockout snapshot — Elo + market refresh (85 results pinned),UZ,Uzbekistan,0.000000,0.000000
knockout,0ef80148,2026-07-04T10:00:50+03:00,2026-07-03T20:20:49Z,85,wc26: conditional_knockout snapshot — Elo + market refresh (85 results pinned),JO,Jordan,0.000000,0.000000
knockout,0ef80148,2026-07-04T10:00:50+03:00,2026-07-03T20:20:49Z,85,wc26: conditional_knockout snapshot — Elo + market refresh (85 results pinned),BA,Bosnia and Herzegovina,0.000000,0.000000
knockout,0ef80148,2026-07-04T10:00:50+03:00,2026-07-03T20:20:49Z,85,wc26: conditional_knockout snapshot — Elo + market refresh (85 results pinned),SA,Saudi Arabia,0.000000,0.000000
knockout,0ef80148,2026-07-04T10:00:50+03:00,2026-07-03T20:20:49Z,85,wc26: conditional_knockout snapshot — Elo + market refresh (85 results pinned),TN,Tunisia,0.000000,0.000000
knockout,0ef80148,2026-07-04T10:00:50+03:00,2026-07-03T20:20:49Z,85,wc26: conditional_knockout snapshot — Elo + market refresh (85 results pinned),IQ,Iraq,0.000000,0.000000
knockout,0ef80148,2026-07-04T10:00:50+03:00,2026-07-03T20:20:49Z,85,wc26: conditional_knockout snapshot — Elo + market refresh (85 results pinned),ZA,South Africa,0.000000,0.000000
knockout,0ef80148,2026-07-04T10:00:50+03:00,2026-07-03T20:20:49Z,85,wc26: conditional_knockout snapshot — Elo + market refresh (85 results pinned),NZ,New Zealand,0.000000,0.000000
knockout,0ef80148,2026-07-04T10:00:50+03:00,2026-07-03T20:20:49Z,85,wc26: conditional_knockout snapshot — Elo + market refresh (85 results pinned),HT,Haiti,0.000000,0.000000
knockout,0ef80148,2026-07-04T10:00:50+03:00,2026-07-03T20:20:49Z,85,wc26: conditional_knockout snapshot — Elo + market refresh (85 results pinned),CW,Curaçao,0.000000,0.000000
knockout,0ef80148,2026-07-04T10:00:50+03:00,2026-07-03T20:20:49Z,85,wc26: conditional_knockout snapshot — Elo + market refresh (85 results pinned),QA,Qatar,0.000000,0.000000
knockout,0ef80148,2026-07-04T10:00:50+03:00,2026-07-03T20:20:49Z,85,wc26: conditional_knockout snapshot — Elo + market refresh (85 results pinned),AU,Australia,0.000170,0.000498
knockout,0ef80148,2026-07-04T10:00:50+03:00,2026-07-03T20:20:49Z,85,wc26: conditional_knockout snapshot — Elo + market refresh (85 results pinned),CV,Cape Verde,0.000000,0.000498
knockout,0ef80148,2026-07-04T10:00:50+03:00,2026-07-03T20:20:49Z,85,wc26: conditional_knockout snapshot — Elo + market refresh (85 results pinned),GH,Ghana,0.000000,0.000498
knockout,0ef80148,2026-07-04T10:00:50+03:00,2026-07-03T20:20:49Z,85,wc26: conditional_knockout snapshot — Elo + market refresh (85 results pinned),CH,Switzerland,0.007920,0.008470
knockout,0ef80148,2026-07-04T10:00:50+03:00,2026-07-03T20:20:49Z,85,wc26: conditional_knockout snapshot — Elo + market refresh (85 results pinned),PY,Paraguay,0.000750,0.001495
knockout,0ef80148,2026-07-04T10:00:50+03:00,2026-07-03T20:20:49Z,85,wc26: conditional_knockout snapshot — Elo + market refresh (85 results pinned),EG,Egypt,0.000020,0.001495
knockout,0ef80148,2026-07-04T10:00:50+03:00,2026-07-03T20:20:49Z,85,wc26: conditional_knockout snapshot — Elo + market refresh (85 results pinned),CA,Canada,0.000210,0.002491
knockout,0ef80148,2026-07-04T10:00:50+03:00,2026-07-03T20:20:49Z,85,wc26: conditional_knockout snapshot — Elo + market refresh (85 results pinned),BE,Belgium,0.005300,0.012456
knockout,0ef80148,2026-07-04T10:00:50+03:00,2026-07-03T20:20:49Z,85,wc26: conditional_knockout snapshot — Elo + market refresh (85 results pinned),NO,Norway,0.006760,0.018435
knockout,0ef80148,2026-07-04T10:00:50+03:00,2026-07-03T20:20:49Z,85,wc26: conditional_knockout snapshot — Elo + market refresh (85 results pinned),BR,Brazil,0.050240,0.067265
knockout,0ef80148,2026-07-04T10:00:50+03:00,2026-07-03T20:20:49Z,85,wc26: conditional_knockout snapshot — Elo + market refresh (85 results pinned),MX,Mexico,0.011350,0.030394
knockout,0ef80148,2026-07-04T10:00:50+03:00,2026-07-03T20:20:49Z,85,wc26: conditional_knockout snapshot — Elo + market refresh (85 results pinned),MA,Morocco,0.005210,0.025411
knockout,0ef80148,2026-07-04T10:00:50+03:00,2026-07-03T20:20:49Z,85,wc26: conditional_knockout snapshot — Elo + market refresh (85 results pinned),US,United States,0.003960,0.024415
knockout,0ef80148,2026-07-04T10:00:50+03:00,2026-07-03T20:20:49Z,85,wc26: conditional_knockout snapshot — Elo + market refresh (85 results pinned),EN,England,0.044450,0.071251
knockout,0ef80148,2026-07-04T10:00:50+03:00,2026-07-03T20:20:49Z,85,wc26: conditional_knockout snapshot — Elo + market refresh (85 results pinned),PT,Portugal,0.025460,0.058296
knockout,0ef80148,2026-07-04T10:00:50+03:00,2026-07-03T20:20:49Z,85,wc26: conditional_knockout snapshot — Elo + market refresh (85 results pinned),FR,France,0.271340,0.332337
knockout,4ba9a9cf,2026-07-04T10:37:20+03:00,2026-07-04T07:01:25Z,88,wc26: conditional_knockout snapshot — R32 complete (matches 73–88 pinned),AR,Argentina,0.305010,0.173716
knockout,4ba9a9cf,2026-07-04T10:37:20+03:00,2026-07-04T07:01:25Z,88,wc26: conditional_knockout snapshot — R32 complete (matches 73–88 pinned),ES,Spain,0.246220,0.124371
knockout,4ba9a9cf,2026-07-04T10:37:20+03:00,2026-07-04T07:01:25Z,88,wc26: conditional_knockout snapshot — R32 complete (matches 73–88 pinned),NL,Netherlands,0.000000,0.000000
knockout,4ba9a9cf,2026-07-04T10:37:20+03:00,2026-07-04T07:01:25Z,88,wc26: conditional_knockout snapshot — R32 complete (matches 73–88 pinned),DE,Germany,0.000000,0.000000
knockout,4ba9a9cf,2026-07-04T10:37:20+03:00,2026-07-04T07:01:25Z,88,wc26: conditional_knockout snapshot — R32 complete (matches 73–88 pinned),JP,Japan,0.000000,0.000000
knockout,4ba9a9cf,2026-07-04T10:37:20+03:00,2026-07-04T07:01:25Z,88,wc26: conditional_knockout snapshot — R32 complete (matches 73–88 pinned),HR,Croatia,0.000000,0.000000
knockout,4ba9a9cf,2026-07-04T10:37:20+03:00,2026-07-04T07:01:25Z,88,wc26: conditional_knockout snapshot — R32 complete (matches 73–88 pinned),EC,Ecuador,0.000000,0.000000
knockout,4ba9a9cf,2026-07-04T10:37:20+03:00,2026-07-04T07:01:25Z,88,wc26: conditional_knockout snapshot — R32 complete (matches 73–88 pinned),TR,Turkey,0.000000,0.000000
knockout,4ba9a9cf,2026-07-04T10:37:20+03:00,2026-07-04T07:01:25Z,88,wc26: conditional_knockout snapshot — R32 complete (matches 73–88 pinned),UY,Uruguay,0.000000,0.000000
knockout,4ba9a9cf,2026-07-04T10:37:20+03:00,2026-07-04T07:01:25Z,88,wc26: conditional_knockout snapshot — R32 complete (matches 73–88 pinned),AT,Austria,0.000000,0.000000
knockout,4ba9a9cf,2026-07-04T10:37:20+03:00,2026-07-04T07:01:25Z,88,wc26: conditional_knockout snapshot — R32 complete (matches 73–88 pinned),SN,Senegal,0.000000,0.000000
knockout,4ba9a9cf,2026-07-04T10:37:20+03:00,2026-07-04T07:01:25Z,88,wc26: conditional_knockout snapshot — R32 complete (matches 73–88 pinned),AU,Australia,0.000000,0.000000
knockout,4ba9a9cf,2026-07-04T10:37:20+03:00,2026-07-04T07:01:25Z,88,wc26: conditional_knockout snapshot — R32 complete (matches 73–88 pinned),IR,Iran,0.000000,0.000000
knockout,4ba9a9cf,2026-07-04T10:37:20+03:00,2026-07-04T07:01:25Z,88,wc26: conditional_knockout snapshot — R32 complete (matches 73–88 pinned),DZ,Algeria,0.000000,0.000000
knockout,4ba9a9cf,2026-07-04T10:37:20+03:00,2026-07-04T07:01:25Z,88,wc26: conditional_knockout snapshot — R32 complete (matches 73–88 pinned),SQ,Scotland,0.000000,0.000000
knockout,4ba9a9cf,2026-07-04T10:37:20+03:00,2026-07-04T07:01:25Z,88,wc26: conditional_knockout snapshot — R32 complete (matches 73–88 pinned),SE,Sweden,0.000000,0.000000
knockout,4ba9a9cf,2026-07-04T10:37:20+03:00,2026-07-04T07:01:25Z,88,wc26: conditional_knockout snapshot — R32 complete (matches 73–88 pinned),CI,Ivory Coast,0.000000,0.000000
knockout,4ba9a9cf,2026-07-04T10:37:20+03:00,2026-07-04T07:01:25Z,88,wc26: conditional_knockout snapshot — R32 complete (matches 73–88 pinned),KR,South Korea,0.000000,0.000000
knockout,4ba9a9cf,2026-07-04T10:37:20+03:00,2026-07-04T07:01:25Z,88,wc26: conditional_knockout snapshot — R32 complete (matches 73–88 pinned),CD,DR Congo,0.000000,0.000000
knockout,4ba9a9cf,2026-07-04T10:37:20+03:00,2026-07-04T07:01:25Z,88,wc26: conditional_knockout snapshot — R32 complete (matches 73–88 pinned),CZ,Czech Republic,0.000000,0.000000
knockout,4ba9a9cf,2026-07-04T10:37:20+03:00,2026-07-04T07:01:25Z,88,wc26: conditional_knockout snapshot — R32 complete (matches 73–88 pinned),PA,Panama,0.000000,0.000000
knockout,4ba9a9cf,2026-07-04T10:37:20+03:00,2026-07-04T07:01:25Z,88,wc26: conditional_knockout snapshot — R32 complete (matches 73–88 pinned),UZ,Uzbekistan,0.000000,0.000000
knockout,4ba9a9cf,2026-07-04T10:37:20+03:00,2026-07-04T07:01:25Z,88,wc26: conditional_knockout snapshot — R32 complete (matches 73–88 pinned),JO,Jordan,0.000000,0.000000
knockout,4ba9a9cf,2026-07-04T10:37:20+03:00,2026-07-04T07:01:25Z,88,wc26: conditional_knockout snapshot — R32 complete (matches 73–88 pinned),CV,Cape Verde,0.000000,0.000000
knockout,4ba9a9cf,2026-07-04T10:37:20+03:00,2026-07-04T07:01:25Z,88,wc26: conditional_knockout snapshot — R32 complete (matches 73–88 pinned),BA,Bosnia and Herzegovina,0.000000,0.000000
knockout,4ba9a9cf,2026-07-04T10:37:20+03:00,2026-07-04T07:01:25Z,88,wc26: conditional_knockout snapshot — R32 complete (matches 73–88 pinned),SA,Saudi Arabia,0.000000,0.000000
knockout,4ba9a9cf,2026-07-04T10:37:20+03:00,2026-07-04T07:01:25Z,88,wc26: conditional_knockout snapshot — R32 complete (matches 73–88 pinned),GH,Ghana,0.000000,0.000000
knockout,4ba9a9cf,2026-07-04T10:37:20+03:00,2026-07-04T07:01:25Z,88,wc26: conditional_knockout snapshot — R32 complete (matches 73–88 pinned),TN,Tunisia,0.000000,0.000000
knockout,4ba9a9cf,2026-07-04T10:37:20+03:00,2026-07-04T07:01:25Z,88,wc26: conditional_knockout snapshot — R32 complete (matches 73–88 pinned),IQ,Iraq,0.000000,0.000000
knockout,4ba9a9cf,2026-07-04T10:37:20+03:00,2026-07-04T07:01:25Z,88,wc26: conditional_knockout snapshot — R32 complete (matches 73–88 pinned),ZA,South Africa,0.000000,0.000000
knockout,4ba9a9cf,2026-07-04T10:37:20+03:00,2026-07-04T07:01:25Z,88,wc26: conditional_knockout snapshot — R32 complete (matches 73–88 pinned),NZ,New Zealand,0.000000,0.000000
knockout,4ba9a9cf,2026-07-04T10:37:20+03:00,2026-07-04T07:01:25Z,88,wc26: conditional_knockout snapshot — R32 complete (matches 73–88 pinned),HT,Haiti,0.000000,0.000000
knockout,4ba9a9cf,2026-07-04T10:37:20+03:00,2026-07-04T07:01:25Z,88,wc26: conditional_knockout snapshot — R32 complete (matches 73–88 pinned),CW,Curaçao,0.000000,0.000000
knockout,4ba9a9cf,2026-07-04T10:37:20+03:00,2026-07-04T07:01:25Z,88,wc26: conditional_knockout snapshot — R32 complete (matches 73–88 pinned),QA,Qatar,0.000000,0.000000
knockout,4ba9a9cf,2026-07-04T10:37:20+03:00,2026-07-04T07:01:25Z,88,wc26: conditional_knockout snapshot — R32 complete (matches 73–88 pinned),PY,Paraguay,0.000730,0.001511
knockout,4ba9a9cf,2026-07-04T10:37:20+03:00,2026-07-04T07:01:25Z,88,wc26: conditional_knockout snapshot — R32 complete (matches 73–88 pinned),CA,Canada,0.000200,0.002518
knockout,4ba9a9cf,2026-07-04T10:37:20+03:00,2026-07-04T07:01:25Z,88,wc26: conditional_knockout snapshot — R32 complete (matches 73–88 pinned),EG,Egypt,0.000050,0.002518
knockout,4ba9a9cf,2026-07-04T10:37:20+03:00,2026-07-04T07:01:25Z,88,wc26: conditional_knockout snapshot — R32 complete (matches 73–88 pinned),CH,Switzerland,0.006920,0.009567
knockout,4ba9a9cf,2026-07-04T10:37:20+03:00,2026-07-04T07:01:25Z,88,wc26: conditional_knockout snapshot — R32 complete (matches 73–88 pinned),CO,Colombia,0.025890,0.030715
knockout,4ba9a9cf,2026-07-04T10:37:20+03:00,2026-07-04T07:01:25Z,88,wc26: conditional_knockout snapshot — R32 complete (matches 73–88 pinned),BE,Belgium,0.005130,0.011581
knockout,4ba9a9cf,2026-07-04T10:37:20+03:00,2026-07-04T07:01:25Z,88,wc26: conditional_knockout snapshot — R32 complete (matches 73–88 pinned),NO,Norway,0.006440,0.016616
knockout,4ba9a9cf,2026-07-04T10:37:20+03:00,2026-07-04T07:01:25Z,88,wc26: conditional_knockout snapshot — R32 complete (matches 73–88 pinned),BR,Brazil,0.048610,0.062941
knockout,4ba9a9cf,2026-07-04T10:37:20+03:00,2026-07-04T07:01:25Z,88,wc26: conditional_knockout snapshot — R32 complete (matches 73–88 pinned),MA,Morocco,0.005060,0.025680
knockout,4ba9a9cf,2026-07-04T10:37:20+03:00,2026-07-04T07:01:25Z,88,wc26: conditional_knockout snapshot — R32 complete (matches 73–88 pinned),US,United States,0.003850,0.024673
knockout,4ba9a9cf,2026-07-04T10:37:20+03:00,2026-07-04T07:01:25Z,88,wc26: conditional_knockout snapshot — R32 complete (matches 73–88 pinned),MX,Mexico,0.010840,0.033736
knockout,4ba9a9cf,2026-07-04T10:37:20+03:00,2026-07-04T07:01:25Z,88,wc26: conditional_knockout snapshot — R32 complete (matches 73–88 pinned),EN,England,0.043090,0.075025
knockout,4ba9a9cf,2026-07-04T10:37:20+03:00,2026-07-04T07:01:25Z,88,wc26: conditional_knockout snapshot — R32 complete (matches 73–88 pinned),PT,Portugal,0.024900,0.060926
knockout,4ba9a9cf,2026-07-04T10:37:20+03:00,2026-07-04T07:01:25Z,88,wc26: conditional_knockout snapshot — R32 complete (matches 73–88 pinned),FR,France,0.267040,0.343907
knockout,265bdf11,2026-07-05T15:26:41+03:00,2026-07-05T06:41:22Z,90,wc26: conditional_knockout snapshot — R16 update (matches 73–90 pinned),AR,Argentina,0.297450,0.167249
knockout,265bdf11,2026-07-05T15:26:41+03:00,2026-07-05T06:41:22Z,90,wc26: conditional_knockout snapshot — R16 update (matches 73–90 pinned),ES,Spain,0.233940,0.124813
knockout,265bdf11,2026-07-05T15:26:41+03:00,2026-07-05T06:41:22Z,90,wc26: conditional_knockout snapshot — R16 update (matches 73–90 pinned),NL,Netherlands,0.000000,0.000000
knockout,265bdf11,2026-07-05T15:26:41+03:00,2026-07-05T06:41:22Z,90,wc26: conditional_knockout snapshot — R16 update (matches 73–90 pinned),DE,Germany,0.000000,0.000000
knockout,265bdf11,2026-07-05T15:26:41+03:00,2026-07-05T06:41:22Z,90,wc26: conditional_knockout snapshot — R16 update (matches 73–90 pinned),JP,Japan,0.000000,0.000000
knockout,265bdf11,2026-07-05T15:26:41+03:00,2026-07-05T06:41:22Z,90,wc26: conditional_knockout snapshot — R16 update (matches 73–90 pinned),HR,Croatia,0.000000,0.000000
knockout,265bdf11,2026-07-05T15:26:41+03:00,2026-07-05T06:41:22Z,90,wc26: conditional_knockout snapshot — R16 update (matches 73–90 pinned),EC,Ecuador,0.000000,0.000000
knockout,265bdf11,2026-07-05T15:26:41+03:00,2026-07-05T06:41:22Z,90,wc26: conditional_knockout snapshot — R16 update (matches 73–90 pinned),TR,Turkey,0.000000,0.000000
knockout,265bdf11,2026-07-05T15:26:41+03:00,2026-07-05T06:41:22Z,90,wc26: conditional_knockout snapshot — R16 update (matches 73–90 pinned),UY,Uruguay,0.000000,0.000000
knockout,265bdf11,2026-07-05T15:26:41+03:00,2026-07-05T06:41:22Z,90,wc26: conditional_knockout snapshot — R16 update (matches 73–90 pinned),AT,Austria,0.000000,0.000000
knockout,265bdf11,2026-07-05T15:26:41+03:00,2026-07-05T06:41:22Z,90,wc26: conditional_knockout snapshot — R16 update (matches 73–90 pinned),SN,Senegal,0.000000,0.000000
knockout,265bdf11,2026-07-05T15:26:41+03:00,2026-07-05T06:41:22Z,90,wc26: conditional_knockout snapshot — R16 update (matches 73–90 pinned),PY,Paraguay,0.000000,0.000000
knockout,265bdf11,2026-07-05T15:26:41+03:00,2026-07-05T06:41:22Z,90,wc26: conditional_knockout snapshot — R16 update (matches 73–90 pinned),AU,Australia,0.000000,0.000000
knockout,265bdf11,2026-07-05T15:26:41+03:00,2026-07-05T06:41:22Z,90,wc26: conditional_knockout snapshot — R16 update (matches 73–90 pinned),IR,Iran,0.000000,0.000000
knockout,265bdf11,2026-07-05T15:26:41+03:00,2026-07-05T06:41:22Z,90,wc26: conditional_knockout snapshot — R16 update (matches 73–90 pinned),DZ,Algeria,0.000000,0.000000
knockout,265bdf11,2026-07-05T15:26:41+03:00,2026-07-05T06:41:22Z,90,wc26: conditional_knockout snapshot — R16 update (matches 73–90 pinned),SQ,Scotland,0.000000,0.000000
knockout,265bdf11,2026-07-05T15:26:41+03:00,2026-07-05T06:41:22Z,90,wc26: conditional_knockout snapshot — R16 update (matches 73–90 pinned),SE,Sweden,0.000000,0.000000
knockout,265bdf11,2026-07-05T15:26:41+03:00,2026-07-05T06:41:22Z,90,wc26: conditional_knockout snapshot — R16 update (matches 73–90 pinned),CA,Canada,0.000000,0.000000
knockout,265bdf11,2026-07-05T15:26:41+03:00,2026-07-05T06:41:22Z,90,wc26: conditional_knockout snapshot — R16 update (matches 73–90 pinned),CI,Ivory Coast,0.000000,0.000000
knockout,265bdf11,2026-07-05T15:26:41+03:00,2026-07-05T06:41:22Z,90,wc26: conditional_knockout snapshot — R16 update (matches 73–90 pinned),KR,South Korea,0.000000,0.000000
knockout,265bdf11,2026-07-05T15:26:41+03:00,2026-07-05T06:41:22Z,90,wc26: conditional_knockout snapshot — R16 update (matches 73–90 pinned),CD,DR Congo,0.000000,0.000000
knockout,265bdf11,2026-07-05T15:26:41+03:00,2026-07-05T06:41:22Z,90,wc26: conditional_knockout snapshot — R16 update (matches 73–90 pinned),CZ,Czech Republic,0.000000,0.000000
knockout,265bdf11,2026-07-05T15:26:41+03:00,2026-07-05T06:41:22Z,90,wc26: conditional_knockout snapshot — R16 update (matches 73–90 pinned),PA,Panama,0.000000,0.000000
knockout,265bdf11,2026-07-05T15:26:41+03:00,2026-07-05T06:41:22Z,90,wc26: conditional_knockout snapshot — R16 update (matches 73–90 pinned),UZ,Uzbekistan,0.000000,0.000000
knockout,265bdf11,2026-07-05T15:26:41+03:00,2026-07-05T06:41:22Z,90,wc26: conditional_knockout snapshot — R16 update (matches 73–90 pinned),JO,Jordan,0.000000,0.000000
knockout,265bdf11,2026-07-05T15:26:41+03:00,2026-07-05T06:41:22Z,90,wc26: conditional_knockout snapshot — R16 update (matches 73–90 pinned),CV,Cape Verde,0.000000,0.000000
knockout,265bdf11,2026-07-05T15:26:41+03:00,2026-07-05T06:41:22Z,90,wc26: conditional_knockout snapshot — R16 update (matches 73–90 pinned),BA,Bosnia and Herzegovina,0.000000,0.000000
knockout,265bdf11,2026-07-05T15:26:41+03:00,2026-07-05T06:41:22Z,90,wc26: conditional_knockout snapshot — R16 update (matches 73–90 pinned),SA,Saudi Arabia,0.000000,0.000000
knockout,265bdf11,2026-07-05T15:26:41+03:00,2026-07-05T06:41:22Z,90,wc26: conditional_knockout snapshot — R16 update (matches 73–90 pinned),GH,Ghana,0.000000,0.000000
knockout,265bdf11,2026-07-05T15:26:41+03:00,2026-07-05T06:41:22Z,90,wc26: conditional_knockout snapshot — R16 update (matches 73–90 pinned),TN,Tunisia,0.000000,0.000000
knockout,265bdf11,2026-07-05T15:26:41+03:00,2026-07-05T06:41:22Z,90,wc26: conditional_knockout snapshot — R16 update (matches 73–90 pinned),IQ,Iraq,0.000000,0.000000
knockout,265bdf11,2026-07-05T15:26:41+03:00,2026-07-05T06:41:22Z,90,wc26: conditional_knockout snapshot — R16 update (matches 73–90 pinned),ZA,South Africa,0.000000,0.000000
knockout,265bdf11,2026-07-05T15:26:41+03:00,2026-07-05T06:41:22Z,90,wc26: conditional_knockout snapshot — R16 update (matches 73–90 pinned),NZ,New Zealand,0.000000,0.000000
knockout,265bdf11,2026-07-05T15:26:41+03:00,2026-07-05T06:41:22Z,90,wc26: conditional_knockout snapshot — R16 update (matches 73–90 pinned),HT,Haiti,0.000000,0.000000
knockout,265bdf11,2026-07-05T15:26:41+03:00,2026-07-05T06:41:22Z,90,wc26: conditional_knockout snapshot — R16 update (matches 73–90 pinned),CW,Curaçao,0.000000,0.000000
knockout,265bdf11,2026-07-05T15:26:41+03:00,2026-07-05T06:41:22Z,90,wc26: conditional_knockout snapshot — R16 update (matches 73–90 pinned),QA,Qatar,0.000000,0.000000
knockout,265bdf11,2026-07-05T15:26:41+03:00,2026-07-05T06:41:22Z,90,wc26: conditional_knockout snapshot — R16 update (matches 73–90 pinned),EG,Egypt,0.000040,0.001498
knockout,265bdf11,2026-07-05T15:26:41+03:00,2026-07-05T06:41:22Z,90,wc26: conditional_knockout snapshot — R16 update (matches 73–90 pinned),CH,Switzerland,0.006510,0.008487
knockout,265bdf11,2026-07-05T15:26:41+03:00,2026-07-05T06:41:22Z,90,wc26: conditional_knockout snapshot — R16 update (matches 73–90 pinned),CO,Colombia,0.027230,0.031453
knockout,265bdf11,2026-07-05T15:26:41+03:00,2026-07-05T06:41:22Z,90,wc26: conditional_knockout snapshot — R16 update (matches 73–90 pinned),BE,Belgium,0.004350,0.012481
knockout,265bdf11,2026-07-05T15:26:41+03:00,2026-07-05T06:41:22Z,90,wc26: conditional_knockout snapshot — R16 update (matches 73–90 pinned),NO,Norway,0.006170,0.016475
knockout,265bdf11,2026-07-05T15:26:41+03:00,2026-07-05T06:41:22Z,90,wc26: conditional_knockout snapshot — R16 update (matches 73–90 pinned),MA,Morocco,0.009500,0.028457
knockout,265bdf11,2026-07-05T15:26:41+03:00,2026-07-05T06:41:22Z,90,wc26: conditional_knockout snapshot — R16 update (matches 73–90 pinned),BR,Brazil,0.047040,0.066400
knockout,265bdf11,2026-07-05T15:26:41+03:00,2026-07-05T06:41:22Z,90,wc26: conditional_knockout snapshot — R16 update (matches 73–90 pinned),US,United States,0.003200,0.025462
knockout,265bdf11,2026-07-05T15:26:41+03:00,2026-07-05T06:41:22Z,90,wc26: conditional_knockout snapshot — R16 update (matches 73–90 pinned),MX,Mexico,0.010350,0.033450
knockout,265bdf11,2026-07-05T15:26:41+03:00,2026-07-05T06:41:22Z,90,wc26: conditional_knockout snapshot — R16 update (matches 73–90 pinned),EN,England,0.041930,0.067399
knockout,265bdf11,2026-07-05T15:26:41+03:00,2026-07-05T06:41:22Z,90,wc26: conditional_knockout snapshot — R16 update (matches 73–90 pinned),PT,Portugal,0.022380,0.059411
knockout,265bdf11,2026-07-05T15:26:41+03:00,2026-07-05T06:41:22Z,90,wc26: conditional_knockout snapshot — R16 update (matches 73–90 pinned),FR,France,0.289890,0.356965
knockout,67cae482,2026-07-06T12:37:44+03:00,2026-07-06T09:20:38Z,92,wc26: conditional_knockout snapshot — R16 update (matches 73–92 pinned),AR,Argentina,0.290340,0.169192
knockout,67cae482,2026-07-06T12:37:44+03:00,2026-07-06T09:20:38Z,92,wc26: conditional_knockout snapshot — R16 update (matches 73–92 pinned),ES,Spain,0.233370,0.129798
knockout,67cae482,2026-07-06T12:37:44+03:00,2026-07-06T09:20:38Z,92,wc26: conditional_knockout snapshot — R16 update (matches 73–92 pinned),BR,Brazil,0.000000,0.000000
knockout,67cae482,2026-07-06T12:37:44+03:00,2026-07-06T09:20:38Z,92,wc26: conditional_knockout snapshot — R16 update (matches 73–92 pinned),NL,Netherlands,0.000000,0.000000
knockout,67cae482,2026-07-06T12:37:44+03:00,2026-07-06T09:20:38Z,92,wc26: conditional_knockout snapshot — R16 update (matches 73–92 pinned),MX,Mexico,0.000000,0.000000
knockout,67cae482,2026-07-06T12:37:44+03:00,2026-07-06T09:20:38Z,92,wc26: conditional_knockout snapshot — R16 update (matches 73–92 pinned),DE,Germany,0.000000,0.000000
knockout,67cae482,2026-07-06T12:37:44+03:00,2026-07-06T09:20:38Z,92,wc26: conditional_knockout snapshot — R16 update (matches 73–92 pinned),JP,Japan,0.000000,0.000000
knockout,67cae482,2026-07-06T12:37:44+03:00,2026-07-06T09:20:38Z,92,wc26: conditional_knockout snapshot — R16 update (matches 73–92 pinned),HR,Croatia,0.000000,0.000000
knockout,67cae482,2026-07-06T12:37:44+03:00,2026-07-06T09:20:38Z,92,wc26: conditional_knockout snapshot — R16 update (matches 73–92 pinned),EC,Ecuador,0.000000,0.000000
knockout,67cae482,2026-07-06T12:37:44+03:00,2026-07-06T09:20:38Z,92,wc26: conditional_knockout snapshot — R16 update (matches 73–92 pinned),TR,Turkey,0.000000,0.000000
knockout,67cae482,2026-07-06T12:37:44+03:00,2026-07-06T09:20:38Z,92,wc26: conditional_knockout snapshot — R16 update (matches 73–92 pinned),UY,Uruguay,0.000000,0.000000
knockout,67cae482,2026-07-06T12:37:44+03:00,2026-07-06T09:20:38Z,92,wc26: conditional_knockout snapshot — R16 update (matches 73–92 pinned),AT,Austria,0.000000,0.000000
knockout,67cae482,2026-07-06T12:37:44+03:00,2026-07-06T09:20:38Z,92,wc26: conditional_knockout snapshot — R16 update (matches 73–92 pinned),SN,Senegal,0.000000,0.000000
knockout,67cae482,2026-07-06T12:37:44+03:00,2026-07-06T09:20:38Z,92,wc26: conditional_knockout snapshot — R16 update (matches 73–92 pinned),PY,Paraguay,0.000000,0.000000
knockout,67cae482,2026-07-06T12:37:44+03:00,2026-07-06T09:20:38Z,92,wc26: conditional_knockout snapshot — R16 update (matches 73–92 pinned),AU,Australia,0.000000,0.000000
knockout,67cae482,2026-07-06T12:37:44+03:00,2026-07-06T09:20:38Z,92,wc26: conditional_knockout snapshot — R16 update (matches 73–92 pinned),IR,Iran,0.000000,0.000000
knockout,67cae482,2026-07-06T12:37:44+03:00,2026-07-06T09:20:38Z,92,wc26: conditional_knockout snapshot — R16 update (matches 73–92 pinned),DZ,Algeria,0.000000,0.000000
knockout,67cae482,2026-07-06T12:37:44+03:00,2026-07-06T09:20:38Z,92,wc26: conditional_knockout snapshot — R16 update (matches 73–92 pinned),SQ,Scotland,0.000000,0.000000
knockout,67cae482,2026-07-06T12:37:44+03:00,2026-07-06T09:20:38Z,92,wc26: conditional_knockout snapshot — R16 update (matches 73–92 pinned),SE,Sweden,0.000000,0.000000
knockout,67cae482,2026-07-06T12:37:44+03:00,2026-07-06T09:20:38Z,92,wc26: conditional_knockout snapshot — R16 update (matches 73–92 pinned),CA,Canada,0.000000,0.000000
knockout,67cae482,2026-07-06T12:37:44+03:00,2026-07-06T09:20:38Z,92,wc26: conditional_knockout snapshot — R16 update (matches 73–92 pinned),CI,Ivory Coast,0.000000,0.000000
knockout,67cae482,2026-07-06T12:37:44+03:00,2026-07-06T09:20:38Z,92,wc26: conditional_knockout snapshot — R16 update (matches 73–92 pinned),KR,South Korea,0.000000,0.000000
knockout,67cae482,2026-07-06T12:37:44+03:00,2026-07-06T09:20:38Z,92,wc26: conditional_knockout snapshot — R16 update (matches 73–92 pinned),CD,DR Congo,0.000000,0.000000
knockout,67cae482,2026-07-06T12:37:44+03:00,2026-07-06T09:20:38Z,92,wc26: conditional_knockout snapshot — R16 update (matches 73–92 pinned),CZ,Czech Republic,0.000000,0.000000
knockout,67cae482,2026-07-06T12:37:44+03:00,2026-07-06T09:20:38Z,92,wc26: conditional_knockout snapshot — R16 update (matches 73–92 pinned),PA,Panama,0.000000,0.000000
knockout,67cae482,2026-07-06T12:37:44+03:00,2026-07-06T09:20:38Z,92,wc26: conditional_knockout snapshot — R16 update (matches 73–92 pinned),UZ,Uzbekistan,0.000000,0.000000
knockout,67cae482,2026-07-06T12:37:44+03:00,2026-07-06T09:20:38Z,92,wc26: conditional_knockout snapshot — R16 update (matches 73–92 pinned),JO,Jordan,0.000000,0.000000
knockout,67cae482,2026-07-06T12:37:44+03:00,2026-07-06T09:20:38Z,92,wc26: conditional_knockout snapshot — R16 update (matches 73–92 pinned),CV,Cape Verde,0.000000,0.000000
knockout,67cae482,2026-07-06T12:37:44+03:00,2026-07-06T09:20:38Z,92,wc26: conditional_knockout snapshot — R16 update (matches 73–92 pinned),BA,Bosnia and Herzegovina,0.000000,0.000000
knockout,67cae482,2026-07-06T12:37:44+03:00,2026-07-06T09:20:38Z,92,wc26: conditional_knockout snapshot — R16 update (matches 73–92 pinned),SA,Saudi Arabia,0.000000,0.000000
knockout,67cae482,2026-07-06T12:37:44+03:00,2026-07-06T09:20:38Z,92,wc26: conditional_knockout snapshot — R16 update (matches 73–92 pinned),GH,Ghana,0.000000,0.000000
knockout,67cae482,2026-07-06T12:37:44+03:00,2026-07-06T09:20:38Z,92,wc26: conditional_knockout snapshot — R16 update (matches 73–92 pinned),TN,Tunisia,0.000000,0.000000
knockout,67cae482,2026-07-06T12:37:44+03:00,2026-07-06T09:20:38Z,92,wc26: conditional_knockout snapshot — R16 update (matches 73–92 pinned),IQ,Iraq,0.000000,0.000000
knockout,67cae482,2026-07-06T12:37:44+03:00,2026-07-06T09:20:38Z,92,wc26: conditional_knockout snapshot — R16 update (matches 73–92 pinned),ZA,South Africa,0.000000,0.000000
knockout,67cae482,2026-07-06T12:37:44+03:00,2026-07-06T09:20:38Z,92,wc26: conditional_knockout snapshot — R16 update (matches 73–92 pinned),NZ,New Zealand,0.000000,0.000000
knockout,67cae482,2026-07-06T12:37:44+03:00,2026-07-06T09:20:38Z,92,wc26: conditional_knockout snapshot — R16 update (matches 73–92 pinned),HT,Haiti,0.000000,0.000000
knockout,67cae482,2026-07-06T12:37:44+03:00,2026-07-06T09:20:38Z,92,wc26: conditional_knockout snapshot — R16 update (matches 73–92 pinned),CW,Curaçao,0.000000,0.000000
knockout,67cae482,2026-07-06T12:37:44+03:00,2026-07-06T09:20:38Z,92,wc26: conditional_knockout snapshot — R16 update (matches 73–92 pinned),QA,Qatar,0.000000,0.000000
knockout,67cae482,2026-07-06T12:37:44+03:00,2026-07-06T09:20:38Z,92,wc26: conditional_knockout snapshot — R16 update (matches 73–92 pinned),EG,Egypt,0.000040,0.002525
knockout,67cae482,2026-07-06T12:37:44+03:00,2026-07-06T09:20:38Z,92,wc26: conditional_knockout snapshot — R16 update (matches 73–92 pinned),CH,Switzerland,0.006100,0.009596
knockout,67cae482,2026-07-06T12:37:44+03:00,2026-07-06T09:20:38Z,92,wc26: conditional_knockout snapshot — R16 update (matches 73–92 pinned),CO,Colombia,0.025860,0.032828
knockout,67cae482,2026-07-06T12:37:44+03:00,2026-07-06T09:20:38Z,92,wc26: conditional_knockout snapshot — R16 update (matches 73–92 pinned),BE,Belgium,0.004260,0.013636
knockout,67cae482,2026-07-06T12:37:44+03:00,2026-07-06T09:20:38Z,92,wc26: conditional_knockout snapshot — R16 update (matches 73–92 pinned),MA,Morocco,0.009410,0.028788
knockout,67cae482,2026-07-06T12:37:44+03:00,2026-07-06T09:20:38Z,92,wc26: conditional_knockout snapshot — R16 update (matches 73–92 pinned),NO,Norway,0.026130,0.047980
knockout,67cae482,2026-07-06T12:37:44+03:00,2026-07-06T09:20:38Z,92,wc26: conditional_knockout snapshot — R16 update (matches 73–92 pinned),US,United States,0.003170,0.030808
knockout,67cae482,2026-07-06T12:37:44+03:00,2026-07-06T09:20:38Z,92,wc26: conditional_knockout snapshot — R16 update (matches 73–92 pinned),PT,Portugal,0.022180,0.059091
knockout,67cae482,2026-07-06T12:37:44+03:00,2026-07-06T09:20:38Z,92,wc26: conditional_knockout snapshot — R16 update (matches 73–92 pinned),FR,France,0.289240,0.333838
knockout,67cae482,2026-07-06T12:37:44+03:00,2026-07-06T09:20:38Z,92,wc26: conditional_knockout snapshot — R16 update (matches 73–92 pinned),EN,England,0.089910,0.141919
knockout,91350801,2026-07-07T11:56:32+03:00,2026-07-07T08:02:31Z,94,wc26: conditional_knockout snapshot — R16 update (matches 73–94 pinned),ES,Spain,0.323740,0.184422
knockout,91350801,2026-07-07T11:56:32+03:00,2026-07-07T08:02:31Z,94,wc26: conditional_knockout snapshot — R16 update (matches 73–94 pinned),AR,Argentina,0.256450,0.188442
knockout,91350801,2026-07-07T11:56:32+03:00,2026-07-07T08:02:31Z,94,wc26: conditional_knockout snapshot — R16 update (matches 73–94 pinned),PT,Portugal,0.000000,0.000000
knockout,91350801,2026-07-07T11:56:32+03:00,2026-07-07T08:02:31Z,94,wc26: conditional_knockout snapshot — R16 update (matches 73–94 pinned),BR,Brazil,0.000000,0.000000
knockout,91350801,2026-07-07T11:56:32+03:00,2026-07-07T08:02:31Z,94,wc26: conditional_knockout snapshot — R16 update (matches 73–94 pinned),NL,Netherlands,0.000000,0.000000
knockout,91350801,2026-07-07T11:56:32+03:00,2026-07-07T08:02:31Z,94,wc26: conditional_knockout snapshot — R16 update (matches 73–94 pinned),MX,Mexico,0.000000,0.000000
knockout,91350801,2026-07-07T11:56:32+03:00,2026-07-07T08:02:31Z,94,wc26: conditional_knockout snapshot — R16 update (matches 73–94 pinned),DE,Germany,0.000000,0.000000
knockout,91350801,2026-07-07T11:56:32+03:00,2026-07-07T08:02:31Z,94,wc26: conditional_knockout snapshot — R16 update (matches 73–94 pinned),JP,Japan,0.000000,0.000000
knockout,91350801,2026-07-07T11:56:32+03:00,2026-07-07T08:02:31Z,94,wc26: conditional_knockout snapshot — R16 update (matches 73–94 pinned),HR,Croatia,0.000000,0.000000
knockout,91350801,2026-07-07T11:56:32+03:00,2026-07-07T08:02:31Z,94,wc26: conditional_knockout snapshot — R16 update (matches 73–94 pinned),EC,Ecuador,0.000000,0.000000
knockout,91350801,2026-07-07T11:56:32+03:00,2026-07-07T08:02:31Z,94,wc26: conditional_knockout snapshot — R16 update (matches 73–94 pinned),TR,Turkey,0.000000,0.000000
knockout,91350801,2026-07-07T11:56:32+03:00,2026-07-07T08:02:31Z,94,wc26: conditional_knockout snapshot — R16 update (matches 73–94 pinned),UY,Uruguay,0.000000,0.000000
knockout,91350801,2026-07-07T11:56:32+03:00,2026-07-07T08:02:31Z,94,wc26: conditional_knockout snapshot — R16 update (matches 73–94 pinned),AT,Austria,0.000000,0.000000
knockout,91350801,2026-07-07T11:56:32+03:00,2026-07-07T08:02:31Z,94,wc26: conditional_knockout snapshot — R16 update (matches 73–94 pinned),SN,Senegal,0.000000,0.000000
knockout,91350801,2026-07-07T11:56:32+03:00,2026-07-07T08:02:31Z,94,wc26: conditional_knockout snapshot — R16 update (matches 73–94 pinned),PY,Paraguay,0.000000,0.000000
knockout,91350801,2026-07-07T11:56:32+03:00,2026-07-07T08:02:31Z,94,wc26: conditional_knockout snapshot — R16 update (matches 73–94 pinned),AU,Australia,0.000000,0.000000
knockout,91350801,2026-07-07T11:56:32+03:00,2026-07-07T08:02:31Z,94,wc26: conditional_knockout snapshot — R16 update (matches 73–94 pinned),IR,Iran,0.000000,0.000000
knockout,91350801,2026-07-07T11:56:32+03:00,2026-07-07T08:02:31Z,94,wc26: conditional_knockout snapshot — R16 update (matches 73–94 pinned),DZ,Algeria,0.000000,0.000000
knockout,91350801,2026-07-07T11:56:32+03:00,2026-07-07T08:02:31Z,94,wc26: conditional_knockout snapshot — R16 update (matches 73–94 pinned),US,United States,0.000000,0.000000
knockout,91350801,2026-07-07T11:56:32+03:00,2026-07-07T08:02:31Z,94,wc26: conditional_knockout snapshot — R16 update (matches 73–94 pinned),SQ,Scotland,0.000000,0.000000
knockout,91350801,2026-07-07T11:56:32+03:00,2026-07-07T08:02:31Z,94,wc26: conditional_knockout snapshot — R16 update (matches 73–94 pinned),SE,Sweden,0.000000,0.000000
knockout,91350801,2026-07-07T11:56:32+03:00,2026-07-07T08:02:31Z,94,wc26: conditional_knockout snapshot — R16 update (matches 73–94 pinned),CA,Canada,0.000000,0.000000
knockout,91350801,2026-07-07T11:56:32+03:00,2026-07-07T08:02:31Z,94,wc26: conditional_knockout snapshot — R16 update (matches 73–94 pinned),CI,Ivory Coast,0.000000,0.000000
knockout,91350801,2026-07-07T11:56:32+03:00,2026-07-07T08:02:31Z,94,wc26: conditional_knockout snapshot — R16 update (matches 73–94 pinned),KR,South Korea,0.000000,0.000000
knockout,91350801,2026-07-07T11:56:32+03:00,2026-07-07T08:02:31Z,94,wc26: conditional_knockout snapshot — R16 update (matches 73–94 pinned),CD,DR Congo,0.000000,0.000000
knockout,91350801,2026-07-07T11:56:32+03:00,2026-07-07T08:02:31Z,94,wc26: conditional_knockout snapshot — R16 update (matches 73–94 pinned),CZ,Czech Republic,0.000000,0.000000
knockout,91350801,2026-07-07T11:56:32+03:00,2026-07-07T08:02:31Z,94,wc26: conditional_knockout snapshot — R16 update (matches 73–94 pinned),PA,Panama,0.000000,0.000000
knockout,91350801,2026-07-07T11:56:32+03:00,2026-07-07T08:02:31Z,94,wc26: conditional_knockout snapshot — R16 update (matches 73–94 pinned),UZ,Uzbekistan,0.000000,0.000000
knockout,91350801,2026-07-07T11:56:32+03:00,2026-07-07T08:02:31Z,94,wc26: conditional_knockout snapshot — R16 update (matches 73–94 pinned),JO,Jordan,0.000000,0.000000
knockout,91350801,2026-07-07T11:56:32+03:00,2026-07-07T08:02:31Z,94,wc26: conditional_knockout snapshot — R16 update (matches 73–94 pinned),CV,Cape Verde,0.000000,0.000000
knockout,91350801,2026-07-07T11:56:32+03:00,2026-07-07T08:02:31Z,94,wc26: conditional_knockout snapshot — R16 update (matches 73–94 pinned),BA,Bosnia and Herzegovina,0.000000,0.000000
knockout,91350801,2026-07-07T11:56:32+03:00,2026-07-07T08:02:31Z,94,wc26: conditional_knockout snapshot — R16 update (matches 73–94 pinned),SA,Saudi Arabia,0.000000,0.000000
knockout,91350801,2026-07-07T11:56:32+03:00,2026-07-07T08:02:31Z,94,wc26: conditional_knockout snapshot — R16 update (matches 73–94 pinned),GH,Ghana,0.000000,0.000000
knockout,91350801,2026-07-07T11:56:32+03:00,2026-07-07T08:02:31Z,94,wc26: conditional_knockout snapshot — R16 update (matches 73–94 pinned),TN,Tunisia,0.000000,0.000000
knockout,91350801,2026-07-07T11:56:32+03:00,2026-07-07T08:02:31Z,94,wc26: conditional_knockout snapshot — R16 update (matches 73–94 pinned),IQ,Iraq,0.000000,0.000000
knockout,91350801,2026-07-07T11:56:32+03:00,2026-07-07T08:02:31Z,94,wc26: conditional_knockout snapshot — R16 update (matches 73–94 pinned),ZA,South Africa,0.000000,0.000000
knockout,91350801,2026-07-07T11:56:32+03:00,2026-07-07T08:02:31Z,94,wc26: conditional_knockout snapshot — R16 update (matches 73–94 pinned),NZ,New Zealand,0.000000,0.000000
knockout,91350801,2026-07-07T11:56:32+03:00,2026-07-07T08:02:31Z,94,wc26: conditional_knockout snapshot — R16 update (matches 73–94 pinned),HT,Haiti,0.000000,0.000000
knockout,91350801,2026-07-07T11:56:32+03:00,2026-07-07T08:02:31Z,94,wc26: conditional_knockout snapshot — R16 update (matches 73–94 pinned),CW,Curaçao,0.000000,0.000000
knockout,91350801,2026-07-07T11:56:32+03:00,2026-07-07T08:02:31Z,94,wc26: conditional_knockout snapshot — R16 update (matches 73–94 pinned),QA,Qatar,0.000000,0.000000
knockout,91350801,2026-07-07T11:56:32+03:00,2026-07-07T08:02:31Z,94,wc26: conditional_knockout snapshot — R16 update (matches 73–94 pinned),EG,Egypt,0.000030,0.003518
knockout,91350801,2026-07-07T11:56:32+03:00,2026-07-07T08:02:31Z,94,wc26: conditional_knockout snapshot — R16 update (matches 73–94 pinned),CH,Switzerland,0.004710,0.009548
knockout,91350801,2026-07-07T11:56:32+03:00,2026-07-07T08:02:31Z,94,wc26: conditional_knockout snapshot — R16 update (matches 73–94 pinned),BE,Belgium,0.012330,0.022613
knockout,91350801,2026-07-07T11:56:32+03:00,2026-07-07T08:02:31Z,94,wc26: conditional_knockout snapshot — R16 update (matches 73–94 pinned),CO,Colombia,0.021020,0.033668
knockout,91350801,2026-07-07T11:56:32+03:00,2026-07-07T08:02:31Z,94,wc26: conditional_knockout snapshot — R16 update (matches 73–94 pinned),MA,Morocco,0.006420,0.027638
knockout,91350801,2026-07-07T11:56:32+03:00,2026-07-07T08:02:31Z,94,wc26: conditional_knockout snapshot — R16 update (matches 73–94 pinned),EN,England,0.113160,0.145226
knockout,91350801,2026-07-07T11:56:32+03:00,2026-07-07T08:02:31Z,94,wc26: conditional_knockout snapshot — R16 update (matches 73–94 pinned),NO,Norway,0.019830,0.052764
knockout,91350801,2026-07-07T11:56:32+03:00,2026-07-07T08:02:31Z,94,wc26: conditional_knockout snapshot — R16 update (matches 73–94 pinned),FR,France,0.242300,0.332161
knockout,3e41eb77,2026-07-07T22:00:41+03:00,2026-07-07T18:38:44Z,95,wc26: conditional_knockout snapshot — R16 update (matches 73–95 pinned),ES,Spain,0.318110,0.186714
knockout,3e41eb77,2026-07-07T22:00:41+03:00,2026-07-07T18:38:44Z,95,wc26: conditional_knockout snapshot — R16 update (matches 73–95 pinned),AR,Argentina,0.276750,0.171616
knockout,3e41eb77,2026-07-07T22:00:41+03:00,2026-07-07T18:38:44Z,95,wc26: conditional_knockout snapshot — R16 update (matches 73–95 pinned),PT,Portugal,0.000000,0.000000
knockout,3e41eb77,2026-07-07T22:00:41+03:00,2026-07-07T18:38:44Z,95,wc26: conditional_knockout snapshot — R16 update (matches 73–95 pinned),BR,Brazil,0.000000,0.000000
knockout,3e41eb77,2026-07-07T22:00:41+03:00,2026-07-07T18:38:44Z,95,wc26: conditional_knockout snapshot — R16 update (matches 73–95 pinned),NL,Netherlands,0.000000,0.000000
knockout,3e41eb77,2026-07-07T22:00:41+03:00,2026-07-07T18:38:44Z,95,wc26: conditional_knockout snapshot — R16 update (matches 73–95 pinned),MX,Mexico,0.000000,0.000000
knockout,3e41eb77,2026-07-07T22:00:41+03:00,2026-07-07T18:38:44Z,95,wc26: conditional_knockout snapshot — R16 update (matches 73–95 pinned),DE,Germany,0.000000,0.000000
knockout,3e41eb77,2026-07-07T22:00:41+03:00,2026-07-07T18:38:44Z,95,wc26: conditional_knockout snapshot — R16 update (matches 73–95 pinned),JP,Japan,0.000000,0.000000
knockout,3e41eb77,2026-07-07T22:00:41+03:00,2026-07-07T18:38:44Z,95,wc26: conditional_knockout snapshot — R16 update (matches 73–95 pinned),HR,Croatia,0.000000,0.000000
knockout,3e41eb77,2026-07-07T22:00:41+03:00,2026-07-07T18:38:44Z,95,wc26: conditional_knockout snapshot — R16 update (matches 73–95 pinned),EC,Ecuador,0.000000,0.000000
knockout,3e41eb77,2026-07-07T22:00:41+03:00,2026-07-07T18:38:44Z,95,wc26: conditional_knockout snapshot — R16 update (matches 73–95 pinned),TR,Turkey,0.000000,0.000000
knockout,3e41eb77,2026-07-07T22:00:41+03:00,2026-07-07T18:38:44Z,95,wc26: conditional_knockout snapshot — R16 update (matches 73–95 pinned),UY,Uruguay,0.000000,0.000000
knockout,3e41eb77,2026-07-07T22:00:41+03:00,2026-07-07T18:38:44Z,95,wc26: conditional_knockout snapshot — R16 update (matches 73–95 pinned),AT,Austria,0.000000,0.000000
knockout,3e41eb77,2026-07-07T22:00:41+03:00,2026-07-07T18:38:44Z,95,wc26: conditional_knockout snapshot — R16 update (matches 73–95 pinned),SN,Senegal,0.000000,0.000000
knockout,3e41eb77,2026-07-07T22:00:41+03:00,2026-07-07T18:38:44Z,95,wc26: conditional_knockout snapshot — R16 update (matches 73–95 pinned),PY,Paraguay,0.000000,0.000000
knockout,3e41eb77,2026-07-07T22:00:41+03:00,2026-07-07T18:38:44Z,95,wc26: conditional_knockout snapshot — R16 update (matches 73–95 pinned),AU,Australia,0.000000,0.000000
knockout,3e41eb77,2026-07-07T22:00:41+03:00,2026-07-07T18:38:44Z,95,wc26: conditional_knockout snapshot — R16 update (matches 73–95 pinned),IR,Iran,0.000000,0.000000
knockout,3e41eb77,2026-07-07T22:00:41+03:00,2026-07-07T18:38:44Z,95,wc26: conditional_knockout snapshot — R16 update (matches 73–95 pinned),DZ,Algeria,0.000000,0.000000
knockout,3e41eb77,2026-07-07T22:00:41+03:00,2026-07-07T18:38:44Z,95,wc26: conditional_knockout snapshot — R16 update (matches 73–95 pinned),US,United States,0.000000,0.000000
knockout,3e41eb77,2026-07-07T22:00:41+03:00,2026-07-07T18:38:44Z,95,wc26: conditional_knockout snapshot — R16 update (matches 73–95 pinned),SQ,Scotland,0.000000,0.000000
knockout,3e41eb77,2026-07-07T22:00:41+03:00,2026-07-07T18:38:44Z,95,wc26: conditional_knockout snapshot — R16 update (matches 73–95 pinned),SE,Sweden,0.000000,0.000000
knockout,3e41eb77,2026-07-07T22:00:41+03:00,2026-07-07T18:38:44Z,95,wc26: conditional_knockout snapshot — R16 update (matches 73–95 pinned),CA,Canada,0.000000,0.000000
knockout,3e41eb77,2026-07-07T22:00:41+03:00,2026-07-07T18:38:44Z,95,wc26: conditional_knockout snapshot — R16 update (matches 73–95 pinned),CI,Ivory Coast,0.000000,0.000000
knockout,3e41eb77,2026-07-07T22:00:41+03:00,2026-07-07T18:38:44Z,95,wc26: conditional_knockout snapshot — R16 update (matches 73–95 pinned),KR,South Korea,0.000000,0.000000
knockout,3e41eb77,2026-07-07T22:00:41+03:00,2026-07-07T18:38:44Z,95,wc26: conditional_knockout snapshot — R16 update (matches 73–95 pinned),CD,DR Congo,0.000000,0.000000
knockout,3e41eb77,2026-07-07T22:00:41+03:00,2026-07-07T18:38:44Z,95,wc26: conditional_knockout snapshot — R16 update (matches 73–95 pinned),CZ,Czech Republic,0.000000,0.000000
knockout,3e41eb77,2026-07-07T22:00:41+03:00,2026-07-07T18:38:44Z,95,wc26: conditional_knockout snapshot — R16 update (matches 73–95 pinned),PA,Panama,0.000000,0.000000
knockout,3e41eb77,2026-07-07T22:00:41+03:00,2026-07-07T18:38:44Z,95,wc26: conditional_knockout snapshot — R16 update (matches 73–95 pinned),UZ,Uzbekistan,0.000000,0.000000
knockout,3e41eb77,2026-07-07T22:00:41+03:00,2026-07-07T18:38:44Z,95,wc26: conditional_knockout snapshot — R16 update (matches 73–95 pinned),JO,Jordan,0.000000,0.000000
knockout,3e41eb77,2026-07-07T22:00:41+03:00,2026-07-07T18:38:44Z,95,wc26: conditional_knockout snapshot — R16 update (matches 73–95 pinned),CV,Cape Verde,0.000000,0.000000
knockout,3e41eb77,2026-07-07T22:00:41+03:00,2026-07-07T18:38:44Z,95,wc26: conditional_knockout snapshot — R16 update (matches 73–95 pinned),BA,Bosnia and Herzegovina,0.000000,0.000000
knockout,3e41eb77,2026-07-07T22:00:41+03:00,2026-07-07T18:38:44Z,95,wc26: conditional_knockout snapshot — R16 update (matches 73–95 pinned),SA,Saudi Arabia,0.000000,0.000000
knockout,3e41eb77,2026-07-07T22:00:41+03:00,2026-07-07T18:38:44Z,95,wc26: conditional_knockout snapshot — R16 update (matches 73–95 pinned),GH,Ghana,0.000000,0.000000
knockout,3e41eb77,2026-07-07T22:00:41+03:00,2026-07-07T18:38:44Z,95,wc26: conditional_knockout snapshot — R16 update (matches 73–95 pinned),TN,Tunisia,0.000000,0.000000
knockout,3e41eb77,2026-07-07T22:00:41+03:00,2026-07-07T18:38:44Z,95,wc26: conditional_knockout snapshot — R16 update (matches 73–95 pinned),IQ,Iraq,0.000000,0.000000
knockout,3e41eb77,2026-07-07T22:00:41+03:00,2026-07-07T18:38:44Z,95,wc26: conditional_knockout snapshot — R16 update (matches 73–95 pinned),ZA,South Africa,0.000000,0.000000
knockout,3e41eb77,2026-07-07T22:00:41+03:00,2026-07-07T18:38:44Z,95,wc26: conditional_knockout snapshot — R16 update (matches 73–95 pinned),NZ,New Zealand,0.000000,0.000000
knockout,3e41eb77,2026-07-07T22:00:41+03:00,2026-07-07T18:38:44Z,95,wc26: conditional_knockout snapshot — R16 update (matches 73–95 pinned),HT,Haiti,0.000000,0.000000
knockout,3e41eb77,2026-07-07T22:00:41+03:00,2026-07-07T18:38:44Z,95,wc26: conditional_knockout snapshot — R16 update (matches 73–95 pinned),CW,Curaçao,0.000000,0.000000
knockout,3e41eb77,2026-07-07T22:00:41+03:00,2026-07-07T18:38:44Z,95,wc26: conditional_knockout snapshot — R16 update (matches 73–95 pinned),QA,Qatar,0.000000,0.000000
knockout,3e41eb77,2026-07-07T22:00:41+03:00,2026-07-07T18:38:44Z,95,wc26: conditional_knockout snapshot — R16 update (matches 73–95 pinned),EG,Egypt,0.000000,0.000503
knockout,3e41eb77,2026-07-07T22:00:41+03:00,2026-07-07T18:38:44Z,95,wc26: conditional_knockout snapshot — R16 update (matches 73–95 pinned),CH,Switzerland,0.004000,0.008556
knockout,3e41eb77,2026-07-07T22:00:41+03:00,2026-07-07T18:38:44Z,95,wc26: conditional_knockout snapshot — R16 update (matches 73–95 pinned),BE,Belgium,0.011910,0.024660
knockout,3e41eb77,2026-07-07T22:00:41+03:00,2026-07-07T18:38:44Z,95,wc26: conditional_knockout snapshot — R16 update (matches 73–95 pinned),CO,Colombia,0.018800,0.035229
knockout,3e41eb77,2026-07-07T22:00:41+03:00,2026-07-07T18:38:44Z,95,wc26: conditional_knockout snapshot — R16 update (matches 73–95 pinned),MA,Morocco,0.006190,0.030700
knockout,3e41eb77,2026-07-07T22:00:41+03:00,2026-07-07T18:38:44Z,95,wc26: conditional_knockout snapshot — R16 update (matches 73–95 pinned),NO,Norway,0.018620,0.060896
knockout,3e41eb77,2026-07-07T22:00:41+03:00,2026-07-07T18:38:44Z,95,wc26: conditional_knockout snapshot — R16 update (matches 73–95 pinned),EN,England,0.108430,0.151485
knockout,3e41eb77,2026-07-07T22:00:41+03:00,2026-07-07T18:38:44Z,95,wc26: conditional_knockout snapshot — R16 update (matches 73–95 pinned),FR,France,0.237180,0.329643
knockout,2adc2da1,2026-07-08T13:02:03+03:00,2026-07-07T18:38:44Z,96,wc26: conditional_knockout snapshot — R16 complete (matches 73–96 pinned),ES,Spain,0.315330,0.187374
knockout,2adc2da1,2026-07-08T13:02:03+03:00,2026-07-07T18:38:44Z,96,wc26: conditional_knockout snapshot — R16 complete (matches 73–96 pinned),AR,Argentina,0.294680,0.188384
knockout,2adc2da1,2026-07-08T13:02:03+03:00,2026-07-07T18:38:44Z,96,wc26: conditional_knockout snapshot — R16 complete (matches 73–96 pinned),CO,Colombia,0.000000,0.000000
knockout,2adc2da1,2026-07-08T13:02:03+03:00,2026-07-07T18:38:44Z,96,wc26: conditional_knockout snapshot — R16 complete (matches 73–96 pinned),PT,Portugal,0.000000,0.000000
knockout,2adc2da1,2026-07-08T13:02:03+03:00,2026-07-07T18:38:44Z,96,wc26: conditional_knockout snapshot — R16 complete (matches 73–96 pinned),BR,Brazil,0.000000,0.000000
knockout,2adc2da1,2026-07-08T13:02:03+03:00,2026-07-07T18:38:44Z,96,wc26: conditional_knockout snapshot — R16 complete (matches 73–96 pinned),NL,Netherlands,0.000000,0.000000
knockout,2adc2da1,2026-07-08T13:02:03+03:00,2026-07-07T18:38:44Z,96,wc26: conditional_knockout snapshot — R16 complete (matches 73–96 pinned),MX,Mexico,0.000000,0.000000
knockout,2adc2da1,2026-07-08T13:02:03+03:00,2026-07-07T18:38:44Z,96,wc26: conditional_knockout snapshot — R16 complete (matches 73–96 pinned),DE,Germany,0.000000,0.000000
knockout,2adc2da1,2026-07-08T13:02:03+03:00,2026-07-07T18:38:44Z,96,wc26: conditional_knockout snapshot — R16 complete (matches 73–96 pinned),JP,Japan,0.000000,0.000000
knockout,2adc2da1,2026-07-08T13:02:03+03:00,2026-07-07T18:38:44Z,96,wc26: conditional_knockout snapshot — R16 complete (matches 73–96 pinned),HR,Croatia,0.000000,0.000000
knockout,2adc2da1,2026-07-08T13:02:03+03:00,2026-07-07T18:38:44Z,96,wc26: conditional_knockout snapshot — R16 complete (matches 73–96 pinned),EC,Ecuador,0.000000,0.000000
knockout,2adc2da1,2026-07-08T13:02:03+03:00,2026-07-07T18:38:44Z,96,wc26: conditional_knockout snapshot — R16 complete (matches 73–96 pinned),TR,Turkey,0.000000,0.000000
knockout,2adc2da1,2026-07-08T13:02:03+03:00,2026-07-07T18:38:44Z,96,wc26: conditional_knockout snapshot — R16 complete (matches 73–96 pinned),UY,Uruguay,0.000000,0.000000
knockout,2adc2da1,2026-07-08T13:02:03+03:00,2026-07-07T18:38:44Z,96,wc26: conditional_knockout snapshot — R16 complete (matches 73–96 pinned),AT,Austria,0.000000,0.000000
knockout,2adc2da1,2026-07-08T13:02:03+03:00,2026-07-07T18:38:44Z,96,wc26: conditional_knockout snapshot — R16 complete (matches 73–96 pinned),SN,Senegal,0.000000,0.000000
knockout,2adc2da1,2026-07-08T13:02:03+03:00,2026-07-07T18:38:44Z,96,wc26: conditional_knockout snapshot — R16 complete (matches 73–96 pinned),PY,Paraguay,0.000000,0.000000
knockout,2adc2da1,2026-07-08T13:02:03+03:00,2026-07-07T18:38:44Z,96,wc26: conditional_knockout snapshot — R16 complete (matches 73–96 pinned),AU,Australia,0.000000,0.000000
knockout,2adc2da1,2026-07-08T13:02:03+03:00,2026-07-07T18:38:44Z,96,wc26: conditional_knockout snapshot — R16 complete (matches 73–96 pinned),IR,Iran,0.000000,0.000000
knockout,2adc2da1,2026-07-08T13:02:03+03:00,2026-07-07T18:38:44Z,96,wc26: conditional_knockout snapshot — R16 complete (matches 73–96 pinned),DZ,Algeria,0.000000,0.000000
knockout,2adc2da1,2026-07-08T13:02:03+03:00,2026-07-07T18:38:44Z,96,wc26: conditional_knockout snapshot — R16 complete (matches 73–96 pinned),US,United States,0.000000,0.000000
knockout,2adc2da1,2026-07-08T13:02:03+03:00,2026-07-07T18:38:44Z,96,wc26: conditional_knockout snapshot — R16 complete (matches 73–96 pinned),SQ,Scotland,0.000000,0.000000
knockout,2adc2da1,2026-07-08T13:02:03+03:00,2026-07-07T18:38:44Z,96,wc26: conditional_knockout snapshot — R16 complete (matches 73–96 pinned),EG,Egypt,0.000000,0.000000
knockout,2adc2da1,2026-07-08T13:02:03+03:00,2026-07-07T18:38:44Z,96,wc26: conditional_knockout snapshot — R16 complete (matches 73–96 pinned),SE,Sweden,0.000000,0.000000
knockout,2adc2da1,2026-07-08T13:02:03+03:00,2026-07-07T18:38:44Z,96,wc26: conditional_knockout snapshot — R16 complete (matches 73–96 pinned),CA,Canada,0.000000,0.000000
knockout,2adc2da1,2026-07-08T13:02:03+03:00,2026-07-07T18:38:44Z,96,wc26: conditional_knockout snapshot — R16 complete (matches 73–96 pinned),CI,Ivory Coast,0.000000,0.000000
knockout,2adc2da1,2026-07-08T13:02:03+03:00,2026-07-07T18:38:44Z,96,wc26: conditional_knockout snapshot — R16 complete (matches 73–96 pinned),KR,South Korea,0.000000,0.000000
knockout,2adc2da1,2026-07-08T13:02:03+03:00,2026-07-07T18:38:44Z,96,wc26: conditional_knockout snapshot — R16 complete (matches 73–96 pinned),CD,DR Congo,0.000000,0.000000
knockout,2adc2da1,2026-07-08T13:02:03+03:00,2026-07-07T18:38:44Z,96,wc26: conditional_knockout snapshot — R16 complete (matches 73–96 pinned),CZ,Czech Republic,0.000000,0.000000
knockout,2adc2da1,2026-07-08T13:02:03+03:00,2026-07-07T18:38:44Z,96,wc26: conditional_knockout snapshot — R16 complete (matches 73–96 pinned),PA,Panama,0.000000,0.000000
knockout,2adc2da1,2026-07-08T13:02:03+03:00,2026-07-07T18:38:44Z,96,wc26: conditional_knockout snapshot — R16 complete (matches 73–96 pinned),UZ,Uzbekistan,0.000000,0.000000
knockout,2adc2da1,2026-07-08T13:02:03+03:00,2026-07-07T18:38:44Z,96,wc26: conditional_knockout snapshot — R16 complete (matches 73–96 pinned),JO,Jordan,0.000000,0.000000
knockout,2adc2da1,2026-07-08T13:02:03+03:00,2026-07-07T18:38:44Z,96,wc26: conditional_knockout snapshot — R16 complete (matches 73–96 pinned),CV,Cape Verde,0.000000,0.000000
knockout,2adc2da1,2026-07-08T13:02:03+03:00,2026-07-07T18:38:44Z,96,wc26: conditional_knockout snapshot — R16 complete (matches 73–96 pinned),BA,Bosnia and Herzegovina,0.000000,0.000000
knockout,2adc2da1,2026-07-08T13:02:03+03:00,2026-07-07T18:38:44Z,96,wc26: conditional_knockout snapshot — R16 complete (matches 73–96 pinned),SA,Saudi Arabia,0.000000,0.000000
knockout,2adc2da1,2026-07-08T13:02:03+03:00,2026-07-07T18:38:44Z,96,wc26: conditional_knockout snapshot — R16 complete (matches 73–96 pinned),GH,Ghana,0.000000,0.000000
knockout,2adc2da1,2026-07-08T13:02:03+03:00,2026-07-07T18:38:44Z,96,wc26: conditional_knockout snapshot — R16 complete (matches 73–96 pinned),TN,Tunisia,0.000000,0.000000
knockout,2adc2da1,2026-07-08T13:02:03+03:00,2026-07-07T18:38:44Z,96,wc26: conditional_knockout snapshot — R16 complete (matches 73–96 pinned),IQ,Iraq,0.000000,0.000000
knockout,2adc2da1,2026-07-08T13:02:03+03:00,2026-07-07T18:38:44Z,96,wc26: conditional_knockout snapshot — R16 complete (matches 73–96 pinned),ZA,South Africa,0.000000,0.000000
knockout,2adc2da1,2026-07-08T13:02:03+03:00,2026-07-07T18:38:44Z,96,wc26: conditional_knockout snapshot — R16 complete (matches 73–96 pinned),NZ,New Zealand,0.000000,0.000000
knockout,2adc2da1,2026-07-08T13:02:03+03:00,2026-07-07T18:38:44Z,96,wc26: conditional_knockout snapshot — R16 complete (matches 73–96 pinned),HT,Haiti,0.000000,0.000000
knockout,2adc2da1,2026-07-08T13:02:03+03:00,2026-07-07T18:38:44Z,96,wc26: conditional_knockout snapshot — R16 complete (matches 73–96 pinned),CW,Curaçao,0.000000,0.000000
knockout,2adc2da1,2026-07-08T13:02:03+03:00,2026-07-07T18:38:44Z,96,wc26: conditional_knockout snapshot — R16 complete (matches 73–96 pinned),QA,Qatar,0.000000,0.000000
knockout,2adc2da1,2026-07-08T13:02:03+03:00,2026-07-07T18:38:44Z,96,wc26: conditional_knockout snapshot — R16 complete (matches 73–96 pinned),CH,Switzerland,0.010540,0.021717
knockout,2adc2da1,2026-07-08T13:02:03+03:00,2026-07-07T18:38:44Z,96,wc26: conditional_knockout snapshot — R16 complete (matches 73–96 pinned),BE,Belgium,0.011750,0.024747
knockout,2adc2da1,2026-07-08T13:02:03+03:00,2026-07-07T18:38:44Z,96,wc26: conditional_knockout snapshot — R16 complete (matches 73–96 pinned),MA,Morocco,0.006080,0.029798
knockout,2adc2da1,2026-07-08T13:02:03+03:00,2026-07-07T18:38:44Z,96,wc26: conditional_knockout snapshot — R16 complete (matches 73–96 pinned),NO,Norway,0.018770,0.060101
knockout,2adc2da1,2026-07-08T13:02:03+03:00,2026-07-07T18:38:44Z,96,wc26: conditional_knockout snapshot — R16 complete (matches 73–96 pinned),EN,England,0.108000,0.158081
knockout,2adc2da1,2026-07-08T13:02:03+03:00,2026-07-07T18:38:44Z,96,wc26: conditional_knockout snapshot — R16 complete (matches 73–96 pinned),FR,France,0.234830,0.329798
knockout,7d5671e6,2026-07-09T14:01:06+03:00,2026-07-09T09:37:59Z,96,"wc26: conditional_knockout snapshot — market refresh, no new results (96 pinned)",ES,Spain,0.315900,0.186753
knockout,7d5671e6,2026-07-09T14:01:06+03:00,2026-07-09T09:37:59Z,96,"wc26: conditional_knockout snapshot — market refresh, no new results (96 pinned)",AR,Argentina,0.292390,0.199701
knockout,7d5671e6,2026-07-09T14:01:06+03:00,2026-07-09T09:37:59Z,96,"wc26: conditional_knockout snapshot — market refresh, no new results (96 pinned)",CO,Colombia,0.000000,0.000000
knockout,7d5671e6,2026-07-09T14:01:06+03:00,2026-07-09T09:37:59Z,96,"wc26: conditional_knockout snapshot — market refresh, no new results (96 pinned)",PT,Portugal,0.000000,0.000000
knockout,7d5671e6,2026-07-09T14:01:06+03:00,2026-07-09T09:37:59Z,96,"wc26: conditional_knockout snapshot — market refresh, no new results (96 pinned)",BR,Brazil,0.000000,0.000000
knockout,7d5671e6,2026-07-09T14:01:06+03:00,2026-07-09T09:37:59Z,96,"wc26: conditional_knockout snapshot — market refresh, no new results (96 pinned)",NL,Netherlands,0.000000,0.000000
knockout,7d5671e6,2026-07-09T14:01:06+03:00,2026-07-09T09:37:59Z,96,"wc26: conditional_knockout snapshot — market refresh, no new results (96 pinned)",MX,Mexico,0.000000,0.000000
knockout,7d5671e6,2026-07-09T14:01:06+03:00,2026-07-09T09:37:59Z,96,"wc26: conditional_knockout snapshot — market refresh, no new results (96 pinned)",DE,Germany,0.000000,0.000000
knockout,7d5671e6,2026-07-09T14:01:06+03:00,2026-07-09T09:37:59Z,96,"wc26: conditional_knockout snapshot — market refresh, no new results (96 pinned)",JP,Japan,0.000000,0.000000
knockout,7d5671e6,2026-07-09T14:01:06+03:00,2026-07-09T09:37:59Z,96,"wc26: conditional_knockout snapshot — market refresh, no new results (96 pinned)",HR,Croatia,0.000000,0.000000
knockout,7d5671e6,2026-07-09T14:01:06+03:00,2026-07-09T09:37:59Z,96,"wc26: conditional_knockout snapshot — market refresh, no new results (96 pinned)",EC,Ecuador,0.000000,0.000000
knockout,7d5671e6,2026-07-09T14:01:06+03:00,2026-07-09T09:37:59Z,96,"wc26: conditional_knockout snapshot — market refresh, no new results (96 pinned)",TR,Turkey,0.000000,0.000000
knockout,7d5671e6,2026-07-09T14:01:06+03:00,2026-07-09T09:37:59Z,96,"wc26: conditional_knockout snapshot — market refresh, no new results (96 pinned)",UY,Uruguay,0.000000,0.000000
knockout,7d5671e6,2026-07-09T14:01:06+03:00,2026-07-09T09:37:59Z,96,"wc26: conditional_knockout snapshot — market refresh, no new results (96 pinned)",AT,Austria,0.000000,0.000000
knockout,7d5671e6,2026-07-09T14:01:06+03:00,2026-07-09T09:37:59Z,96,"wc26: conditional_knockout snapshot — market refresh, no new results (96 pinned)",SN,Senegal,0.000000,0.000000
knockout,7d5671e6,2026-07-09T14:01:06+03:00,2026-07-09T09:37:59Z,96,"wc26: conditional_knockout snapshot — market refresh, no new results (96 pinned)",PY,Paraguay,0.000000,0.000000
knockout,7d5671e6,2026-07-09T14:01:06+03:00,2026-07-09T09:37:59Z,96,"wc26: conditional_knockout snapshot — market refresh, no new results (96 pinned)",AU,Australia,0.000000,0.000000
knockout,7d5671e6,2026-07-09T14:01:06+03:00,2026-07-09T09:37:59Z,96,"wc26: conditional_knockout snapshot — market refresh, no new results (96 pinned)",IR,Iran,0.000000,0.000000
knockout,7d5671e6,2026-07-09T14:01:06+03:00,2026-07-09T09:37:59Z,96,"wc26: conditional_knockout snapshot — market refresh, no new results (96 pinned)",DZ,Algeria,0.000000,0.000000
knockout,7d5671e6,2026-07-09T14:01:06+03:00,2026-07-09T09:37:59Z,96,"wc26: conditional_knockout snapshot — market refresh, no new results (96 pinned)",US,United States,0.000000,0.000000
knockout,7d5671e6,2026-07-09T14:01:06+03:00,2026-07-09T09:37:59Z,96,"wc26: conditional_knockout snapshot — market refresh, no new results (96 pinned)",SQ,Scotland,0.000000,0.000000
knockout,7d5671e6,2026-07-09T14:01:06+03:00,2026-07-09T09:37:59Z,96,"wc26: conditional_knockout snapshot — market refresh, no new results (96 pinned)",EG,Egypt,0.000000,0.000000
knockout,7d5671e6,2026-07-09T14:01:06+03:00,2026-07-09T09:37:59Z,96,"wc26: conditional_knockout snapshot — market refresh, no new results (96 pinned)",SE,Sweden,0.000000,0.000000
knockout,7d5671e6,2026-07-09T14:01:06+03:00,2026-07-09T09:37:59Z,96,"wc26: conditional_knockout snapshot — market refresh, no new results (96 pinned)",CA,Canada,0.000000,0.000000
knockout,7d5671e6,2026-07-09T14:01:06+03:00,2026-07-09T09:37:59Z,96,"wc26: conditional_knockout snapshot — market refresh, no new results (96 pinned)",CI,Ivory Coast,0.000000,0.000000
knockout,7d5671e6,2026-07-09T14:01:06+03:00,2026-07-09T09:37:59Z,96,"wc26: conditional_knockout snapshot — market refresh, no new results (96 pinned)",KR,South Korea,0.000000,0.000000
knockout,7d5671e6,2026-07-09T14:01:06+03:00,2026-07-09T09:37:59Z,96,"wc26: conditional_knockout snapshot — market refresh, no new results (96 pinned)",CD,DR Congo,0.000000,0.000000
knockout,7d5671e6,2026-07-09T14:01:06+03:00,2026-07-09T09:37:59Z,96,"wc26: conditional_knockout snapshot — market refresh, no new results (96 pinned)",CZ,Czech Republic,0.000000,0.000000
knockout,7d5671e6,2026-07-09T14:01:06+03:00,2026-07-09T09:37:59Z,96,"wc26: conditional_knockout snapshot — market refresh, no new results (96 pinned)",PA,Panama,0.000000,0.000000
knockout,7d5671e6,2026-07-09T14:01:06+03:00,2026-07-09T09:37:59Z,96,"wc26: conditional_knockout snapshot — market refresh, no new results (96 pinned)",UZ,Uzbekistan,0.000000,0.000000
knockout,7d5671e6,2026-07-09T14:01:06+03:00,2026-07-09T09:37:59Z,96,"wc26: conditional_knockout snapshot — market refresh, no new results (96 pinned)",JO,Jordan,0.000000,0.000000
knockout,7d5671e6,2026-07-09T14:01:06+03:00,2026-07-09T09:37:59Z,96,"wc26: conditional_knockout snapshot — market refresh, no new results (96 pinned)",CV,Cape Verde,0.000000,0.000000
knockout,7d5671e6,2026-07-09T14:01:06+03:00,2026-07-09T09:37:59Z,96,"wc26: conditional_knockout snapshot — market refresh, no new results (96 pinned)",BA,Bosnia and Herzegovina,0.000000,0.000000
knockout,7d5671e6,2026-07-09T14:01:06+03:00,2026-07-09T09:37:59Z,96,"wc26: conditional_knockout snapshot — market refresh, no new results (96 pinned)",SA,Saudi Arabia,0.000000,0.000000
knockout,7d5671e6,2026-07-09T14:01:06+03:00,2026-07-09T09:37:59Z,96,"wc26: conditional_knockout snapshot — market refresh, no new results (96 pinned)",GH,Ghana,0.000000,0.000000
knockout,7d5671e6,2026-07-09T14:01:06+03:00,2026-07-09T09:37:59Z,96,"wc26: conditional_knockout snapshot — market refresh, no new results (96 pinned)",TN,Tunisia,0.000000,0.000000
knockout,7d5671e6,2026-07-09T14:01:06+03:00,2026-07-09T09:37:59Z,96,"wc26: conditional_knockout snapshot — market refresh, no new results (96 pinned)",IQ,Iraq,0.000000,0.000000
knockout,7d5671e6,2026-07-09T14:01:06+03:00,2026-07-09T09:37:59Z,96,"wc26: conditional_knockout snapshot — market refresh, no new results (96 pinned)",ZA,South Africa,0.000000,0.000000
knockout,7d5671e6,2026-07-09T14:01:06+03:00,2026-07-09T09:37:59Z,96,"wc26: conditional_knockout snapshot — market refresh, no new results (96 pinned)",NZ,New Zealand,0.000000,0.000000
knockout,7d5671e6,2026-07-09T14:01:06+03:00,2026-07-09T09:37:59Z,96,"wc26: conditional_knockout snapshot — market refresh, no new results (96 pinned)",HT,Haiti,0.000000,0.000000
knockout,7d5671e6,2026-07-09T14:01:06+03:00,2026-07-09T09:37:59Z,96,"wc26: conditional_knockout snapshot — market refresh, no new results (96 pinned)",CW,Curaçao,0.000000,0.000000
knockout,7d5671e6,2026-07-09T14:01:06+03:00,2026-07-09T09:37:59Z,96,"wc26: conditional_knockout snapshot — market refresh, no new results (96 pinned)",QA,Qatar,0.000000,0.000000
knockout,7d5671e6,2026-07-09T14:01:06+03:00,2026-07-09T09:37:59Z,96,"wc26: conditional_knockout snapshot — market refresh, no new results (96 pinned)",CH,Switzerland,0.011670,0.021414
knockout,7d5671e6,2026-07-09T14:01:06+03:00,2026-07-09T09:37:59Z,96,"wc26: conditional_knockout snapshot — market refresh, no new results (96 pinned)",BE,Belgium,0.011810,0.024402
knockout,7d5671e6,2026-07-09T14:01:06+03:00,2026-07-09T09:37:59Z,96,"wc26: conditional_knockout snapshot — market refresh, no new results (96 pinned)",MA,Morocco,0.006080,0.030378
knockout,7d5671e6,2026-07-09T14:01:06+03:00,2026-07-09T09:37:59Z,96,"wc26: conditional_knockout snapshot — market refresh, no new results (96 pinned)",NO,Norway,0.018770,0.060259
knockout,7d5671e6,2026-07-09T14:01:06+03:00,2026-07-09T09:37:59Z,96,"wc26: conditional_knockout snapshot — market refresh, no new results (96 pinned)",EN,England,0.108260,0.158865
knockout,7d5671e6,2026-07-09T14:01:06+03:00,2026-07-09T09:37:59Z,96,"wc26: conditional_knockout snapshot — market refresh, no new results (96 pinned)",FR,France,0.235100,0.318227
knockout,761fe25e,2026-07-10T09:42:23+03:00,2026-07-10T06:13:07Z,97,wc26: conditional_knockout snapshot — France into SF (match 97 pinned),ES,Spain,0.271560,0.171414
knockout,761fe25e,2026-07-10T09:42:23+03:00,2026-07-10T06:13:07Z,97,wc26: conditional_knockout snapshot — France into SF (match 97 pinned),AR,Argentina,0.276330,0.182409
knockout,761fe25e,2026-07-10T09:42:23+03:00,2026-07-10T06:13:07Z,97,wc26: conditional_knockout snapshot — France into SF (match 97 pinned),CO,Colombia,0.000000,0.000000
knockout,761fe25e,2026-07-10T09:42:23+03:00,2026-07-10T06:13:07Z,97,wc26: conditional_knockout snapshot — France into SF (match 97 pinned),PT,Portugal,0.000000,0.000000
knockout,761fe25e,2026-07-10T09:42:23+03:00,2026-07-10T06:13:07Z,97,wc26: conditional_knockout snapshot — France into SF (match 97 pinned),BR,Brazil,0.000000,0.000000
knockout,761fe25e,2026-07-10T09:42:23+03:00,2026-07-10T06:13:07Z,97,wc26: conditional_knockout snapshot — France into SF (match 97 pinned),NL,Netherlands,0.000000,0.000000
knockout,761fe25e,2026-07-10T09:42:23+03:00,2026-07-10T06:13:07Z,97,wc26: conditional_knockout snapshot — France into SF (match 97 pinned),MX,Mexico,0.000000,0.000000
knockout,761fe25e,2026-07-10T09:42:23+03:00,2026-07-10T06:13:07Z,97,wc26: conditional_knockout snapshot — France into SF (match 97 pinned),DE,Germany,0.000000,0.000000
knockout,761fe25e,2026-07-10T09:42:23+03:00,2026-07-10T06:13:07Z,97,wc26: conditional_knockout snapshot — France into SF (match 97 pinned),MA,Morocco,0.000000,0.000000
knockout,761fe25e,2026-07-10T09:42:23+03:00,2026-07-10T06:13:07Z,97,wc26: conditional_knockout snapshot — France into SF (match 97 pinned),JP,Japan,0.000000,0.000000
knockout,761fe25e,2026-07-10T09:42:23+03:00,2026-07-10T06:13:07Z,97,wc26: conditional_knockout snapshot — France into SF (match 97 pinned),HR,Croatia,0.000000,0.000000
knockout,761fe25e,2026-07-10T09:42:23+03:00,2026-07-10T06:13:07Z,97,wc26: conditional_knockout snapshot — France into SF (match 97 pinned),EC,Ecuador,0.000000,0.000000
knockout,761fe25e,2026-07-10T09:42:23+03:00,2026-07-10T06:13:07Z,97,wc26: conditional_knockout snapshot — France into SF (match 97 pinned),TR,Turkey,0.000000,0.000000
knockout,761fe25e,2026-07-10T09:42:23+03:00,2026-07-10T06:13:07Z,97,wc26: conditional_knockout snapshot — France into SF (match 97 pinned),UY,Uruguay,0.000000,0.000000
knockout,761fe25e,2026-07-10T09:42:23+03:00,2026-07-10T06:13:07Z,97,wc26: conditional_knockout snapshot — France into SF (match 97 pinned),AT,Austria,0.000000,0.000000
knockout,761fe25e,2026-07-10T09:42:23+03:00,2026-07-10T06:13:07Z,97,wc26: conditional_knockout snapshot — France into SF (match 97 pinned),SN,Senegal,0.000000,0.000000
knockout,761fe25e,2026-07-10T09:42:23+03:00,2026-07-10T06:13:07Z,97,wc26: conditional_knockout snapshot — France into SF (match 97 pinned),PY,Paraguay,0.000000,0.000000
knockout,761fe25e,2026-07-10T09:42:23+03:00,2026-07-10T06:13:07Z,97,wc26: conditional_knockout snapshot — France into SF (match 97 pinned),AU,Australia,0.000000,0.000000
knockout,761fe25e,2026-07-10T09:42:23+03:00,2026-07-10T06:13:07Z,97,wc26: conditional_knockout snapshot — France into SF (match 97 pinned),IR,Iran,0.000000,0.000000
knockout,761fe25e,2026-07-10T09:42:23+03:00,2026-07-10T06:13:07Z,97,wc26: conditional_knockout snapshot — France into SF (match 97 pinned),DZ,Algeria,0.000000,0.000000
knockout,761fe25e,2026-07-10T09:42:23+03:00,2026-07-10T06:13:07Z,97,wc26: conditional_knockout snapshot — France into SF (match 97 pinned),US,United States,0.000000,0.000000
knockout,761fe25e,2026-07-10T09:42:23+03:00,2026-07-10T06:13:07Z,97,wc26: conditional_knockout snapshot — France into SF (match 97 pinned),SQ,Scotland,0.000000,0.000000
knockout,761fe25e,2026-07-10T09:42:23+03:00,2026-07-10T06:13:07Z,97,wc26: conditional_knockout snapshot — France into SF (match 97 pinned),EG,Egypt,0.000000,0.000000
knockout,761fe25e,2026-07-10T09:42:23+03:00,2026-07-10T06:13:07Z,97,wc26: conditional_knockout snapshot — France into SF (match 97 pinned),SE,Sweden,0.000000,0.000000
knockout,761fe25e,2026-07-10T09:42:23+03:00,2026-07-10T06:13:07Z,97,wc26: conditional_knockout snapshot — France into SF (match 97 pinned),CA,Canada,0.000000,0.000000
knockout,761fe25e,2026-07-10T09:42:23+03:00,2026-07-10T06:13:07Z,97,wc26: conditional_knockout snapshot — France into SF (match 97 pinned),CI,Ivory Coast,0.000000,0.000000
knockout,761fe25e,2026-07-10T09:42:23+03:00,2026-07-10T06:13:07Z,97,wc26: conditional_knockout snapshot — France into SF (match 97 pinned),KR,South Korea,0.000000,0.000000
knockout,761fe25e,2026-07-10T09:42:23+03:00,2026-07-10T06:13:07Z,97,wc26: conditional_knockout snapshot — France into SF (match 97 pinned),CD,DR Congo,0.000000,0.000000
knockout,761fe25e,2026-07-10T09:42:23+03:00,2026-07-10T06:13:07Z,97,wc26: conditional_knockout snapshot — France into SF (match 97 pinned),CZ,Czech Republic,0.000000,0.000000
knockout,761fe25e,2026-07-10T09:42:23+03:00,2026-07-10T06:13:07Z,97,wc26: conditional_knockout snapshot — France into SF (match 97 pinned),PA,Panama,0.000000,0.000000
knockout,761fe25e,2026-07-10T09:42:23+03:00,2026-07-10T06:13:07Z,97,wc26: conditional_knockout snapshot — France into SF (match 97 pinned),UZ,Uzbekistan,0.000000,0.000000
knockout,761fe25e,2026-07-10T09:42:23+03:00,2026-07-10T06:13:07Z,97,wc26: conditional_knockout snapshot — France into SF (match 97 pinned),JO,Jordan,0.000000,0.000000
knockout,761fe25e,2026-07-10T09:42:23+03:00,2026-07-10T06:13:07Z,97,wc26: conditional_knockout snapshot — France into SF (match 97 pinned),CV,Cape Verde,0.000000,0.000000
knockout,761fe25e,2026-07-10T09:42:23+03:00,2026-07-10T06:13:07Z,97,wc26: conditional_knockout snapshot — France into SF (match 97 pinned),BA,Bosnia and Herzegovina,0.000000,0.000000
knockout,761fe25e,2026-07-10T09:42:23+03:00,2026-07-10T06:13:07Z,97,wc26: conditional_knockout snapshot — France into SF (match 97 pinned),SA,Saudi Arabia,0.000000,0.000000
knockout,761fe25e,2026-07-10T09:42:23+03:00,2026-07-10T06:13:07Z,97,wc26: conditional_knockout snapshot — France into SF (match 97 pinned),GH,Ghana,0.000000,0.000000
knockout,761fe25e,2026-07-10T09:42:23+03:00,2026-07-10T06:13:07Z,97,wc26: conditional_knockout snapshot — France into SF (match 97 pinned),TN,Tunisia,0.000000,0.000000
knockout,761fe25e,2026-07-10T09:42:23+03:00,2026-07-10T06:13:07Z,97,wc26: conditional_knockout snapshot — France into SF (match 97 pinned),IQ,Iraq,0.000000,0.000000
knockout,761fe25e,2026-07-10T09:42:23+03:00,2026-07-10T06:13:07Z,97,wc26: conditional_knockout snapshot — France into SF (match 97 pinned),ZA,South Africa,0.000000,0.000000
knockout,761fe25e,2026-07-10T09:42:23+03:00,2026-07-10T06:13:07Z,97,wc26: conditional_knockout snapshot — France into SF (match 97 pinned),NZ,New Zealand,0.000000,0.000000
knockout,761fe25e,2026-07-10T09:42:23+03:00,2026-07-10T06:13:07Z,97,wc26: conditional_knockout snapshot — France into SF (match 97 pinned),HT,Haiti,0.000000,0.000000
knockout,761fe25e,2026-07-10T09:42:23+03:00,2026-07-10T06:13:07Z,97,wc26: conditional_knockout snapshot — France into SF (match 97 pinned),CW,Curaçao,0.000000,0.000000
knockout,761fe25e,2026-07-10T09:42:23+03:00,2026-07-10T06:13:07Z,97,wc26: conditional_knockout snapshot — France into SF (match 97 pinned),QA,Qatar,0.000000,0.000000
knockout,761fe25e,2026-07-10T09:42:23+03:00,2026-07-10T06:13:07Z,97,wc26: conditional_knockout snapshot — France into SF (match 97 pinned),CH,Switzerland,0.010340,0.019490
knockout,761fe25e,2026-07-10T09:42:23+03:00,2026-07-10T06:13:07Z,97,wc26: conditional_knockout snapshot — France into SF (match 97 pinned),BE,Belgium,0.008130,0.021489
knockout,761fe25e,2026-07-10T09:42:23+03:00,2026-07-10T06:13:07Z,97,wc26: conditional_knockout snapshot — France into SF (match 97 pinned),NO,Norway,0.016610,0.060470
knockout,761fe25e,2026-07-10T09:42:23+03:00,2026-07-10T06:13:07Z,97,wc26: conditional_knockout snapshot — France into SF (match 97 pinned),EN,England,0.099710,0.159420
knockout,761fe25e,2026-07-10T09:42:23+03:00,2026-07-10T06:13:07Z,97,wc26: conditional_knockout snapshot — France into SF (match 97 pinned),FR,France,0.317310,0.385307
knockout,6fd6db5a,2026-07-11T08:26:34+03:00,2026-07-10T21:09:28Z,98,wc26: conditional_knockout snapshot — Spain into SF (match 98 pinned),ES,Spain,0.326050,0.209864
knockout,6fd6db5a,2026-07-11T08:26:34+03:00,2026-07-10T21:09:28Z,98,wc26: conditional_knockout snapshot — Spain into SF (match 98 pinned),AR,Argentina,0.269280,0.183694
knockout,6fd6db5a,2026-07-11T08:26:34+03:00,2026-07-10T21:09:28Z,98,wc26: conditional_knockout snapshot — Spain into SF (match 98 pinned),CO,Colombia,0.000000,0.000000
knockout,6fd6db5a,2026-07-11T08:26:34+03:00,2026-07-10T21:09:28Z,98,wc26: conditional_knockout snapshot — Spain into SF (match 98 pinned),PT,Portugal,0.000000,0.000000
knockout,6fd6db5a,2026-07-11T08:26:34+03:00,2026-07-10T21:09:28Z,98,wc26: conditional_knockout snapshot — Spain into SF (match 98 pinned),BR,Brazil,0.000000,0.000000
knockout,6fd6db5a,2026-07-11T08:26:34+03:00,2026-07-10T21:09:28Z,98,wc26: conditional_knockout snapshot — Spain into SF (match 98 pinned),NL,Netherlands,0.000000,0.000000
knockout,6fd6db5a,2026-07-11T08:26:34+03:00,2026-07-10T21:09:28Z,98,wc26: conditional_knockout snapshot — Spain into SF (match 98 pinned),MX,Mexico,0.000000,0.000000
knockout,6fd6db5a,2026-07-11T08:26:34+03:00,2026-07-10T21:09:28Z,98,wc26: conditional_knockout snapshot — Spain into SF (match 98 pinned),DE,Germany,0.000000,0.000000
knockout,6fd6db5a,2026-07-11T08:26:34+03:00,2026-07-10T21:09:28Z,98,wc26: conditional_knockout snapshot — Spain into SF (match 98 pinned),MA,Morocco,0.000000,0.000000
knockout,6fd6db5a,2026-07-11T08:26:34+03:00,2026-07-10T21:09:28Z,98,wc26: conditional_knockout snapshot — Spain into SF (match 98 pinned),JP,Japan,0.000000,0.000000
knockout,6fd6db5a,2026-07-11T08:26:34+03:00,2026-07-10T21:09:28Z,98,wc26: conditional_knockout snapshot — Spain into SF (match 98 pinned),HR,Croatia,0.000000,0.000000
knockout,6fd6db5a,2026-07-11T08:26:34+03:00,2026-07-10T21:09:28Z,98,wc26: conditional_knockout snapshot — Spain into SF (match 98 pinned),EC,Ecuador,0.000000,0.000000
knockout,6fd6db5a,2026-07-11T08:26:34+03:00,2026-07-10T21:09:28Z,98,wc26: conditional_knockout snapshot — Spain into SF (match 98 pinned),TR,Turkey,0.000000,0.000000
knockout,6fd6db5a,2026-07-11T08:26:34+03:00,2026-07-10T21:09:28Z,98,wc26: conditional_knockout snapshot — Spain into SF (match 98 pinned),UY,Uruguay,0.000000,0.000000
knockout,6fd6db5a,2026-07-11T08:26:34+03:00,2026-07-10T21:09:28Z,98,wc26: conditional_knockout snapshot — Spain into SF (match 98 pinned),AT,Austria,0.000000,0.000000
knockout,6fd6db5a,2026-07-11T08:26:34+03:00,2026-07-10T21:09:28Z,98,wc26: conditional_knockout snapshot — Spain into SF (match 98 pinned),SN,Senegal,0.000000,0.000000
knockout,6fd6db5a,2026-07-11T08:26:34+03:00,2026-07-10T21:09:28Z,98,wc26: conditional_knockout snapshot — Spain into SF (match 98 pinned),PY,Paraguay,0.000000,0.000000
knockout,6fd6db5a,2026-07-11T08:26:34+03:00,2026-07-10T21:09:28Z,98,wc26: conditional_knockout snapshot — Spain into SF (match 98 pinned),AU,Australia,0.000000,0.000000
knockout,6fd6db5a,2026-07-11T08:26:34+03:00,2026-07-10T21:09:28Z,98,wc26: conditional_knockout snapshot — Spain into SF (match 98 pinned),IR,Iran,0.000000,0.000000
knockout,6fd6db5a,2026-07-11T08:26:34+03:00,2026-07-10T21:09:28Z,98,wc26: conditional_knockout snapshot — Spain into SF (match 98 pinned),DZ,Algeria,0.000000,0.000000
knockout,6fd6db5a,2026-07-11T08:26:34+03:00,2026-07-10T21:09:28Z,98,wc26: conditional_knockout snapshot — Spain into SF (match 98 pinned),US,United States,0.000000,0.000000
knockout,6fd6db5a,2026-07-11T08:26:34+03:00,2026-07-10T21:09:28Z,98,wc26: conditional_knockout snapshot — Spain into SF (match 98 pinned),SQ,Scotland,0.000000,0.000000
knockout,6fd6db5a,2026-07-11T08:26:34+03:00,2026-07-10T21:09:28Z,98,wc26: conditional_knockout snapshot — Spain into SF (match 98 pinned),EG,Egypt,0.000000,0.000000
knockout,6fd6db5a,2026-07-11T08:26:34+03:00,2026-07-10T21:09:28Z,98,wc26: conditional_knockout snapshot — Spain into SF (match 98 pinned),SE,Sweden,0.000000,0.000000
knockout,6fd6db5a,2026-07-11T08:26:34+03:00,2026-07-10T21:09:28Z,98,wc26: conditional_knockout snapshot — Spain into SF (match 98 pinned),CA,Canada,0.000000,0.000000
knockout,6fd6db5a,2026-07-11T08:26:34+03:00,2026-07-10T21:09:28Z,98,wc26: conditional_knockout snapshot — Spain into SF (match 98 pinned),CI,Ivory Coast,0.000000,0.000000
knockout,6fd6db5a,2026-07-11T08:26:34+03:00,2026-07-10T21:09:28Z,98,wc26: conditional_knockout snapshot — Spain into SF (match 98 pinned),KR,South Korea,0.000000,0.000000
knockout,6fd6db5a,2026-07-11T08:26:34+03:00,2026-07-10T21:09:28Z,98,wc26: conditional_knockout snapshot — Spain into SF (match 98 pinned),CD,DR Congo,0.000000,0.000000
knockout,6fd6db5a,2026-07-11T08:26:34+03:00,2026-07-10T21:09:28Z,98,wc26: conditional_knockout snapshot — Spain into SF (match 98 pinned),CZ,Czech Republic,0.000000,0.000000
knockout,6fd6db5a,2026-07-11T08:26:34+03:00,2026-07-10T21:09:28Z,98,wc26: conditional_knockout snapshot — Spain into SF (match 98 pinned),PA,Panama,0.000000,0.000000
knockout,6fd6db5a,2026-07-11T08:26:34+03:00,2026-07-10T21:09:28Z,98,wc26: conditional_knockout snapshot — Spain into SF (match 98 pinned),UZ,Uzbekistan,0.000000,0.000000
knockout,6fd6db5a,2026-07-11T08:26:34+03:00,2026-07-10T21:09:28Z,98,wc26: conditional_knockout snapshot — Spain into SF (match 98 pinned),JO,Jordan,0.000000,0.000000
knockout,6fd6db5a,2026-07-11T08:26:34+03:00,2026-07-10T21:09:28Z,98,wc26: conditional_knockout snapshot — Spain into SF (match 98 pinned),CV,Cape Verde,0.000000,0.000000
knockout,6fd6db5a,2026-07-11T08:26:34+03:00,2026-07-10T21:09:28Z,98,wc26: conditional_knockout snapshot — Spain into SF (match 98 pinned),BA,Bosnia and Herzegovina,0.000000,0.000000
knockout,6fd6db5a,2026-07-11T08:26:34+03:00,2026-07-10T21:09:28Z,98,wc26: conditional_knockout snapshot — Spain into SF (match 98 pinned),SA,Saudi Arabia,0.000000,0.000000
knockout,6fd6db5a,2026-07-11T08:26:34+03:00,2026-07-10T21:09:28Z,98,wc26: conditional_knockout snapshot — Spain into SF (match 98 pinned),GH,Ghana,0.000000,0.000000
knockout,6fd6db5a,2026-07-11T08:26:34+03:00,2026-07-10T21:09:28Z,98,wc26: conditional_knockout snapshot — Spain into SF (match 98 pinned),TN,Tunisia,0.000000,0.000000
knockout,6fd6db5a,2026-07-11T08:26:34+03:00,2026-07-10T21:09:28Z,98,wc26: conditional_knockout snapshot — Spain into SF (match 98 pinned),IQ,Iraq,0.000000,0.000000
knockout,6fd6db5a,2026-07-11T08:26:34+03:00,2026-07-10T21:09:28Z,98,wc26: conditional_knockout snapshot — Spain into SF (match 98 pinned),ZA,South Africa,0.000000,0.000000
knockout,6fd6db5a,2026-07-11T08:26:34+03:00,2026-07-10T21:09:28Z,98,wc26: conditional_knockout snapshot — Spain into SF (match 98 pinned),NZ,New Zealand,0.000000,0.000000
knockout,6fd6db5a,2026-07-11T08:26:34+03:00,2026-07-10T21:09:28Z,98,wc26: conditional_knockout snapshot — Spain into SF (match 98 pinned),HT,Haiti,0.000000,0.000000
knockout,6fd6db5a,2026-07-11T08:26:34+03:00,2026-07-10T21:09:28Z,98,wc26: conditional_knockout snapshot — Spain into SF (match 98 pinned),CW,Curaçao,0.000000,0.000000
knockout,6fd6db5a,2026-07-11T08:26:34+03:00,2026-07-10T21:09:28Z,98,wc26: conditional_knockout snapshot — Spain into SF (match 98 pinned),QA,Qatar,0.000000,0.000000
knockout,6fd6db5a,2026-07-11T08:26:34+03:00,2026-07-10T21:09:28Z,98,wc26: conditional_knockout snapshot — Spain into SF (match 98 pinned),BE,Belgium,0.000000,0.000503
knockout,6fd6db5a,2026-07-11T08:26:34+03:00,2026-07-10T21:09:28Z,98,wc26: conditional_knockout snapshot — Spain into SF (match 98 pinned),CH,Switzerland,0.009670,0.016608
knockout,6fd6db5a,2026-07-11T08:26:34+03:00,2026-07-10T21:09:28Z,98,wc26: conditional_knockout snapshot — Spain into SF (match 98 pinned),NO,Norway,0.015650,0.060896
knockout,6fd6db5a,2026-07-11T08:26:34+03:00,2026-07-10T21:09:28Z,98,wc26: conditional_knockout snapshot — Spain into SF (match 98 pinned),EN,England,0.096030,0.149472
knockout,6fd6db5a,2026-07-11T08:26:34+03:00,2026-07-10T21:09:28Z,98,wc26: conditional_knockout snapshot — Spain into SF (match 98 pinned),FR,France,0.283310,0.378963
knockout,0177bc44,2026-07-11T19:17:38+03:00,2026-07-11T05:27:17Z,98,"wc26: conditional_knockout snapshot — Elo refresh (Spain 2177→2190), no new results",ES,Spain,0.352130,0.215377
knockout,0177bc44,2026-07-11T19:17:38+03:00,2026-07-11T05:27:17Z,98,"wc26: conditional_knockout snapshot — Elo refresh (Spain 2177→2190), no new results",AR,Argentina,0.261920,0.179735
knockout,0177bc44,2026-07-11T19:17:38+03:00,2026-07-11T05:27:17Z,98,"wc26: conditional_knockout snapshot — Elo refresh (Spain 2177→2190), no new results",CO,Colombia,0.000000,0.000000
knockout,0177bc44,2026-07-11T19:17:38+03:00,2026-07-11T05:27:17Z,98,"wc26: conditional_knockout snapshot — Elo refresh (Spain 2177→2190), no new results",PT,Portugal,0.000000,0.000000
knockout,0177bc44,2026-07-11T19:17:38+03:00,2026-07-11T05:27:17Z,98,"wc26: conditional_knockout snapshot — Elo refresh (Spain 2177→2190), no new results",BR,Brazil,0.000000,0.000000
knockout,0177bc44,2026-07-11T19:17:38+03:00,2026-07-11T05:27:17Z,98,"wc26: conditional_knockout snapshot — Elo refresh (Spain 2177→2190), no new results",NL,Netherlands,0.000000,0.000000
knockout,0177bc44,2026-07-11T19:17:38+03:00,2026-07-11T05:27:17Z,98,"wc26: conditional_knockout snapshot — Elo refresh (Spain 2177→2190), no new results",BE,Belgium,0.000000,0.000000
knockout,0177bc44,2026-07-11T19:17:38+03:00,2026-07-11T05:27:17Z,98,"wc26: conditional_knockout snapshot — Elo refresh (Spain 2177→2190), no new results",MX,Mexico,0.000000,0.000000
knockout,0177bc44,2026-07-11T19:17:38+03:00,2026-07-11T05:27:17Z,98,"wc26: conditional_knockout snapshot — Elo refresh (Spain 2177→2190), no new results",DE,Germany,0.000000,0.000000
knockout,0177bc44,2026-07-11T19:17:38+03:00,2026-07-11T05:27:17Z,98,"wc26: conditional_knockout snapshot — Elo refresh (Spain 2177→2190), no new results",MA,Morocco,0.000000,0.000000
knockout,0177bc44,2026-07-11T19:17:38+03:00,2026-07-11T05:27:17Z,98,"wc26: conditional_knockout snapshot — Elo refresh (Spain 2177→2190), no new results",JP,Japan,0.000000,0.000000
knockout,0177bc44,2026-07-11T19:17:38+03:00,2026-07-11T05:27:17Z,98,"wc26: conditional_knockout snapshot — Elo refresh (Spain 2177→2190), no new results",HR,Croatia,0.000000,0.000000
knockout,0177bc44,2026-07-11T19:17:38+03:00,2026-07-11T05:27:17Z,98,"wc26: conditional_knockout snapshot — Elo refresh (Spain 2177→2190), no new results",EC,Ecuador,0.000000,0.000000
knockout,0177bc44,2026-07-11T19:17:38+03:00,2026-07-11T05:27:17Z,98,"wc26: conditional_knockout snapshot — Elo refresh (Spain 2177→2190), no new results",TR,Turkey,0.000000,0.000000
knockout,0177bc44,2026-07-11T19:17:38+03:00,2026-07-11T05:27:17Z,98,"wc26: conditional_knockout snapshot — Elo refresh (Spain 2177→2190), no new results",UY,Uruguay,0.000000,0.000000
knockout,0177bc44,2026-07-11T19:17:38+03:00,2026-07-11T05:27:17Z,98,"wc26: conditional_knockout snapshot — Elo refresh (Spain 2177→2190), no new results",AT,Austria,0.000000,0.000000
knockout,0177bc44,2026-07-11T19:17:38+03:00,2026-07-11T05:27:17Z,98,"wc26: conditional_knockout snapshot — Elo refresh (Spain 2177→2190), no new results",SN,Senegal,0.000000,0.000000
knockout,0177bc44,2026-07-11T19:17:38+03:00,2026-07-11T05:27:17Z,98,"wc26: conditional_knockout snapshot — Elo refresh (Spain 2177→2190), no new results",PY,Paraguay,0.000000,0.000000
knockout,0177bc44,2026-07-11T19:17:38+03:00,2026-07-11T05:27:17Z,98,"wc26: conditional_knockout snapshot — Elo refresh (Spain 2177→2190), no new results",AU,Australia,0.000000,0.000000
knockout,0177bc44,2026-07-11T19:17:38+03:00,2026-07-11T05:27:17Z,98,"wc26: conditional_knockout snapshot — Elo refresh (Spain 2177→2190), no new results",IR,Iran,0.000000,0.000000
knockout,0177bc44,2026-07-11T19:17:38+03:00,2026-07-11T05:27:17Z,98,"wc26: conditional_knockout snapshot — Elo refresh (Spain 2177→2190), no new results",DZ,Algeria,0.000000,0.000000
knockout,0177bc44,2026-07-11T19:17:38+03:00,2026-07-11T05:27:17Z,98,"wc26: conditional_knockout snapshot — Elo refresh (Spain 2177→2190), no new results",US,United States,0.000000,0.000000
knockout,0177bc44,2026-07-11T19:17:38+03:00,2026-07-11T05:27:17Z,98,"wc26: conditional_knockout snapshot — Elo refresh (Spain 2177→2190), no new results",SQ,Scotland,0.000000,0.000000
knockout,0177bc44,2026-07-11T19:17:38+03:00,2026-07-11T05:27:17Z,98,"wc26: conditional_knockout snapshot — Elo refresh (Spain 2177→2190), no new results",EG,Egypt,0.000000,0.000000
knockout,0177bc44,2026-07-11T19:17:38+03:00,2026-07-11T05:27:17Z,98,"wc26: conditional_knockout snapshot — Elo refresh (Spain 2177→2190), no new results",SE,Sweden,0.000000,0.000000
knockout,0177bc44,2026-07-11T19:17:38+03:00,2026-07-11T05:27:17Z,98,"wc26: conditional_knockout snapshot — Elo refresh (Spain 2177→2190), no new results",CA,Canada,0.000000,0.000000
knockout,0177bc44,2026-07-11T19:17:38+03:00,2026-07-11T05:27:17Z,98,"wc26: conditional_knockout snapshot — Elo refresh (Spain 2177→2190), no new results",CI,Ivory Coast,0.000000,0.000000
knockout,0177bc44,2026-07-11T19:17:38+03:00,2026-07-11T05:27:17Z,98,"wc26: conditional_knockout snapshot — Elo refresh (Spain 2177→2190), no new results",KR,South Korea,0.000000,0.000000
knockout,0177bc44,2026-07-11T19:17:38+03:00,2026-07-11T05:27:17Z,98,"wc26: conditional_knockout snapshot — Elo refresh (Spain 2177→2190), no new results",CD,DR Congo,0.000000,0.000000
knockout,0177bc44,2026-07-11T19:17:38+03:00,2026-07-11T05:27:17Z,98,"wc26: conditional_knockout snapshot — Elo refresh (Spain 2177→2190), no new results",CZ,Czech Republic,0.000000,0.000000
knockout,0177bc44,2026-07-11T19:17:38+03:00,2026-07-11T05:27:17Z,98,"wc26: conditional_knockout snapshot — Elo refresh (Spain 2177→2190), no new results",PA,Panama,0.000000,0.000000
knockout,0177bc44,2026-07-11T19:17:38+03:00,2026-07-11T05:27:17Z,98,"wc26: conditional_knockout snapshot — Elo refresh (Spain 2177→2190), no new results",UZ,Uzbekistan,0.000000,0.000000
knockout,0177bc44,2026-07-11T19:17:38+03:00,2026-07-11T05:27:17Z,98,"wc26: conditional_knockout snapshot — Elo refresh (Spain 2177→2190), no new results",JO,Jordan,0.000000,0.000000
knockout,0177bc44,2026-07-11T19:17:38+03:00,2026-07-11T05:27:17Z,98,"wc26: conditional_knockout snapshot — Elo refresh (Spain 2177→2190), no new results",CV,Cape Verde,0.000000,0.000000
knockout,0177bc44,2026-07-11T19:17:38+03:00,2026-07-11T05:27:17Z,98,"wc26: conditional_knockout snapshot — Elo refresh (Spain 2177→2190), no new results",BA,Bosnia and Herzegovina,0.000000,0.000000
knockout,0177bc44,2026-07-11T19:17:38+03:00,2026-07-11T05:27:17Z,98,"wc26: conditional_knockout snapshot — Elo refresh (Spain 2177→2190), no new results",SA,Saudi Arabia,0.000000,0.000000
knockout,0177bc44,2026-07-11T19:17:38+03:00,2026-07-11T05:27:17Z,98,"wc26: conditional_knockout snapshot — Elo refresh (Spain 2177→2190), no new results",GH,Ghana,0.000000,0.000000
knockout,0177bc44,2026-07-11T19:17:38+03:00,2026-07-11T05:27:17Z,98,"wc26: conditional_knockout snapshot — Elo refresh (Spain 2177→2190), no new results",TN,Tunisia,0.000000,0.000000
knockout,0177bc44,2026-07-11T19:17:38+03:00,2026-07-11T05:27:17Z,98,"wc26: conditional_knockout snapshot — Elo refresh (Spain 2177→2190), no new results",IQ,Iraq,0.000000,0.000000
knockout,0177bc44,2026-07-11T19:17:38+03:00,2026-07-11T05:27:17Z,98,"wc26: conditional_knockout snapshot — Elo refresh (Spain 2177→2190), no new results",ZA,South Africa,0.000000,0.000000
knockout,0177bc44,2026-07-11T19:17:38+03:00,2026-07-11T05:27:17Z,98,"wc26: conditional_knockout snapshot — Elo refresh (Spain 2177→2190), no new results",NZ,New Zealand,0.000000,0.000000
knockout,0177bc44,2026-07-11T19:17:38+03:00,2026-07-11T05:27:17Z,98,"wc26: conditional_knockout snapshot — Elo refresh (Spain 2177→2190), no new results",HT,Haiti,0.000000,0.000000
knockout,0177bc44,2026-07-11T19:17:38+03:00,2026-07-11T05:27:17Z,98,"wc26: conditional_knockout snapshot — Elo refresh (Spain 2177→2190), no new results",CW,Curaçao,0.000000,0.000000
knockout,0177bc44,2026-07-11T19:17:38+03:00,2026-07-11T05:27:17Z,98,"wc26: conditional_knockout snapshot — Elo refresh (Spain 2177→2190), no new results",QA,Qatar,0.000000,0.000000
knockout,0177bc44,2026-07-11T19:17:38+03:00,2026-07-11T05:27:17Z,98,"wc26: conditional_knockout snapshot — Elo refresh (Spain 2177→2190), no new results",CH,Switzerland,0.009260,0.016802
knockout,0177bc44,2026-07-11T19:17:38+03:00,2026-07-11T05:27:17Z,98,"wc26: conditional_knockout snapshot — Elo refresh (Spain 2177→2190), no new results",NO,Norway,0.014990,0.060591
knockout,0177bc44,2026-07-11T19:17:38+03:00,2026-07-11T05:27:17Z,98,"wc26: conditional_knockout snapshot — Elo refresh (Spain 2177→2190), no new results",EN,England,0.092550,0.147149
knockout,0177bc44,2026-07-11T19:17:38+03:00,2026-07-11T05:27:17Z,98,"wc26: conditional_knockout snapshot — Elo refresh (Spain 2177→2190), no new results",FR,France,0.269150,0.380346
knockout,e40beb1b,2026-07-12T13:29:13+03:00,2026-07-12T08:32:29Z,100,"wc26: conditional_knockout snapshot — SFs confirmed, QFs pinned (matches 99–100)",ES,Spain,0.330230,0.203571
knockout,e40beb1b,2026-07-12T13:29:13+03:00,2026-07-12T08:32:29Z,100,"wc26: conditional_knockout snapshot — SFs confirmed, QFs pinned (matches 99–100)",AR,Argentina,0.278960,0.196429
knockout,e40beb1b,2026-07-12T13:29:13+03:00,2026-07-12T08:32:29Z,100,"wc26: conditional_knockout snapshot — SFs confirmed, QFs pinned (matches 99–100)",CO,Colombia,0.000000,0.000000
knockout,e40beb1b,2026-07-12T13:29:13+03:00,2026-07-12T08:32:29Z,100,"wc26: conditional_knockout snapshot — SFs confirmed, QFs pinned (matches 99–100)",PT,Portugal,0.000000,0.000000
knockout,e40beb1b,2026-07-12T13:29:13+03:00,2026-07-12T08:32:29Z,100,"wc26: conditional_knockout snapshot — SFs confirmed, QFs pinned (matches 99–100)",BR,Brazil,0.000000,0.000000
knockout,e40beb1b,2026-07-12T13:29:13+03:00,2026-07-12T08:32:29Z,100,"wc26: conditional_knockout snapshot — SFs confirmed, QFs pinned (matches 99–100)",NL,Netherlands,0.000000,0.000000
knockout,e40beb1b,2026-07-12T13:29:13+03:00,2026-07-12T08:32:29Z,100,"wc26: conditional_knockout snapshot — SFs confirmed, QFs pinned (matches 99–100)",NO,Norway,0.000000,0.000000
knockout,e40beb1b,2026-07-12T13:29:13+03:00,2026-07-12T08:32:29Z,100,"wc26: conditional_knockout snapshot — SFs confirmed, QFs pinned (matches 99–100)",CH,Switzerland,0.000000,0.000000
knockout,e40beb1b,2026-07-12T13:29:13+03:00,2026-07-12T08:32:29Z,100,"wc26: conditional_knockout snapshot — SFs confirmed, QFs pinned (matches 99–100)",BE,Belgium,0.000000,0.000000
knockout,e40beb1b,2026-07-12T13:29:13+03:00,2026-07-12T08:32:29Z,100,"wc26: conditional_knockout snapshot — SFs confirmed, QFs pinned (matches 99–100)",MX,Mexico,0.000000,0.000000
knockout,e40beb1b,2026-07-12T13:29:13+03:00,2026-07-12T08:32:29Z,100,"wc26: conditional_knockout snapshot — SFs confirmed, QFs pinned (matches 99–100)",DE,Germany,0.000000,0.000000
knockout,e40beb1b,2026-07-12T13:29:13+03:00,2026-07-12T08:32:29Z,100,"wc26: conditional_knockout snapshot — SFs confirmed, QFs pinned (matches 99–100)",MA,Morocco,0.000000,0.000000
knockout,e40beb1b,2026-07-12T13:29:13+03:00,2026-07-12T08:32:29Z,100,"wc26: conditional_knockout snapshot — SFs confirmed, QFs pinned (matches 99–100)",JP,Japan,0.000000,0.000000
knockout,e40beb1b,2026-07-12T13:29:13+03:00,2026-07-12T08:32:29Z,100,"wc26: conditional_knockout snapshot — SFs confirmed, QFs pinned (matches 99–100)",HR,Croatia,0.000000,0.000000
knockout,e40beb1b,2026-07-12T13:29:13+03:00,2026-07-12T08:32:29Z,100,"wc26: conditional_knockout snapshot — SFs confirmed, QFs pinned (matches 99–100)",EC,Ecuador,0.000000,0.000000
knockout,e40beb1b,2026-07-12T13:29:13+03:00,2026-07-12T08:32:29Z,100,"wc26: conditional_knockout snapshot — SFs confirmed, QFs pinned (matches 99–100)",TR,Turkey,0.000000,0.000000
knockout,e40beb1b,2026-07-12T13:29:13+03:00,2026-07-12T08:32:29Z,100,"wc26: conditional_knockout snapshot — SFs confirmed, QFs pinned (matches 99–100)",UY,Uruguay,0.000000,0.000000
knockout,e40beb1b,2026-07-12T13:29:13+03:00,2026-07-12T08:32:29Z,100,"wc26: conditional_knockout snapshot — SFs confirmed, QFs pinned (matches 99–100)",AT,Austria,0.000000,0.000000
knockout,e40beb1b,2026-07-12T13:29:13+03:00,2026-07-12T08:32:29Z,100,"wc26: conditional_knockout snapshot — SFs confirmed, QFs pinned (matches 99–100)",SN,Senegal,0.000000,0.000000
knockout,e40beb1b,2026-07-12T13:29:13+03:00,2026-07-12T08:32:29Z,100,"wc26: conditional_knockout snapshot — SFs confirmed, QFs pinned (matches 99–100)",PY,Paraguay,0.000000,0.000000
knockout,e40beb1b,2026-07-12T13:29:13+03:00,2026-07-12T08:32:29Z,100,"wc26: conditional_knockout snapshot — SFs confirmed, QFs pinned (matches 99–100)",AU,Australia,0.000000,0.000000
knockout,e40beb1b,2026-07-12T13:29:13+03:00,2026-07-12T08:32:29Z,100,"wc26: conditional_knockout snapshot — SFs confirmed, QFs pinned (matches 99–100)",IR,Iran,0.000000,0.000000
knockout,e40beb1b,2026-07-12T13:29:13+03:00,2026-07-12T08:32:29Z,100,"wc26: conditional_knockout snapshot — SFs confirmed, QFs pinned (matches 99–100)",DZ,Algeria,0.000000,0.000000
knockout,e40beb1b,2026-07-12T13:29:13+03:00,2026-07-12T08:32:29Z,100,"wc26: conditional_knockout snapshot — SFs confirmed, QFs pinned (matches 99–100)",US,United States,0.000000,0.000000
knockout,e40beb1b,2026-07-12T13:29:13+03:00,2026-07-12T08:32:29Z,100,"wc26: conditional_knockout snapshot — SFs confirmed, QFs pinned (matches 99–100)",SQ,Scotland,0.000000,0.000000
knockout,e40beb1b,2026-07-12T13:29:13+03:00,2026-07-12T08:32:29Z,100,"wc26: conditional_knockout snapshot — SFs confirmed, QFs pinned (matches 99–100)",EG,Egypt,0.000000,0.000000
knockout,e40beb1b,2026-07-12T13:29:13+03:00,2026-07-12T08:32:29Z,100,"wc26: conditional_knockout snapshot — SFs confirmed, QFs pinned (matches 99–100)",SE,Sweden,0.000000,0.000000
knockout,e40beb1b,2026-07-12T13:29:13+03:00,2026-07-12T08:32:29Z,100,"wc26: conditional_knockout snapshot — SFs confirmed, QFs pinned (matches 99–100)",CA,Canada,0.000000,0.000000
knockout,e40beb1b,2026-07-12T13:29:13+03:00,2026-07-12T08:32:29Z,100,"wc26: conditional_knockout snapshot — SFs confirmed, QFs pinned (matches 99–100)",CI,Ivory Coast,0.000000,0.000000
knockout,e40beb1b,2026-07-12T13:29:13+03:00,2026-07-12T08:32:29Z,100,"wc26: conditional_knockout snapshot — SFs confirmed, QFs pinned (matches 99–100)",KR,South Korea,0.000000,0.000000
knockout,e40beb1b,2026-07-12T13:29:13+03:00,2026-07-12T08:32:29Z,100,"wc26: conditional_knockout snapshot — SFs confirmed, QFs pinned (matches 99–100)",CD,DR Congo,0.000000,0.000000
knockout,e40beb1b,2026-07-12T13:29:13+03:00,2026-07-12T08:32:29Z,100,"wc26: conditional_knockout snapshot — SFs confirmed, QFs pinned (matches 99–100)",CZ,Czech Republic,0.000000,0.000000
knockout,e40beb1b,2026-07-12T13:29:13+03:00,2026-07-12T08:32:29Z,100,"wc26: conditional_knockout snapshot — SFs confirmed, QFs pinned (matches 99–100)",PA,Panama,0.000000,0.000000
knockout,e40beb1b,2026-07-12T13:29:13+03:00,2026-07-12T08:32:29Z,100,"wc26: conditional_knockout snapshot — SFs confirmed, QFs pinned (matches 99–100)",UZ,Uzbekistan,0.000000,0.000000
knockout,e40beb1b,2026-07-12T13:29:13+03:00,2026-07-12T08:32:29Z,100,"wc26: conditional_knockout snapshot — SFs confirmed, QFs pinned (matches 99–100)",JO,Jordan,0.000000,0.000000
knockout,e40beb1b,2026-07-12T13:29:13+03:00,2026-07-12T08:32:29Z,100,"wc26: conditional_knockout snapshot — SFs confirmed, QFs pinned (matches 99–100)",CV,Cape Verde,0.000000,0.000000
knockout,e40beb1b,2026-07-12T13:29:13+03:00,2026-07-12T08:32:29Z,100,"wc26: conditional_knockout snapshot — SFs confirmed, QFs pinned (matches 99–100)",BA,Bosnia and Herzegovina,0.000000,0.000000
knockout,e40beb1b,2026-07-12T13:29:13+03:00,2026-07-12T08:32:29Z,100,"wc26: conditional_knockout snapshot — SFs confirmed, QFs pinned (matches 99–100)",SA,Saudi Arabia,0.000000,0.000000
knockout,e40beb1b,2026-07-12T13:29:13+03:00,2026-07-12T08:32:29Z,100,"wc26: conditional_knockout snapshot — SFs confirmed, QFs pinned (matches 99–100)",GH,Ghana,0.000000,0.000000
knockout,e40beb1b,2026-07-12T13:29:13+03:00,2026-07-12T08:32:29Z,100,"wc26: conditional_knockout snapshot — SFs confirmed, QFs pinned (matches 99–100)",TN,Tunisia,0.000000,0.000000
knockout,e40beb1b,2026-07-12T13:29:13+03:00,2026-07-12T08:32:29Z,100,"wc26: conditional_knockout snapshot — SFs confirmed, QFs pinned (matches 99–100)",IQ,Iraq,0.000000,0.000000
knockout,e40beb1b,2026-07-12T13:29:13+03:00,2026-07-12T08:32:29Z,100,"wc26: conditional_knockout snapshot — SFs confirmed, QFs pinned (matches 99–100)",ZA,South Africa,0.000000,0.000000
knockout,e40beb1b,2026-07-12T13:29:13+03:00,2026-07-12T08:32:29Z,100,"wc26: conditional_knockout snapshot — SFs confirmed, QFs pinned (matches 99–100)",NZ,New Zealand,0.000000,0.000000
knockout,e40beb1b,2026-07-12T13:29:13+03:00,2026-07-12T08:32:29Z,100,"wc26: conditional_knockout snapshot — SFs confirmed, QFs pinned (matches 99–100)",HT,Haiti,0.000000,0.000000
knockout,e40beb1b,2026-07-12T13:29:13+03:00,2026-07-12T08:32:29Z,100,"wc26: conditional_knockout snapshot — SFs confirmed, QFs pinned (matches 99–100)",CW,Curaçao,0.000000,0.000000
knockout,e40beb1b,2026-07-12T13:29:13+03:00,2026-07-12T08:32:29Z,100,"wc26: conditional_knockout snapshot — SFs confirmed, QFs pinned (matches 99–100)",QA,Qatar,0.000000,0.000000
knockout,e40beb1b,2026-07-12T13:29:13+03:00,2026-07-12T08:32:29Z,100,"wc26: conditional_knockout snapshot — SFs confirmed, QFs pinned (matches 99–100)",EN,England,0.140680,0.215816
knockout,e40beb1b,2026-07-12T13:29:13+03:00,2026-07-12T08:32:29Z,100,"wc26: conditional_knockout snapshot — SFs confirmed, QFs pinned (matches 99–100)",FR,France,0.250130,0.384184
knockout,bf539b41,2026-07-15T11:20:52+03:00,2026-07-15T06:44:13Z,101,wc26: conditional_knockout snapshot — Spain into the final (match 101 pinned),ES,Spain,0.645570,0.577171
knockout,bf539b41,2026-07-15T11:20:52+03:00,2026-07-15T06:44:13Z,101,wc26: conditional_knockout snapshot — Spain into the final (match 101 pinned),AR,Argentina,0.257400,0.197022
knockout,bf539b41,2026-07-15T11:20:52+03:00,2026-07-15T06:44:13Z,101,wc26: conditional_knockout snapshot — Spain into the final (match 101 pinned),FR,France,0.000000,0.000000
knockout,bf539b41,2026-07-15T11:20:52+03:00,2026-07-15T06:44:13Z,101,wc26: conditional_knockout snapshot — Spain into the final (match 101 pinned),CO,Colombia,0.000000,0.000000
knockout,bf539b41,2026-07-15T11:20:52+03:00,2026-07-15T06:44:13Z,101,wc26: conditional_knockout snapshot — Spain into the final (match 101 pinned),PT,Portugal,0.000000,0.000000
knockout,bf539b41,2026-07-15T11:20:52+03:00,2026-07-15T06:44:13Z,101,wc26: conditional_knockout snapshot — Spain into the final (match 101 pinned),BR,Brazil,0.000000,0.000000
knockout,bf539b41,2026-07-15T11:20:52+03:00,2026-07-15T06:44:13Z,101,wc26: conditional_knockout snapshot — Spain into the final (match 101 pinned),NL,Netherlands,0.000000,0.000000
knockout,bf539b41,2026-07-15T11:20:52+03:00,2026-07-15T06:44:13Z,101,wc26: conditional_knockout snapshot — Spain into the final (match 101 pinned),NO,Norway,0.000000,0.000000
knockout,bf539b41,2026-07-15T11:20:52+03:00,2026-07-15T06:44:13Z,101,wc26: conditional_knockout snapshot — Spain into the final (match 101 pinned),BE,Belgium,0.000000,0.000000
knockout,bf539b41,2026-07-15T11:20:52+03:00,2026-07-15T06:44:13Z,101,wc26: conditional_knockout snapshot — Spain into the final (match 101 pinned),CH,Switzerland,0.000000,0.000000
knockout,bf539b41,2026-07-15T11:20:52+03:00,2026-07-15T06:44:13Z,101,wc26: conditional_knockout snapshot — Spain into the final (match 101 pinned),MX,Mexico,0.000000,0.000000
knockout,bf539b41,2026-07-15T11:20:52+03:00,2026-07-15T06:44:13Z,101,wc26: conditional_knockout snapshot — Spain into the final (match 101 pinned),DE,Germany,0.000000,0.000000
knockout,bf539b41,2026-07-15T11:20:52+03:00,2026-07-15T06:44:13Z,101,wc26: conditional_knockout snapshot — Spain into the final (match 101 pinned),MA,Morocco,0.000000,0.000000
knockout,bf539b41,2026-07-15T11:20:52+03:00,2026-07-15T06:44:13Z,101,wc26: conditional_knockout snapshot — Spain into the final (match 101 pinned),JP,Japan,0.000000,0.000000
knockout,bf539b41,2026-07-15T11:20:52+03:00,2026-07-15T06:44:13Z,101,wc26: conditional_knockout snapshot — Spain into the final (match 101 pinned),HR,Croatia,0.000000,0.000000
knockout,bf539b41,2026-07-15T11:20:52+03:00,2026-07-15T06:44:13Z,101,wc26: conditional_knockout snapshot — Spain into the final (match 101 pinned),EC,Ecuador,0.000000,0.000000
knockout,bf539b41,2026-07-15T11:20:52+03:00,2026-07-15T06:44:13Z,101,wc26: conditional_knockout snapshot — Spain into the final (match 101 pinned),TR,Turkey,0.000000,0.000000
knockout,bf539b41,2026-07-15T11:20:52+03:00,2026-07-15T06:44:13Z,101,wc26: conditional_knockout snapshot — Spain into the final (match 101 pinned),UY,Uruguay,0.000000,0.000000
knockout,bf539b41,2026-07-15T11:20:52+03:00,2026-07-15T06:44:13Z,101,wc26: conditional_knockout snapshot — Spain into the final (match 101 pinned),AT,Austria,0.000000,0.000000
knockout,bf539b41,2026-07-15T11:20:52+03:00,2026-07-15T06:44:13Z,101,wc26: conditional_knockout snapshot — Spain into the final (match 101 pinned),SN,Senegal,0.000000,0.000000
knockout,bf539b41,2026-07-15T11:20:52+03:00,2026-07-15T06:44:13Z,101,wc26: conditional_knockout snapshot — Spain into the final (match 101 pinned),PY,Paraguay,0.000000,0.000000
knockout,bf539b41,2026-07-15T11:20:52+03:00,2026-07-15T06:44:13Z,101,wc26: conditional_knockout snapshot — Spain into the final (match 101 pinned),AU,Australia,0.000000,0.000000
knockout,bf539b41,2026-07-15T11:20:52+03:00,2026-07-15T06:44:13Z,101,wc26: conditional_knockout snapshot — Spain into the final (match 101 pinned),IR,Iran,0.000000,0.000000
knockout,bf539b41,2026-07-15T11:20:52+03:00,2026-07-15T06:44:13Z,101,wc26: conditional_knockout snapshot — Spain into the final (match 101 pinned),DZ,Algeria,0.000000,0.000000
knockout,bf539b41,2026-07-15T11:20:52+03:00,2026-07-15T06:44:13Z,101,wc26: conditional_knockout snapshot — Spain into the final (match 101 pinned),US,United States,0.000000,0.000000
knockout,bf539b41,2026-07-15T11:20:52+03:00,2026-07-15T06:44:13Z,101,wc26: conditional_knockout snapshot — Spain into the final (match 101 pinned),SQ,Scotland,0.000000,0.000000
knockout,bf539b41,2026-07-15T11:20:52+03:00,2026-07-15T06:44:13Z,101,wc26: conditional_knockout snapshot — Spain into the final (match 101 pinned),EG,Egypt,0.000000,0.000000
knockout,bf539b41,2026-07-15T11:20:52+03:00,2026-07-15T06:44:13Z,101,wc26: conditional_knockout snapshot — Spain into the final (match 101 pinned),SE,Sweden,0.000000,0.000000
knockout,bf539b41,2026-07-15T11:20:52+03:00,2026-07-15T06:44:13Z,101,wc26: conditional_knockout snapshot — Spain into the final (match 101 pinned),CA,Canada,0.000000,0.000000
knockout,bf539b41,2026-07-15T11:20:52+03:00,2026-07-15T06:44:13Z,101,wc26: conditional_knockout snapshot — Spain into the final (match 101 pinned),CI,Ivory Coast,0.000000,0.000000
knockout,bf539b41,2026-07-15T11:20:52+03:00,2026-07-15T06:44:13Z,101,wc26: conditional_knockout snapshot — Spain into the final (match 101 pinned),KR,South Korea,0.000000,0.000000
knockout,bf539b41,2026-07-15T11:20:52+03:00,2026-07-15T06:44:13Z,101,wc26: conditional_knockout snapshot — Spain into the final (match 101 pinned),CD,DR Congo,0.000000,0.000000
knockout,bf539b41,2026-07-15T11:20:52+03:00,2026-07-15T06:44:13Z,101,wc26: conditional_knockout snapshot — Spain into the final (match 101 pinned),CZ,Czech Republic,0.000000,0.000000
knockout,bf539b41,2026-07-15T11:20:52+03:00,2026-07-15T06:44:13Z,101,wc26: conditional_knockout snapshot — Spain into the final (match 101 pinned),PA,Panama,0.000000,0.000000
knockout,bf539b41,2026-07-15T11:20:52+03:00,2026-07-15T06:44:13Z,101,wc26: conditional_knockout snapshot — Spain into the final (match 101 pinned),UZ,Uzbekistan,0.000000,0.000000
knockout,bf539b41,2026-07-15T11:20:52+03:00,2026-07-15T06:44:13Z,101,wc26: conditional_knockout snapshot — Spain into the final (match 101 pinned),JO,Jordan,0.000000,0.000000
knockout,bf539b41,2026-07-15T11:20:52+03:00,2026-07-15T06:44:13Z,101,wc26: conditional_knockout snapshot — Spain into the final (match 101 pinned),CV,Cape Verde,0.000000,0.000000
knockout,bf539b41,2026-07-15T11:20:52+03:00,2026-07-15T06:44:13Z,101,wc26: conditional_knockout snapshot — Spain into the final (match 101 pinned),BA,Bosnia and Herzegovina,0.000000,0.000000
knockout,bf539b41,2026-07-15T11:20:52+03:00,2026-07-15T06:44:13Z,101,wc26: conditional_knockout snapshot — Spain into the final (match 101 pinned),SA,Saudi Arabia,0.000000,0.000000
knockout,bf539b41,2026-07-15T11:20:52+03:00,2026-07-15T06:44:13Z,101,wc26: conditional_knockout snapshot — Spain into the final (match 101 pinned),GH,Ghana,0.000000,0.000000
knockout,bf539b41,2026-07-15T11:20:52+03:00,2026-07-15T06:44:13Z,101,wc26: conditional_knockout snapshot — Spain into the final (match 101 pinned),TN,Tunisia,0.000000,0.000000
knockout,bf539b41,2026-07-15T11:20:52+03:00,2026-07-15T06:44:13Z,101,wc26: conditional_knockout snapshot — Spain into the final (match 101 pinned),IQ,Iraq,0.000000,0.000000
knockout,bf539b41,2026-07-15T11:20:52+03:00,2026-07-15T06:44:13Z,101,wc26: conditional_knockout snapshot — Spain into the final (match 101 pinned),ZA,South Africa,0.000000,0.000000
knockout,bf539b41,2026-07-15T11:20:52+03:00,2026-07-15T06:44:13Z,101,wc26: conditional_knockout snapshot — Spain into the final (match 101 pinned),NZ,New Zealand,0.000000,0.000000
knockout,bf539b41,2026-07-15T11:20:52+03:00,2026-07-15T06:44:13Z,101,wc26: conditional_knockout snapshot — Spain into the final (match 101 pinned),HT,Haiti,0.000000,0.000000
knockout,bf539b41,2026-07-15T11:20:52+03:00,2026-07-15T06:44:13Z,101,wc26: conditional_knockout snapshot — Spain into the final (match 101 pinned),CW,Curaçao,0.000000,0.000000
knockout,bf539b41,2026-07-15T11:20:52+03:00,2026-07-15T06:44:13Z,101,wc26: conditional_knockout snapshot — Spain into the final (match 101 pinned),QA,Qatar,0.000000,0.000000
knockout,bf539b41,2026-07-15T11:20:52+03:00,2026-07-15T06:44:13Z,101,wc26: conditional_knockout snapshot — Spain into the final (match 101 pinned),EN,England,0.097020,0.225806
knockout,dffd81f9,2026-07-16T10:45:00+03:00,2026-07-16T07:31:24Z,102,wc26: conditional_knockout snapshot — final confirmed Spain vs Argentina (match 102 pinned),AR,Argentina,0.442030,0.417588
knockout,dffd81f9,2026-07-16T10:45:00+03:00,2026-07-16T07:31:24Z,102,wc26: conditional_knockout snapshot — final confirmed Spain vs Argentina (match 102 pinned),FR,France,0.000000,0.000000
knockout,dffd81f9,2026-07-16T10:45:00+03:00,2026-07-16T07:31:24Z,102,wc26: conditional_knockout snapshot — final confirmed Spain vs Argentina (match 102 pinned),EN,England,0.000000,0.000000
knockout,dffd81f9,2026-07-16T10:45:00+03:00,2026-07-16T07:31:24Z,102,wc26: conditional_knockout snapshot — final confirmed Spain vs Argentina (match 102 pinned),CO,Colombia,0.000000,0.000000
knockout,dffd81f9,2026-07-16T10:45:00+03:00,2026-07-16T07:31:24Z,102,wc26: conditional_knockout snapshot — final confirmed Spain vs Argentina (match 102 pinned),PT,Portugal,0.000000,0.000000
knockout,dffd81f9,2026-07-16T10:45:00+03:00,2026-07-16T07:31:24Z,102,wc26: conditional_knockout snapshot — final confirmed Spain vs Argentina (match 102 pinned),BR,Brazil,0.000000,0.000000
knockout,dffd81f9,2026-07-16T10:45:00+03:00,2026-07-16T07:31:24Z,102,wc26: conditional_knockout snapshot — final confirmed Spain vs Argentina (match 102 pinned),NL,Netherlands,0.000000,0.000000
knockout,dffd81f9,2026-07-16T10:45:00+03:00,2026-07-16T07:31:24Z,102,wc26: conditional_knockout snapshot — final confirmed Spain vs Argentina (match 102 pinned),NO,Norway,0.000000,0.000000
knockout,dffd81f9,2026-07-16T10:45:00+03:00,2026-07-16T07:31:24Z,102,wc26: conditional_knockout snapshot — final confirmed Spain vs Argentina (match 102 pinned),BE,Belgium,0.000000,0.000000
knockout,dffd81f9,2026-07-16T10:45:00+03:00,2026-07-16T07:31:24Z,102,wc26: conditional_knockout snapshot — final confirmed Spain vs Argentina (match 102 pinned),CH,Switzerland,0.000000,0.000000
knockout,dffd81f9,2026-07-16T10:45:00+03:00,2026-07-16T07:31:24Z,102,wc26: conditional_knockout snapshot — final confirmed Spain vs Argentina (match 102 pinned),MX,Mexico,0.000000,0.000000
knockout,dffd81f9,2026-07-16T10:45:00+03:00,2026-07-16T07:31:24Z,102,wc26: conditional_knockout snapshot — final confirmed Spain vs Argentina (match 102 pinned),DE,Germany,0.000000,0.000000
knockout,dffd81f9,2026-07-16T10:45:00+03:00,2026-07-16T07:31:24Z,102,wc26: conditional_knockout snapshot — final confirmed Spain vs Argentina (match 102 pinned),MA,Morocco,0.000000,0.000000
knockout,dffd81f9,2026-07-16T10:45:00+03:00,2026-07-16T07:31:24Z,102,wc26: conditional_knockout snapshot — final confirmed Spain vs Argentina (match 102 pinned),JP,Japan,0.000000,0.000000
knockout,dffd81f9,2026-07-16T10:45:00+03:00,2026-07-16T07:31:24Z,102,wc26: conditional_knockout snapshot — final confirmed Spain vs Argentina (match 102 pinned),HR,Croatia,0.000000,0.000000
knockout,dffd81f9,2026-07-16T10:45:00+03:00,2026-07-16T07:31:24Z,102,wc26: conditional_knockout snapshot — final confirmed Spain vs Argentina (match 102 pinned),EC,Ecuador,0.000000,0.000000
knockout,dffd81f9,2026-07-16T10:45:00+03:00,2026-07-16T07:31:24Z,102,wc26: conditional_knockout snapshot — final confirmed Spain vs Argentina (match 102 pinned),TR,Turkey,0.000000,0.000000
knockout,dffd81f9,2026-07-16T10:45:00+03:00,2026-07-16T07:31:24Z,102,wc26: conditional_knockout snapshot — final confirmed Spain vs Argentina (match 102 pinned),UY,Uruguay,0.000000,0.000000
knockout,dffd81f9,2026-07-16T10:45:00+03:00,2026-07-16T07:31:24Z,102,wc26: conditional_knockout snapshot — final confirmed Spain vs Argentina (match 102 pinned),AT,Austria,0.000000,0.000000
knockout,dffd81f9,2026-07-16T10:45:00+03:00,2026-07-16T07:31:24Z,102,wc26: conditional_knockout snapshot — final confirmed Spain vs Argentina (match 102 pinned),SN,Senegal,0.000000,0.000000
knockout,dffd81f9,2026-07-16T10:45:00+03:00,2026-07-16T07:31:24Z,102,wc26: conditional_knockout snapshot — final confirmed Spain vs Argentina (match 102 pinned),PY,Paraguay,0.000000,0.000000
knockout,dffd81f9,2026-07-16T10:45:00+03:00,2026-07-16T07:31:24Z,102,wc26: conditional_knockout snapshot — final confirmed Spain vs Argentina (match 102 pinned),AU,Australia,0.000000,0.000000
knockout,dffd81f9,2026-07-16T10:45:00+03:00,2026-07-16T07:31:24Z,102,wc26: conditional_knockout snapshot — final confirmed Spain vs Argentina (match 102 pinned),IR,Iran,0.000000,0.000000
knockout,dffd81f9,2026-07-16T10:45:00+03:00,2026-07-16T07:31:24Z,102,wc26: conditional_knockout snapshot — final confirmed Spain vs Argentina (match 102 pinned),DZ,Algeria,0.000000,0.000000
knockout,dffd81f9,2026-07-16T10:45:00+03:00,2026-07-16T07:31:24Z,102,wc26: conditional_knockout snapshot — final confirmed Spain vs Argentina (match 102 pinned),US,United States,0.000000,0.000000
knockout,dffd81f9,2026-07-16T10:45:00+03:00,2026-07-16T07:31:24Z,102,wc26: conditional_knockout snapshot — final confirmed Spain vs Argentina (match 102 pinned),SQ,Scotland,0.000000,0.000000
knockout,dffd81f9,2026-07-16T10:45:00+03:00,2026-07-16T07:31:24Z,102,wc26: conditional_knockout snapshot — final confirmed Spain vs Argentina (match 102 pinned),EG,Egypt,0.000000,0.000000
knockout,dffd81f9,2026-07-16T10:45:00+03:00,2026-07-16T07:31:24Z,102,wc26: conditional_knockout snapshot — final confirmed Spain vs Argentina (match 102 pinned),SE,Sweden,0.000000,0.000000
knockout,dffd81f9,2026-07-16T10:45:00+03:00,2026-07-16T07:31:24Z,102,wc26: conditional_knockout snapshot — final confirmed Spain vs Argentina (match 102 pinned),CA,Canada,0.000000,0.000000
knockout,dffd81f9,2026-07-16T10:45:00+03:00,2026-07-16T07:31:24Z,102,wc26: conditional_knockout snapshot — final confirmed Spain vs Argentina (match 102 pinned),CI,Ivory Coast,0.000000,0.000000
knockout,dffd81f9,2026-07-16T10:45:00+03:00,2026-07-16T07:31:24Z,102,wc26: conditional_knockout snapshot — final confirmed Spain vs Argentina (match 102 pinned),KR,South Korea,0.000000,0.000000
knockout,dffd81f9,2026-07-16T10:45:00+03:00,2026-07-16T07:31:24Z,102,wc26: conditional_knockout snapshot — final confirmed Spain vs Argentina (match 102 pinned),CD,DR Congo,0.000000,0.000000
knockout,dffd81f9,2026-07-16T10:45:00+03:00,2026-07-16T07:31:24Z,102,wc26: conditional_knockout snapshot — final confirmed Spain vs Argentina (match 102 pinned),CZ,Czech Republic,0.000000,0.000000
knockout,dffd81f9,2026-07-16T10:45:00+03:00,2026-07-16T07:31:24Z,102,wc26: conditional_knockout snapshot — final confirmed Spain vs Argentina (match 102 pinned),PA,Panama,0.000000,0.000000
knockout,dffd81f9,2026-07-16T10:45:00+03:00,2026-07-16T07:31:24Z,102,wc26: conditional_knockout snapshot — final confirmed Spain vs Argentina (match 102 pinned),UZ,Uzbekistan,0.000000,0.000000
knockout,dffd81f9,2026-07-16T10:45:00+03:00,2026-07-16T07:31:24Z,102,wc26: conditional_knockout snapshot — final confirmed Spain vs Argentina (match 102 pinned),JO,Jordan,0.000000,0.000000
knockout,dffd81f9,2026-07-16T10:45:00+03:00,2026-07-16T07:31:24Z,102,wc26: conditional_knockout snapshot — final confirmed Spain vs Argentina (match 102 pinned),CV,Cape Verde,0.000000,0.000000
knockout,dffd81f9,2026-07-16T10:45:00+03:00,2026-07-16T07:31:24Z,102,wc26: conditional_knockout snapshot — final confirmed Spain vs Argentina (match 102 pinned),BA,Bosnia and Herzegovina,0.000000,0.000000
knockout,dffd81f9,2026-07-16T10:45:00+03:00,2026-07-16T07:31:24Z,102,wc26: conditional_knockout snapshot — final confirmed Spain vs Argentina (match 102 pinned),SA,Saudi Arabia,0.000000,0.000000
knockout,dffd81f9,2026-07-16T10:45:00+03:00,2026-07-16T07:31:24Z,102,wc26: conditional_knockout snapshot — final confirmed Spain vs Argentina (match 102 pinned),GH,Ghana,0.000000,0.000000
knockout,dffd81f9,2026-07-16T10:45:00+03:00,2026-07-16T07:31:24Z,102,wc26: conditional_knockout snapshot — final confirmed Spain vs Argentina (match 102 pinned),TN,Tunisia,0.000000,0.000000
knockout,dffd81f9,2026-07-16T10:45:00+03:00,2026-07-16T07:31:24Z,102,wc26: conditional_knockout snapshot — final confirmed Spain vs Argentina (match 102 pinned),IQ,Iraq,0.000000,0.000000
knockout,dffd81f9,2026-07-16T10:45:00+03:00,2026-07-16T07:31:24Z,102,wc26: conditional_knockout snapshot — final confirmed Spain vs Argentina (match 102 pinned),ZA,South Africa,0.000000,0.000000
knockout,dffd81f9,2026-07-16T10:45:00+03:00,2026-07-16T07:31:24Z,102,wc26: conditional_knockout snapshot — final confirmed Spain vs Argentina (match 102 pinned),NZ,New Zealand,0.000000,0.000000
knockout,dffd81f9,2026-07-16T10:45:00+03:00,2026-07-16T07:31:24Z,102,wc26: conditional_knockout snapshot — final confirmed Spain vs Argentina (match 102 pinned),HT,Haiti,0.000000,0.000000
knockout,dffd81f9,2026-07-16T10:45:00+03:00,2026-07-16T07:31:24Z,102,wc26: conditional_knockout snapshot — final confirmed Spain vs Argentina (match 102 pinned),CW,Curaçao,0.000000,0.000000
knockout,dffd81f9,2026-07-16T10:45:00+03:00,2026-07-16T07:31:24Z,102,wc26: conditional_knockout snapshot — final confirmed Spain vs Argentina (match 102 pinned),QA,Qatar,0.000000,0.000000
knockout,dffd81f9,2026-07-16T10:45:00+03:00,2026-07-16T07:31:24Z,102,wc26: conditional_knockout snapshot — final confirmed Spain vs Argentina (match 102 pinned),ES,Spain,0.557970,0.582412
knockout,a5167964,2026-07-22T23:40:14+02:00,2026-07-22T21:26:15Z,103,"wc26: conditional_knockout snapshot — final confirmed, Spain champions (match 104 pinned)",ES,Spain,1.000000,1.000000
knockout,a5167964,2026-07-22T23:40:14+02:00,2026-07-22T21:26:15Z,103,"wc26: conditional_knockout snapshot — final confirmed, Spain champions (match 104 pinned)",AR,Argentina,0.000000,0.000000
knockout,a5167964,2026-07-22T23:40:14+02:00,2026-07-22T21:26:15Z,103,"wc26: conditional_knockout snapshot — final confirmed, Spain champions (match 104 pinned)",EN,England,0.000000,0.000000
knockout,a5167964,2026-07-22T23:40:14+02:00,2026-07-22T21:26:15Z,103,"wc26: conditional_knockout snapshot — final confirmed, Spain champions (match 104 pinned)",FR,France,0.000000,0.000000
knockout,a5167964,2026-07-22T23:40:14+02:00,2026-07-22T21:26:15Z,103,"wc26: conditional_knockout snapshot — final confirmed, Spain champions (match 104 pinned)",CO,Colombia,0.000000,0.000000
knockout,a5167964,2026-07-22T23:40:14+02:00,2026-07-22T21:26:15Z,103,"wc26: conditional_knockout snapshot — final confirmed, Spain champions (match 104 pinned)",PT,Portugal,0.000000,0.000000
knockout,a5167964,2026-07-22T23:40:14+02:00,2026-07-22T21:26:15Z,103,"wc26: conditional_knockout snapshot — final confirmed, Spain champions (match 104 pinned)",BR,Brazil,0.000000,0.000000
knockout,a5167964,2026-07-22T23:40:14+02:00,2026-07-22T21:26:15Z,103,"wc26: conditional_knockout snapshot — final confirmed, Spain champions (match 104 pinned)",NL,Netherlands,0.000000,0.000000
knockout,a5167964,2026-07-22T23:40:14+02:00,2026-07-22T21:26:15Z,103,"wc26: conditional_knockout snapshot — final confirmed, Spain champions (match 104 pinned)",NO,Norway,0.000000,0.000000
knockout,a5167964,2026-07-22T23:40:14+02:00,2026-07-22T21:26:15Z,103,"wc26: conditional_knockout snapshot — final confirmed, Spain champions (match 104 pinned)",BE,Belgium,0.000000,0.000000
knockout,a5167964,2026-07-22T23:40:14+02:00,2026-07-22T21:26:15Z,103,"wc26: conditional_knockout snapshot — final confirmed, Spain champions (match 104 pinned)",CH,Switzerland,0.000000,0.000000
knockout,a5167964,2026-07-22T23:40:14+02:00,2026-07-22T21:26:15Z,103,"wc26: conditional_knockout snapshot — final confirmed, Spain champions (match 104 pinned)",MX,Mexico,0.000000,0.000000
knockout,a5167964,2026-07-22T23:40:14+02:00,2026-07-22T21:26:15Z,103,"wc26: conditional_knockout snapshot — final confirmed, Spain champions (match 104 pinned)",DE,Germany,0.000000,0.000000
knockout,a5167964,2026-07-22T23:40:14+02:00,2026-07-22T21:26:15Z,103,"wc26: conditional_knockout snapshot — final confirmed, Spain champions (match 104 pinned)",MA,Morocco,0.000000,0.000000
knockout,a5167964,2026-07-22T23:40:14+02:00,2026-07-22T21:26:15Z,103,"wc26: conditional_knockout snapshot — final confirmed, Spain champions (match 104 pinned)",JP,Japan,0.000000,0.000000
knockout,a5167964,2026-07-22T23:40:14+02:00,2026-07-22T21:26:15Z,103,"wc26: conditional_knockout snapshot — final confirmed, Spain champions (match 104 pinned)",HR,Croatia,0.000000,0.000000
knockout,a5167964,2026-07-22T23:40:14+02:00,2026-07-22T21:26:15Z,103,"wc26: conditional_knockout snapshot — final confirmed, Spain champions (match 104 pinned)",EC,Ecuador,0.000000,0.000000
knockout,a5167964,2026-07-22T23:40:14+02:00,2026-07-22T21:26:15Z,103,"wc26: conditional_knockout snapshot — final confirmed, Spain champions (match 104 pinned)",TR,Turkey,0.000000,0.000000
knockout,a5167964,2026-07-22T23:40:14+02:00,2026-07-22T21:26:15Z,103,"wc26: conditional_knockout snapshot — final confirmed, Spain champions (match 104 pinned)",UY,Uruguay,0.000000,0.000000
knockout,a5167964,2026-07-22T23:40:14+02:00,2026-07-22T21:26:15Z,103,"wc26: conditional_knockout snapshot — final confirmed, Spain champions (match 104 pinned)",AT,Austria,0.000000,0.000000
knockout,a5167964,2026-07-22T23:40:14+02:00,2026-07-22T21:26:15Z,103,"wc26: conditional_knockout snapshot — final confirmed, Spain champions (match 104 pinned)",SN,Senegal,0.000000,0.000000
knockout,a5167964,2026-07-22T23:40:14+02:00,2026-07-22T21:26:15Z,103,"wc26: conditional_knockout snapshot — final confirmed, Spain champions (match 104 pinned)",PY,Paraguay,0.000000,0.000000
knockout,a5167964,2026-07-22T23:40:14+02:00,2026-07-22T21:26:15Z,103,"wc26: conditional_knockout snapshot — final confirmed, Spain champions (match 104 pinned)",AU,Australia,0.000000,0.000000
knockout,a5167964,2026-07-22T23:40:14+02:00,2026-07-22T21:26:15Z,103,"wc26: conditional_knockout snapshot — final confirmed, Spain champions (match 104 pinned)",IR,Iran,0.000000,0.000000
knockout,a5167964,2026-07-22T23:40:14+02:00,2026-07-22T21:26:15Z,103,"wc26: conditional_knockout snapshot — final confirmed, Spain champions (match 104 pinned)",DZ,Algeria,0.000000,0.000000
knockout,a5167964,2026-07-22T23:40:14+02:00,2026-07-22T21:26:15Z,103,"wc26: conditional_knockout snapshot — final confirmed, Spain champions (match 104 pinned)",US,United States,0.000000,0.000000
knockout,a5167964,2026-07-22T23:40:14+02:00,2026-07-22T21:26:15Z,103,"wc26: conditional_knockout snapshot — final confirmed, Spain champions (match 104 pinned)",SQ,Scotland,0.000000,0.000000
knockout,a5167964,2026-07-22T23:40:14+02:00,2026-07-22T21:26:15Z,103,"wc26: conditional_knockout snapshot — final confirmed, Spain champions (match 104 pinned)",EG,Egypt,0.000000,0.000000
knockout,a5167964,2026-07-22T23:40:14+02:00,2026-07-22T21:26:15Z,103,"wc26: conditional_knockout snapshot — final confirmed, Spain champions (match 104 pinned)",SE,Sweden,0.000000,0.000000
knockout,a5167964,2026-07-22T23:40:14+02:00,2026-07-22T21:26:15Z,103,"wc26: conditional_knockout snapshot — final confirmed, Spain champions (match 104 pinned)",CA,Canada,0.000000,0.000000
knockout,a5167964,2026-07-22T23:40:14+02:00,2026-07-22T21:26:15Z,103,"wc26: conditional_knockout snapshot — final confirmed, Spain champions (match 104 pinned)",CI,Ivory Coast,0.000000,0.000000
knockout,a5167964,2026-07-22T23:40:14+02:00,2026-07-22T21:26:15Z,103,"wc26: conditional_knockout snapshot — final confirmed, Spain champions (match 104 pinned)",KR,South Korea,0.000000,0.000000
knockout,a5167964,2026-07-22T23:40:14+02:00,2026-07-22T21:26:15Z,103,"wc26: conditional_knockout snapshot — final confirmed, Spain champions (match 104 pinned)",CD,DR Congo,0.000000,0.000000
knockout,a5167964,2026-07-22T23:40:14+02:00,2026-07-22T21:26:15Z,103,"wc26: conditional_knockout snapshot — final confirmed, Spain champions (match 104 pinned)",CZ,Czech Republic,0.000000,0.000000
knockout,a5167964,2026-07-22T23:40:14+02:00,2026-07-22T21:26:15Z,103,"wc26: conditional_knockout snapshot — final confirmed, Spain champions (match 104 pinned)",PA,Panama,0.000000,0.000000
knockout,a5167964,2026-07-22T23:40:14+02:00,2026-07-22T21:26:15Z,103,"wc26: conditional_knockout snapshot — final confirmed, Spain champions (match 104 pinned)",UZ,Uzbekistan,0.000000,0.000000
knockout,a5167964,2026-07-22T23:40:14+02:00,2026-07-22T21:26:15Z,103,"wc26: conditional_knockout snapshot — final confirmed, Spain champions (match 104 pinned)",JO,Jordan,0.000000,0.000000
knockout,a5167964,2026-07-22T23:40:14+02:00,2026-07-22T21:26:15Z,103,"wc26: conditional_knockout snapshot — final confirmed, Spain champions (match 104 pinned)",CV,Cape Verde,0.000000,0.000000
knockout,a5167964,2026-07-22T23:40:14+02:00,2026-07-22T21:26:15Z,103,"wc26: conditional_knockout snapshot — final confirmed, Spain champions (match 104 pinned)",BA,Bosnia and Herzegovina,0.000000,0.000000
knockout,a5167964,2026-07-22T23:40:14+02:00,2026-07-22T21:26:15Z,103,"wc26: conditional_knockout snapshot — final confirmed, Spain champions (match 104 pinned)",SA,Saudi Arabia,0.000000,0.000000
knockout,a5167964,2026-07-22T23:40:14+02:00,2026-07-22T21:26:15Z,103,"wc26: conditional_knockout snapshot — final confirmed, Spain champions (match 104 pinned)",GH,Ghana,0.000000,0.000000
knockout,a5167964,2026-07-22T23:40:14+02:00,2026-07-22T21:26:15Z,103,"wc26: conditional_knockout snapshot — final confirmed, Spain champions (match 104 pinned)",TN,Tunisia,0.000000,0.000000
knockout,a5167964,2026-07-22T23:40:14+02:00,2026-07-22T21:26:15Z,103,"wc26: conditional_knockout snapshot — final confirmed, Spain champions (match 104 pinned)",IQ,Iraq,0.000000,0.000000
knockout,a5167964,2026-07-22T23:40:14+02:00,2026-07-22T21:26:15Z,103,"wc26: conditional_knockout snapshot — final confirmed, Spain champions (match 104 pinned)",ZA,South Africa,0.000000,0.000000
knockout,a5167964,2026-07-22T23:40:14+02:00,2026-07-22T21:26:15Z,103,"wc26: conditional_knockout snapshot — final confirmed, Spain champions (match 104 pinned)",NZ,New Zealand,0.000000,0.000000
knockout,a5167964,2026-07-22T23:40:14+02:00,2026-07-22T21:26:15Z,103,"wc26: conditional_knockout snapshot — final confirmed, Spain champions (match 104 pinned)",HT,Haiti,0.000000,0.000000
knockout,a5167964,2026-07-22T23:40:14+02:00,2026-07-22T21:26:15Z,103,"wc26: conditional_knockout snapshot — final confirmed, Spain champions (match 104 pinned)",CW,Curaçao,0.000000,0.000000
knockout,a5167964,2026-07-22T23:40:14+02:00,2026-07-22T21:26:15Z,103,"wc26: conditional_knockout snapshot — final confirmed, Spain champions (match 104 pinned)",QA,Qatar,0.000000,0.000000
